sensitivity_case_id,effect,field,value
0,leverage_effect,return_on_assets,-0.08
1,leverage_effect,return_on_assets,-0.08
2,leverage_effect,return_on_assets,-0.08
3,leverage_effect,return_on_assets,-0.08
4,leverage_effect,return_on_assets,-0.04
5,leverage_effect,return_on_assets,-0.04
6,leverage_effect,return_on_assets,-0.04
7,leverage_effect,return_on_assets,-0.04
8,leverage_effect,return_on_assets,0.0
9,leverage_effect,return_on_assets,0.0
10,leverage_effect,return_on_assets,0.0
11,leverage_effect,return_on_assets,0.0
12,leverage_effect,return_on_assets,0.04
13,leverage_effect,return_on_assets,0.04
14,leverage_effect,return_on_assets,0.04
15,leverage_effect,return_on_assets,0.04
16,leverage_effect,return_on_assets,0.08
17,leverage_effect,return_on_assets,0.08
18,leverage_effect,return_on_assets,0.08
19,leverage_effect,return_on_assets,0.08
20,leverage_effect,return_on_assets,0.12
21,leverage_effect,return_on_assets,0.12
22,leverage_effect,return_on_assets,0.12
23,leverage_effect,return_on_assets,0.12
24,leverage_effect,return_on_assets,0.16
25,leverage_effect,return_on_assets,0.16
26,leverage_effect,return_on_assets,0.16
27,leverage_effect,return_on_assets,0.16
0,leverage_effect,debt_ratio,0.0
1,leverage_effect,debt_ratio,0.25
2,leverage_effect,debt_ratio,0.5
3,leverage_effect,debt_ratio,0.75
4,leverage_effect,debt_ratio,0.0
5,leverage_effect,debt_ratio,0.25
6,leverage_effect,debt_ratio,0.5
7,leverage_effect,debt_ratio,0.75
8,leverage_effect,debt_ratio,0.0
9,leverage_effect,debt_ratio,0.25
10,leverage_effect,debt_ratio,0.5
11,leverage_effect,debt_ratio,0.75
12,leverage_effect,debt_ratio,0.0
13,leverage_effect,debt_ratio,0.25
14,leverage_effect,debt_ratio,0.5
15,leverage_effect,debt_ratio,0.75
16,leverage_effect,debt_ratio,0.0
17,leverage_effect,debt_ratio,0.25
18,leverage_effect,debt_ratio,0.5
19,leverage_effect,debt_ratio,0.75
20,leverage_effect,debt_ratio,0.0
21,leverage_effect,debt_ratio,0.25
22,leverage_effect,debt_ratio,0.5
23,leverage_effect,debt_ratio,0.75
24,leverage_effect,debt_ratio,0.0
25,leverage_effect,debt_ratio,0.25
26,leverage_effect,debt_ratio,0.5
27,leverage_effect,debt_ratio,0.75
0,leverage_effect,roe,-0.08
1,leverage_effect,roe,-0.12666666666666668
2,leverage_effect,roe,-0.22
3,leverage_effect,roe,-0.5
4,leverage_effect,roe,-0.04
5,leverage_effect,roe,-0.07333333333333333
6,leverage_effect,roe,-0.14
7,leverage_effect,roe,-0.34
8,leverage_effect,roe,0.0
9,leverage_effect,roe,-0.02
10,leverage_effect,roe,-0.06
11,leverage_effect,roe,-0.18
12,leverage_effect,roe,0.03
13,leverage_effect,roe,0.025
14,leverage_effect,roe,0.015
15,leverage_effect,roe,-0.02
16,leverage_effect,roe,0.06
17,leverage_effect,roe,0.065
18,leverage_effect,roe,0.075
19,leverage_effect,roe,0.105
20,leverage_effect,roe,0.09
21,leverage_effect,roe,0.105
22,leverage_effect,roe,0.135
23,leverage_effect,roe,0.225
24,leverage_effect,roe,0.12
25,leverage_effect,roe,0.145
26,leverage_effect,roe,0.195
27,leverage_effect,roe,0.345
28,financial_accelerator,asset_price_shock,-0.4
29,financial_accelerator,asset_price_shock,-0.4
30,financial_accelerator,asset_price_shock,-0.4
31,financial_accelerator,asset_price_shock,-0.4
32,financial_accelerator,asset_price_shock,-0.3
33,financial_accelerator,asset_price_shock,-0.3
34,financial_accelerator,asset_price_shock,-0.3
35,financial_accelerator,asset_price_shock,-0.3
36,financial_accelerator,asset_price_shock,-0.19999999999999998
37,financial_accelerator,asset_price_shock,-0.19999999999999998
38,financial_accelerator,asset_price_shock,-0.19999999999999998
39,financial_accelerator,asset_price_shock,-0.19999999999999998
40,financial_accelerator,asset_price_shock,-0.09999999999999998
41,financial_accelerator,asset_price_shock,-0.09999999999999998
42,financial_accelerator,asset_price_shock,-0.09999999999999998
43,financial_accelerator,asset_price_shock,-0.09999999999999998
44,financial_accelerator,asset_price_shock,5.551115123125783e-17
45,financial_accelerator,asset_price_shock,5.551115123125783e-17
46,financial_accelerator,asset_price_shock,5.551115123125783e-17
47,financial_accelerator,asset_price_shock,5.551115123125783e-17
48,financial_accelerator,asset_price_shock,0.10000000000000009
49,financial_accelerator,asset_price_shock,0.10000000000000009
50,financial_accelerator,asset_price_shock,0.10000000000000009
51,financial_accelerator,asset_price_shock,0.10000000000000009
52,financial_accelerator,asset_price_shock,0.2
53,financial_accelerator,asset_price_shock,0.2
54,financial_accelerator,asset_price_shock,0.2
55,financial_accelerator,asset_price_shock,0.2
28,financial_accelerator,collateral_multiplier,1.5
29,financial_accelerator,collateral_multiplier,2.0
30,financial_accelerator,collateral_multiplier,2.5
31,financial_accelerator,collateral_multiplier,3.0
32,financial_accelerator,collateral_multiplier,1.5
33,financial_accelerator,collateral_multiplier,2.0
34,financial_accelerator,collateral_multiplier,2.5
35,financial_accelerator,collateral_multiplier,3.0
36,financial_accelerator,collateral_multiplier,1.5
37,financial_accelerator,collateral_multiplier,2.0
38,financial_accelerator,collateral_multiplier,2.5
39,financial_accelerator,collateral_multiplier,3.0
40,financial_accelerator,collateral_multiplier,1.5
41,financial_accelerator,collateral_multiplier,2.0
42,financial_accelerator,collateral_multiplier,2.5
43,financial_accelerator,collateral_multiplier,3.0
44,financial_accelerator,collateral_multiplier,1.5
45,financial_accelerator,collateral_multiplier,2.0
46,financial_accelerator,collateral_multiplier,2.5
47,financial_accelerator,collateral_multiplier,3.0
48,financial_accelerator,collateral_multiplier,1.5
49,financial_accelerator,collateral_multiplier,2.0
50,financial_accelerator,collateral_multiplier,2.5
51,financial_accelerator,collateral_multiplier,3.0
52,financial_accelerator,collateral_multiplier,1.5
53,financial_accelerator,collateral_multiplier,2.0
54,financial_accelerator,collateral_multiplier,2.5
55,financial_accelerator,collateral_multiplier,3.0
28,financial_accelerator,shocked_net_worth,30.0
29,financial_accelerator,shocked_net_worth,30.0
30,financial_accelerator,shocked_net_worth,30.0
31,financial_accelerator,shocked_net_worth,30.0
32,financial_accelerator,shocked_net_worth,35.0
33,financial_accelerator,shocked_net_worth,35.0
34,financial_accelerator,shocked_net_worth,35.0
35,financial_accelerator,shocked_net_worth,35.0
36,financial_accelerator,shocked_net_worth,40.0
37,financial_accelerator,shocked_net_worth,40.0
38,financial_accelerator,shocked_net_worth,40.0
39,financial_accelerator,shocked_net_worth,40.0
40,financial_accelerator,shocked_net_worth,45.0
41,financial_accelerator,shocked_net_worth,45.0
42,financial_accelerator,shocked_net_worth,45.0
43,financial_accelerator,shocked_net_worth,45.0
44,financial_accelerator,shocked_net_worth,50.0
45,financial_accelerator,shocked_net_worth,50.0
46,financial_accelerator,shocked_net_worth,50.0
47,financial_accelerator,shocked_net_worth,50.0
48,financial_accelerator,shocked_net_worth,55.00000000000001
49,financial_accelerator,shocked_net_worth,55.00000000000001
50,financial_accelerator,shocked_net_worth,55.00000000000001
51,financial_accelerator,shocked_net_worth,55.00000000000001
52,financial_accelerator,shocked_net_worth,60.0
53,financial_accelerator,shocked_net_worth,60.0
54,financial_accelerator,shocked_net_worth,60.0
55,financial_accelerator,shocked_net_worth,60.0
28,financial_accelerator,borrowing_capacity,0.0
29,financial_accelerator,borrowing_capacity,10.0
30,financial_accelerator,borrowing_capacity,25.0
31,financial_accelerator,borrowing_capacity,40.0
32,financial_accelerator,borrowing_capacity,2.5
33,financial_accelerator,borrowing_capacity,20.0
34,financial_accelerator,borrowing_capacity,37.5
35,financial_accelerator,borrowing_capacity,55.0
36,financial_accelerator,borrowing_capacity,10.0
37,financial_accelerator,borrowing_capacity,30.0
38,financial_accelerator,borrowing_capacity,50.0
39,financial_accelerator,borrowing_capacity,70.0
40,financial_accelerator,borrowing_capacity,17.5
41,financial_accelerator,borrowing_capacity,40.0
42,financial_accelerator,borrowing_capacity,62.5
43,financial_accelerator,borrowing_capacity,85.0
44,financial_accelerator,borrowing_capacity,25.0
45,financial_accelerator,borrowing_capacity,50.0
46,financial_accelerator,borrowing_capacity,75.0
47,financial_accelerator,borrowing_capacity,100.0
48,financial_accelerator,borrowing_capacity,32.500000000000014
49,financial_accelerator,borrowing_capacity,60.000000000000014
50,financial_accelerator,borrowing_capacity,87.50000000000003
51,financial_accelerator,borrowing_capacity,115.00000000000003
52,financial_accelerator,borrowing_capacity,40.0
53,financial_accelerator,borrowing_capacity,70.0
54,financial_accelerator,borrowing_capacity,100.0
55,financial_accelerator,borrowing_capacity,130.0
28,financial_accelerator,external_finance_premium,0.07200000000000001
29,financial_accelerator,external_finance_premium,0.07200000000000001
30,financial_accelerator,external_finance_premium,0.07200000000000001
31,financial_accelerator,external_finance_premium,0.07200000000000001
32,financial_accelerator,external_finance_premium,0.064
33,financial_accelerator,external_finance_premium,0.064
34,financial_accelerator,external_finance_premium,0.064
35,financial_accelerator,external_finance_premium,0.064
36,financial_accelerator,external_finance_premium,0.055999999999999994
37,financial_accelerator,external_finance_premium,0.055999999999999994
38,financial_accelerator,external_finance_premium,0.055999999999999994
39,financial_accelerator,external_finance_premium,0.055999999999999994
40,financial_accelerator,external_finance_premium,0.048
41,financial_accelerator,external_finance_premium,0.048
42,financial_accelerator,external_finance_premium,0.048
43,financial_accelerator,external_finance_premium,0.048
44,financial_accelerator,external_finance_premium,0.04
45,financial_accelerator,external_finance_premium,0.04
46,financial_accelerator,external_finance_premium,0.04
47,financial_accelerator,external_finance_premium,0.04
48,financial_accelerator,external_finance_premium,0.04
49,financial_accelerator,external_finance_premium,0.04
50,financial_accelerator,external_finance_premium,0.04
51,financial_accelerator,external_finance_premium,0.04
52,financial_accelerator,external_finance_premium,0.04
53,financial_accelerator,external_finance_premium,0.04
54,financial_accelerator,external_finance_premium,0.04
55,financial_accelerator,external_finance_premium,0.04
28,financial_accelerator,investment,20.0
29,financial_accelerator,investment,23.5
30,financial_accelerator,investment,28.75
31,financial_accelerator,investment,34.0
32,financial_accelerator,investment,20.875
33,financial_accelerator,investment,27.0
34,financial_accelerator,investment,33.125
35,financial_accelerator,investment,39.25
36,financial_accelerator,investment,23.5
37,financial_accelerator,investment,30.5
38,financial_accelerator,investment,37.5
39,financial_accelerator,investment,44.5
40,financial_accelerator,investment,26.125
41,financial_accelerator,investment,34.0
42,financial_accelerator,investment,41.875
43,financial_accelerator,investment,49.75
44,financial_accelerator,investment,28.75
45,financial_accelerator,investment,37.5
46,financial_accelerator,investment,46.25
47,financial_accelerator,investment,55.0
48,financial_accelerator,investment,31.375000000000004
49,financial_accelerator,investment,41.0
50,financial_accelerator,investment,50.62500000000001
51,financial_accelerator,investment,60.25000000000001
52,financial_accelerator,investment,34.0
53,financial_accelerator,investment,44.5
54,financial_accelerator,investment,55.0
55,financial_accelerator,investment,65.5
28,financial_accelerator,investment_change,0.0
29,financial_accelerator,investment_change,3.5
30,financial_accelerator,investment_change,8.75
31,financial_accelerator,investment_change,14.0
32,financial_accelerator,investment_change,0.875
33,financial_accelerator,investment_change,7.0
34,financial_accelerator,investment_change,13.125
35,financial_accelerator,investment_change,19.25
36,financial_accelerator,investment_change,3.5
37,financial_accelerator,investment_change,10.5
38,financial_accelerator,investment_change,17.5
39,financial_accelerator,investment_change,24.5
40,financial_accelerator,investment_change,6.125
41,financial_accelerator,investment_change,14.0
42,financial_accelerator,investment_change,21.875
43,financial_accelerator,investment_change,29.75
44,financial_accelerator,investment_change,8.75
45,financial_accelerator,investment_change,17.5
46,financial_accelerator,investment_change,26.25
47,financial_accelerator,investment_change,35.0
48,financial_accelerator,investment_change,11.375000000000004
49,financial_accelerator,investment_change,21.0
50,financial_accelerator,investment_change,30.625000000000007
51,financial_accelerator,investment_change,40.25000000000001
52,financial_accelerator,investment_change,14.0
53,financial_accelerator,investment_change,24.5
54,financial_accelerator,investment_change,35.0
55,financial_accelerator,investment_change,45.5
56,liquidity_spiral,initial_shock,0.02
57,liquidity_spiral,initial_shock,0.02
58,liquidity_spiral,initial_shock,0.02
59,liquidity_spiral,initial_shock,0.02
60,liquidity_spiral,initial_shock,0.02
61,liquidity_spiral,initial_shock,0.05
62,liquidity_spiral,initial_shock,0.05
63,liquidity_spiral,initial_shock,0.05
64,liquidity_spiral,initial_shock,0.05
65,liquidity_spiral,initial_shock,0.05
66,liquidity_spiral,initial_shock,0.08
67,liquidity_spiral,initial_shock,0.08
68,liquidity_spiral,initial_shock,0.08
69,liquidity_spiral,initial_shock,0.08
70,liquidity_spiral,initial_shock,0.08
71,liquidity_spiral,initial_shock,0.12
72,liquidity_spiral,initial_shock,0.12
73,liquidity_spiral,initial_shock,0.12
74,liquidity_spiral,initial_shock,0.12
75,liquidity_spiral,initial_shock,0.12
76,liquidity_spiral,initial_shock,0.16
77,liquidity_spiral,initial_shock,0.16
78,liquidity_spiral,initial_shock,0.16
79,liquidity_spiral,initial_shock,0.16
80,liquidity_spiral,initial_shock,0.16
81,liquidity_spiral,initial_shock,0.2
82,liquidity_spiral,initial_shock,0.2
83,liquidity_spiral,initial_shock,0.2
84,liquidity_spiral,initial_shock,0.2
85,liquidity_spiral,initial_shock,0.2
56,liquidity_spiral,leverage,2.0
57,liquidity_spiral,leverage,3.0
58,liquidity_spiral,leverage,4.0
59,liquidity_spiral,leverage,5.0
60,liquidity_spiral,leverage,6.0
61,liquidity_spiral,leverage,2.0
62,liquidity_spiral,leverage,3.0
63,liquidity_spiral,leverage,4.0
64,liquidity_spiral,leverage,5.0
65,liquidity_spiral,leverage,6.0
66,liquidity_spiral,leverage,2.0
67,liquidity_spiral,leverage,3.0
68,liquidity_spiral,leverage,4.0
69,liquidity_spiral,leverage,5.0
70,liquidity_spiral,leverage,6.0
71,liquidity_spiral,leverage,2.0
72,liquidity_spiral,leverage,3.0
73,liquidity_spiral,leverage,4.0
74,liquidity_spiral,leverage,5.0
75,liquidity_spiral,leverage,6.0
76,liquidity_spiral,leverage,2.0
77,liquidity_spiral,leverage,3.0
78,liquidity_spiral,leverage,4.0
79,liquidity_spiral,leverage,5.0
80,liquidity_spiral,leverage,6.0
81,liquidity_spiral,leverage,2.0
82,liquidity_spiral,leverage,3.0
83,liquidity_spiral,leverage,4.0
84,liquidity_spiral,leverage,5.0
85,liquidity_spiral,leverage,6.0
56,liquidity_spiral,final_price,0.98
57,liquidity_spiral,final_price,0.98
58,liquidity_spiral,final_price,0.049218196121986156
59,liquidity_spiral,final_price,0.0316666666666667
60,liquidity_spiral,final_price,0.09193751574703948
61,liquidity_spiral,final_price,0.95
62,liquidity_spiral,final_price,0.95
63,liquidity_spiral,final_price,0.059178208679593815
64,liquidity_spiral,final_price,0.07631578947368424
65,liquidity_spiral,final_price,0.10542560103963612
66,liquidity_spiral,final_price,0.92
67,liquidity_spiral,final_price,0.92
68,liquidity_spiral,final_price,0.03000000000000003
69,liquidity_spiral,final_price,0.10144927536231883
70,liquidity_spiral,final_price,0.07740203972088039
71,liquidity_spiral,final_price,0.88
72,liquidity_spiral,final_price,0.12720852335784952
73,liquidity_spiral,final_price,0.08484848484848483
74,liquidity_spiral,final_price,0.06868686868686867
75,liquidity_spiral,final_price,0.03155555555555557
76,liquidity_spiral,final_price,0.84
77,liquidity_spiral,final_price,0.029042915931804757
78,liquidity_spiral,final_price,0.08571428571428569
79,liquidity_spiral,final_price,0.03133333333333336
80,liquidity_spiral,final_price,0.04022222222222225
81,liquidity_spiral,final_price,0.8
82,liquidity_spiral,final_price,0.04938271604938246
83,liquidity_spiral,final_price,0.026666666666666693
84,liquidity_spiral,final_price,0.040000000000000036
85,liquidity_spiral,final_price,0.040000000000000036
56,liquidity_spiral,price_decline,0.020000000000000018
57,liquidity_spiral,price_decline,0.020000000000000018
58,liquidity_spiral,price_decline,0.9507818038780138
59,liquidity_spiral,price_decline,0.9683333333333333
60,liquidity_spiral,price_decline,0.9080624842529605
61,liquidity_spiral,price_decline,0.050000000000000044
62,liquidity_spiral,price_decline,0.050000000000000044
63,liquidity_spiral,price_decline,0.9408217913204062
64,liquidity_spiral,price_decline,0.9236842105263158
65,liquidity_spiral,price_decline,0.8945743989603638
66,liquidity_spiral,price_decline,0.07999999999999996
67,liquidity_spiral,price_decline,0.07999999999999996
68,liquidity_spiral,price_decline,0.97
69,liquidity_spiral,price_decline,0.8985507246376812
70,liquidity_spiral,price_decline,0.9225979602791197
71,liquidity_spiral,price_decline,0.12
72,liquidity_spiral,price_decline,0.8727914766421505
73,liquidity_spiral,price_decline,0.9151515151515152
74,liquidity_spiral,price_decline,0.9313131313131313
75,liquidity_spiral,price_decline,0.9684444444444444
76,liquidity_spiral,price_decline,0.16000000000000003
77,liquidity_spiral,price_decline,0.9709570840681953
78,liquidity_spiral,price_decline,0.9142857142857144
79,liquidity_spiral,price_decline,0.9686666666666667
80,liquidity_spiral,price_decline,0.9597777777777777
81,liquidity_spiral,price_decline,0.19999999999999996
82,liquidity_spiral,price_decline,0.9506172839506175
83,liquidity_spiral,price_decline,0.9733333333333333
84,liquidity_spiral,price_decline,0.96
85,liquidity_spiral,price_decline,0.96
56,liquidity_spiral,final_equity,48.0
57,liquidity_spiral,final_equity,31.333333333333343
58,liquidity_spiral,final_equity,-5.191364709148964
59,liquidity_spiral,final_equity,-7.469387755102034
60,liquidity_spiral,final_equity,-16.728647014361293
61,liquidity_spiral,final_equity,45.0
62,liquidity_spiral,final_equity,28.333333333333343
63,liquidity_spiral,final_equity,-8.188365650969539
64,liquidity_spiral,final_equity,-14.473684210526319
65,liquidity_spiral,final_equity,-19.99025341130604
66,liquidity_spiral,final_equity,42.0
67,liquidity_spiral,final_equity,25.333333333333343
68,liquidity_spiral,final_equity,-6.65217391304347
69,liquidity_spiral,final_equity,-18.608695652173907
70,liquidity_spiral,final_equity,-20.138486312399355
71,liquidity_spiral,final_equity,38.0
72,liquidity_spiral,final_equity,-10.20730591850537
73,liquidity_spiral,final_equity,-15.36363636363636
74,liquidity_spiral,final_equity,-19.151515151515152
75,liquidity_spiral,final_equity,-13.066666666666679
76,liquidity_spiral,final_equity,34.0
77,liquidity_spiral,final_equity,-3.33827160493839
78,liquidity_spiral,final_equity,-18.42857142857143
79,liquidity_spiral,final_equity,-11.2
80,liquidity_spiral,final_equity,-1.86666666666668
81,liquidity_spiral,final_equity,30.0
82,liquidity_spiral,final_equity,-10.370370370370338
83,liquidity_spiral,final_equity,-14.0
84,liquidity_spiral,final_equity,0.0
85,liquidity_spiral,final_equity,-3.3333333333333286
56,liquidity_spiral,forced_sales,0.0
57,liquidity_spiral,forced_sales,0.0
58,liquidity_spiral,forced_sales,100.0
59,liquidity_spiral,forced_sales,100.0
60,liquidity_spiral,forced_sales,100.0
61,liquidity_spiral,forced_sales,0.0
62,liquidity_spiral,forced_sales,0.0
63,liquidity_spiral,forced_sales,100.0
64,liquidity_spiral,forced_sales,100.0
65,liquidity_spiral,forced_sales,100.0
66,liquidity_spiral,forced_sales,0.0
67,liquidity_spiral,forced_sales,0.0
68,liquidity_spiral,forced_sales,100.0
69,liquidity_spiral,forced_sales,100.0
70,liquidity_spiral,forced_sales,100.0
71,liquidity_spiral,forced_sales,0.0
72,liquidity_spiral,forced_sales,100.0
73,liquidity_spiral,forced_sales,100.0
74,liquidity_spiral,forced_sales,100.0
75,liquidity_spiral,forced_sales,100.0
76,liquidity_spiral,forced_sales,0.0
77,liquidity_spiral,forced_sales,100.0
78,liquidity_spiral,forced_sales,100.0
79,liquidity_spiral,forced_sales,100.0
80,liquidity_spiral,forced_sales,100.0
81,liquidity_spiral,forced_sales,0.0
82,liquidity_spiral,forced_sales,100.0
83,liquidity_spiral,forced_sales,100.0
84,liquidity_spiral,forced_sales,100.0
85,liquidity_spiral,forced_sales,100.0
86,margin_spiral,forced_sales,0.0
87,margin_spiral,forced_sales,0.0
88,margin_spiral,forced_sales,0.0
89,margin_spiral,forced_sales,0.0
90,margin_spiral,forced_sales,0.0
91,margin_spiral,forced_sales,4.076927959830304
92,margin_spiral,forced_sales,6.10285612192342
93,margin_spiral,forced_sales,23.034560636079636
94,margin_spiral,forced_sales,71.88759386713637
95,margin_spiral,forced_sales,66.26560039608904
96,margin_spiral,forced_sales,32.88034088550189
97,margin_spiral,forced_sales,42.85220619530084
98,margin_spiral,forced_sales,74.73885515381906
99,margin_spiral,forced_sales,69.3601622156612
100,margin_spiral,forced_sales,70.0954202319105
101,margin_spiral,forced_sales,54.51403078279926
102,margin_spiral,forced_sales,66.0869167350297
103,margin_spiral,forced_sales,72.68172827313381
104,margin_spiral,forced_sales,69.11138613861387
105,margin_spiral,forced_sales,62.301980198019805
106,margin_spiral,forced_sales,71.36316993818033
107,margin_spiral,forced_sales,73.85185185185185
108,margin_spiral,forced_sales,67.7037037037037
109,margin_spiral,forced_sales,61.48148148148148
110,margin_spiral,forced_sales,61.48148148148148
56,liquidity_spiral,rounds,0.0
57,liquidity_spiral,rounds,0.0
58,liquidity_spiral,rounds,3.0
59,liquidity_spiral,rounds,2.0
60,liquidity_spiral,rounds,2.0
61,liquidity_spiral,rounds,0.0
62,liquidity_spiral,rounds,0.0
63,liquidity_spiral,rounds,3.0
64,liquidity_spiral,rounds,2.0
65,liquidity_spiral,rounds,2.0
66,liquidity_spiral,rounds,0.0
67,liquidity_spiral,rounds,0.0
68,liquidity_spiral,rounds,2.0
69,liquidity_spiral,rounds,2.0
70,liquidity_spiral,rounds,2.0
71,liquidity_spiral,rounds,0.0
72,liquidity_spiral,rounds,4.0
73,liquidity_spiral,rounds,2.0
74,liquidity_spiral,rounds,2.0
75,liquidity_spiral,rounds,2.0
76,liquidity_spiral,rounds,0.0
77,liquidity_spiral,rounds,3.0
78,liquidity_spiral,rounds,2.0
79,liquidity_spiral,rounds,2.0
80,liquidity_spiral,rounds,2.0
81,liquidity_spiral,rounds,0.0
82,liquidity_spiral,rounds,2.0
83,liquidity_spiral,rounds,2.0
84,liquidity_spiral,rounds,1.0
85,liquidity_spiral,rounds,1.0
86,margin_spiral,rounds,0.0
87,margin_spiral,rounds,0.0
88,margin_spiral,rounds,0.0
89,margin_spiral,rounds,0.0
90,margin_spiral,rounds,0.0
91,margin_spiral,rounds,8.0
92,margin_spiral,rounds,8.0
93,margin_spiral,rounds,8.0
94,margin_spiral,rounds,7.0
95,margin_spiral,rounds,5.0
96,margin_spiral,rounds,8.0
97,margin_spiral,rounds,8.0
98,margin_spiral,rounds,8.0
99,margin_spiral,rounds,3.0
100,margin_spiral,rounds,2.0
101,margin_spiral,rounds,8.0
102,margin_spiral,rounds,8.0
103,margin_spiral,rounds,2.0
104,margin_spiral,rounds,2.0
105,margin_spiral,rounds,2.0
106,margin_spiral,rounds,8.0
107,margin_spiral,rounds,2.0
108,margin_spiral,rounds,2.0
109,margin_spiral,rounds,1.0
110,margin_spiral,rounds,1.0
56,liquidity_spiral,default_flag,0.0
57,liquidity_spiral,default_flag,0.0
58,liquidity_spiral,default_flag,1.0
59,liquidity_spiral,default_flag,1.0
60,liquidity_spiral,default_flag,1.0
61,liquidity_spiral,default_flag,0.0
62,liquidity_spiral,default_flag,0.0
63,liquidity_spiral,default_flag,1.0
64,liquidity_spiral,default_flag,1.0
65,liquidity_spiral,default_flag,1.0
66,liquidity_spiral,default_flag,0.0
67,liquidity_spiral,default_flag,0.0
68,liquidity_spiral,default_flag,1.0
69,liquidity_spiral,default_flag,1.0
70,liquidity_spiral,default_flag,1.0
71,liquidity_spiral,default_flag,0.0
72,liquidity_spiral,default_flag,1.0
73,liquidity_spiral,default_flag,1.0
74,liquidity_spiral,default_flag,1.0
75,liquidity_spiral,default_flag,1.0
76,liquidity_spiral,default_flag,0.0
77,liquidity_spiral,default_flag,1.0
78,liquidity_spiral,default_flag,1.0
79,liquidity_spiral,default_flag,1.0
80,liquidity_spiral,default_flag,1.0
81,liquidity_spiral,default_flag,0.0
82,liquidity_spiral,default_flag,1.0
83,liquidity_spiral,default_flag,1.0
84,liquidity_spiral,default_flag,1.0
85,liquidity_spiral,default_flag,1.0
86,margin_spiral,volatility_shock,0.02
87,margin_spiral,volatility_shock,0.02
88,margin_spiral,volatility_shock,0.02
89,margin_spiral,volatility_shock,0.02
90,margin_spiral,volatility_shock,0.02
91,margin_spiral,volatility_shock,0.05
92,margin_spiral,volatility_shock,0.05
93,margin_spiral,volatility_shock,0.05
94,margin_spiral,volatility_shock,0.05
95,margin_spiral,volatility_shock,0.05
96,margin_spiral,volatility_shock,0.1
97,margin_spiral,volatility_shock,0.1
98,margin_spiral,volatility_shock,0.1
99,margin_spiral,volatility_shock,0.1
100,margin_spiral,volatility_shock,0.1
101,margin_spiral,volatility_shock,0.15
102,margin_spiral,volatility_shock,0.15
103,margin_spiral,volatility_shock,0.15
104,margin_spiral,volatility_shock,0.15
105,margin_spiral,volatility_shock,0.15
106,margin_spiral,volatility_shock,0.2
107,margin_spiral,volatility_shock,0.2
108,margin_spiral,volatility_shock,0.2
109,margin_spiral,volatility_shock,0.2
110,margin_spiral,volatility_shock,0.2
86,margin_spiral,price_impact,0.05
87,margin_spiral,price_impact,0.1
88,margin_spiral,price_impact,0.2
89,margin_spiral,price_impact,0.35
90,margin_spiral,price_impact,0.5
91,margin_spiral,price_impact,0.05
92,margin_spiral,price_impact,0.1
93,margin_spiral,price_impact,0.2
94,margin_spiral,price_impact,0.35
95,margin_spiral,price_impact,0.5
96,margin_spiral,price_impact,0.05
97,margin_spiral,price_impact,0.1
98,margin_spiral,price_impact,0.2
99,margin_spiral,price_impact,0.35
100,margin_spiral,price_impact,0.5
101,margin_spiral,price_impact,0.05
102,margin_spiral,price_impact,0.1
103,margin_spiral,price_impact,0.2
104,margin_spiral,price_impact,0.35
105,margin_spiral,price_impact,0.5
106,margin_spiral,price_impact,0.05
107,margin_spiral,price_impact,0.1
108,margin_spiral,price_impact,0.2
109,margin_spiral,price_impact,0.35
110,margin_spiral,price_impact,0.5
86,margin_spiral,ending_asset_value,98.0
87,margin_spiral,ending_asset_value,98.0
88,margin_spiral,ending_asset_value,98.0
89,margin_spiral,ending_asset_value,98.0
90,margin_spiral,ending_asset_value,98.0
91,margin_spiral,ending_asset_value,90.71927781209318
92,margin_spiral,ending_asset_value,88.29956082245357
93,margin_spiral,ending_asset_value,69.4126512232113
94,margin_spiral,ending_asset_value,0.0
95,margin_spiral,ending_asset_value,0.0
96,margin_spiral,ending_asset_value,55.47571001322559
97,margin_spiral,ending_asset_value,42.872226731640446
98,margin_spiral,ending_asset_value,0.6311097257717824
99,margin_spiral,ending_asset_value,0.0
100,margin_spiral,ending_asset_value,0.0
101,margin_spiral,ending_asset_value,27.760288876939004
102,margin_spiral,ending_asset_value,12.306631999167736
103,margin_spiral,ending_asset_value,0.0
104,margin_spiral,ending_asset_value,0.0
105,margin_spiral,ending_asset_value,0.0
106,margin_spiral,ending_asset_value,5.068677326600033
107,margin_spiral,ending_asset_value,0.0
108,margin_spiral,ending_asset_value,0.0
109,margin_spiral,ending_asset_value,0.0
110,margin_spiral,ending_asset_value,0.0
86,margin_spiral,ending_equity,23.0
87,margin_spiral,ending_equity,23.0
88,margin_spiral,ending_equity,23.0
89,margin_spiral,ending_equity,23.0
90,margin_spiral,ending_equity,23.0
91,margin_spiral,ending_equity,19.79615608629014
92,margin_spiral,ending_equity,19.39086916567757
93,margin_spiral,ending_equity,15.735441870535247
94,margin_spiral,ending_equity,-3.112406132863624
95,margin_spiral,ending_equity,-8.734399603910967
96,margin_spiral,ending_equity,13.355986191105977
97,margin_spiral,ending_equity,10.715656975603679
98,margin_spiral,ending_equity,0.1051849542952994
99,margin_spiral,ending_equity,-5.639837784338793
100,margin_spiral,ending_equity,-4.904579768089498
101,margin_spiral,ending_equity,7.27429947033043
102,margin_spiral,ending_equity,3.3915119999243455
103,margin_spiral,ending_equity,-2.3182717268661897
104,margin_spiral,ending_equity,-5.888613861386133
105,margin_spiral,ending_equity,-12.698019801980195
106,margin_spiral,ending_equity,1.4318417774571435
107,margin_spiral,ending_equity,-1.1481481481481488
108,margin_spiral,ending_equity,-7.296296296296298
109,margin_spiral,ending_equity,-13.518518518518519
110,margin_spiral,ending_equity,-13.518518518518519
86,margin_spiral,ending_haircut,0.20700000000000002
87,margin_spiral,ending_haircut,0.20700000000000002
88,margin_spiral,ending_haircut,0.20700000000000002
89,margin_spiral,ending_haircut,0.20700000000000002
90,margin_spiral,ending_haircut,0.20700000000000002
91,margin_spiral,ending_haircut,0.21821345369798448
92,margin_spiral,ending_haircut,0.2196319579201284
93,margin_spiral,ending_haircut,0.23242595345312678
94,margin_spiral,ending_haircut,0.30556230248724203
95,margin_spiral,ending_haircut,0.3334648006931558
96,margin_spiral,ending_haircut,0.24075404833112907
97,margin_spiral,ending_haircut,0.24999520058538716
98,margin_spiral,ending_haircut,0.2871318526599665
99,margin_spiral,ending_haircut,0.31996619871418497
100,margin_spiral,ending_haircut,0.3576669854058434
101,margin_spiral,ending_haircut,0.26203995185384354
102,margin_spiral,ending_haircut,0.2756297080002648
103,margin_spiral,ending_haircut,0.30337720979119365
104,margin_spiral,ending_haircut,0.33716144801980197
105,margin_spiral,ending_haircut,0.36152846534653466
106,margin_spiral,ending_haircut,0.2824885537789
107,margin_spiral,ending_haircut,0.29584814814814814
108,margin_spiral,ending_haircut,0.3173925925925926
109,margin_spiral,ending_haircut,0.3453148148148148
110,margin_spiral,ending_haircut,0.3775925925925926
356,leverage_cycle,ending_haircut,0.28
357,leverage_cycle,ending_haircut,0.31
358,leverage_cycle,ending_haircut,0.33999999999999997
359,leverage_cycle,ending_haircut,0.37
360,leverage_cycle,ending_haircut,0.4
361,leverage_cycle,ending_haircut,0.27
362,leverage_cycle,ending_haircut,0.29000000000000004
363,leverage_cycle,ending_haircut,0.31
364,leverage_cycle,ending_haircut,0.33
365,leverage_cycle,ending_haircut,0.35
366,leverage_cycle,ending_haircut,0.26
367,leverage_cycle,ending_haircut,0.27
368,leverage_cycle,ending_haircut,0.28
369,leverage_cycle,ending_haircut,0.29000000000000004
370,leverage_cycle,ending_haircut,0.3
371,leverage_cycle,ending_haircut,0.25
372,leverage_cycle,ending_haircut,0.25
373,leverage_cycle,ending_haircut,0.25
374,leverage_cycle,ending_haircut,0.25
375,leverage_cycle,ending_haircut,0.25
376,leverage_cycle,ending_haircut,0.24
377,leverage_cycle,ending_haircut,0.22999999999999998
378,leverage_cycle,ending_haircut,0.22
379,leverage_cycle,ending_haircut,0.21
380,leverage_cycle,ending_haircut,0.2
381,leverage_cycle,ending_haircut,0.22999999999999998
382,leverage_cycle,ending_haircut,0.21
383,leverage_cycle,ending_haircut,0.19
384,leverage_cycle,ending_haircut,0.16999999999999998
385,leverage_cycle,ending_haircut,0.15
386,leverage_cycle,ending_haircut,0.22
387,leverage_cycle,ending_haircut,0.19
388,leverage_cycle,ending_haircut,0.16
389,leverage_cycle,ending_haircut,0.13
390,leverage_cycle,ending_haircut,0.1
111,cash_flow_waterfall,revenue,90.0
112,cash_flow_waterfall,revenue,90.0
113,cash_flow_waterfall,revenue,90.0
114,cash_flow_waterfall,revenue,90.0
115,cash_flow_waterfall,revenue,90.0
116,cash_flow_waterfall,revenue,105.0
117,cash_flow_waterfall,revenue,105.0
118,cash_flow_waterfall,revenue,105.0
119,cash_flow_waterfall,revenue,105.0
120,cash_flow_waterfall,revenue,105.0
121,cash_flow_waterfall,revenue,120.0
122,cash_flow_waterfall,revenue,120.0
123,cash_flow_waterfall,revenue,120.0
124,cash_flow_waterfall,revenue,120.0
125,cash_flow_waterfall,revenue,120.0
126,cash_flow_waterfall,revenue,135.0
127,cash_flow_waterfall,revenue,135.0
128,cash_flow_waterfall,revenue,135.0
129,cash_flow_waterfall,revenue,135.0
130,cash_flow_waterfall,revenue,135.0
131,cash_flow_waterfall,revenue,150.0
132,cash_flow_waterfall,revenue,150.0
133,cash_flow_waterfall,revenue,150.0
134,cash_flow_waterfall,revenue,150.0
135,cash_flow_waterfall,revenue,150.0
111,cash_flow_waterfall,carry_rate,0.1
112,cash_flow_waterfall,carry_rate,0.15
113,cash_flow_waterfall,carry_rate,0.2
114,cash_flow_waterfall,carry_rate,0.25
115,cash_flow_waterfall,carry_rate,0.3
116,cash_flow_waterfall,carry_rate,0.1
117,cash_flow_waterfall,carry_rate,0.15
118,cash_flow_waterfall,carry_rate,0.2
119,cash_flow_waterfall,carry_rate,0.25
120,cash_flow_waterfall,carry_rate,0.3
121,cash_flow_waterfall,carry_rate,0.1
122,cash_flow_waterfall,carry_rate,0.15
123,cash_flow_waterfall,carry_rate,0.2
124,cash_flow_waterfall,carry_rate,0.25
125,cash_flow_waterfall,carry_rate,0.3
126,cash_flow_waterfall,carry_rate,0.1
127,cash_flow_waterfall,carry_rate,0.15
128,cash_flow_waterfall,carry_rate,0.2
129,cash_flow_waterfall,carry_rate,0.25
130,cash_flow_waterfall,carry_rate,0.3
131,cash_flow_waterfall,carry_rate,0.1
132,cash_flow_waterfall,carry_rate,0.15
133,cash_flow_waterfall,carry_rate,0.2
134,cash_flow_waterfall,carry_rate,0.25
135,cash_flow_waterfall,carry_rate,0.3
111,cash_flow_waterfall,ebitda,18.0
112,cash_flow_waterfall,ebitda,18.0
113,cash_flow_waterfall,ebitda,18.0
114,cash_flow_waterfall,ebitda,18.0
115,cash_flow_waterfall,ebitda,18.0
116,cash_flow_waterfall,ebitda,33.0
117,cash_flow_waterfall,ebitda,33.0
118,cash_flow_waterfall,ebitda,33.0
119,cash_flow_waterfall,ebitda,33.0
120,cash_flow_waterfall,ebitda,33.0
121,cash_flow_waterfall,ebitda,48.0
122,cash_flow_waterfall,ebitda,48.0
123,cash_flow_waterfall,ebitda,48.0
124,cash_flow_waterfall,ebitda,48.0
125,cash_flow_waterfall,ebitda,48.0
126,cash_flow_waterfall,ebitda,63.0
127,cash_flow_waterfall,ebitda,63.0
128,cash_flow_waterfall,ebitda,63.0
129,cash_flow_waterfall,ebitda,63.0
130,cash_flow_waterfall,ebitda,63.0
131,cash_flow_waterfall,ebitda,78.0
132,cash_flow_waterfall,ebitda,78.0
133,cash_flow_waterfall,ebitda,78.0
134,cash_flow_waterfall,ebitda,78.0
135,cash_flow_waterfall,ebitda,78.0
111,cash_flow_waterfall,taxes,0.24999999999999956
112,cash_flow_waterfall,taxes,0.24999999999999956
113,cash_flow_waterfall,taxes,0.24999999999999956
114,cash_flow_waterfall,taxes,0.24999999999999956
115,cash_flow_waterfall,taxes,0.24999999999999956
116,cash_flow_waterfall,taxes,3.9999999999999996
117,cash_flow_waterfall,taxes,3.9999999999999996
118,cash_flow_waterfall,taxes,3.9999999999999996
119,cash_flow_waterfall,taxes,3.9999999999999996
120,cash_flow_waterfall,taxes,3.9999999999999996
121,cash_flow_waterfall,taxes,7.75
122,cash_flow_waterfall,taxes,7.75
123,cash_flow_waterfall,taxes,7.75
124,cash_flow_waterfall,taxes,7.75
125,cash_flow_waterfall,taxes,7.75
126,cash_flow_waterfall,taxes,11.5
127,cash_flow_waterfall,taxes,11.5
128,cash_flow_waterfall,taxes,11.5
129,cash_flow_waterfall,taxes,11.5
130,cash_flow_waterfall,taxes,11.5
131,cash_flow_waterfall,taxes,15.250000000000002
132,cash_flow_waterfall,taxes,15.250000000000002
133,cash_flow_waterfall,taxes,15.250000000000002
134,cash_flow_waterfall,taxes,15.250000000000002
135,cash_flow_waterfall,taxes,15.250000000000002
111,cash_flow_waterfall,senior_interest,12.600000000000001
112,cash_flow_waterfall,senior_interest,12.600000000000001
113,cash_flow_waterfall,senior_interest,12.600000000000001
114,cash_flow_waterfall,senior_interest,12.600000000000001
115,cash_flow_waterfall,senior_interest,12.600000000000001
116,cash_flow_waterfall,senior_interest,12.600000000000001
117,cash_flow_waterfall,senior_interest,12.600000000000001
118,cash_flow_waterfall,senior_interest,12.600000000000001
119,cash_flow_waterfall,senior_interest,12.600000000000001
120,cash_flow_waterfall,senior_interest,12.600000000000001
121,cash_flow_waterfall,senior_interest,12.600000000000001
122,cash_flow_waterfall,senior_interest,12.600000000000001
123,cash_flow_waterfall,senior_interest,12.600000000000001
124,cash_flow_waterfall,senior_interest,12.600000000000001
125,cash_flow_waterfall,senior_interest,12.600000000000001
126,cash_flow_waterfall,senior_interest,12.600000000000001
127,cash_flow_waterfall,senior_interest,12.600000000000001
128,cash_flow_waterfall,senior_interest,12.600000000000001
129,cash_flow_waterfall,senior_interest,12.600000000000001
130,cash_flow_waterfall,senior_interest,12.600000000000001
131,cash_flow_waterfall,senior_interest,12.600000000000001
132,cash_flow_waterfall,senior_interest,12.600000000000001
133,cash_flow_waterfall,senior_interest,12.600000000000001
134,cash_flow_waterfall,senior_interest,12.600000000000001
135,cash_flow_waterfall,senior_interest,12.600000000000001
111,cash_flow_waterfall,senior_principal,5.149999999999999
112,cash_flow_waterfall,senior_principal,5.149999999999999
113,cash_flow_waterfall,senior_principal,5.149999999999999
114,cash_flow_waterfall,senior_principal,5.149999999999999
115,cash_flow_waterfall,senior_principal,5.149999999999999
116,cash_flow_waterfall,senior_principal,16.4
117,cash_flow_waterfall,senior_principal,16.4
118,cash_flow_waterfall,senior_principal,16.4
119,cash_flow_waterfall,senior_principal,16.4
120,cash_flow_waterfall,senior_principal,16.4
121,cash_flow_waterfall,senior_principal,20.0
122,cash_flow_waterfall,senior_principal,20.0
123,cash_flow_waterfall,senior_principal,20.0
124,cash_flow_waterfall,senior_principal,20.0
125,cash_flow_waterfall,senior_principal,20.0
126,cash_flow_waterfall,senior_principal,20.0
127,cash_flow_waterfall,senior_principal,20.0
128,cash_flow_waterfall,senior_principal,20.0
129,cash_flow_waterfall,senior_principal,20.0
130,cash_flow_waterfall,senior_principal,20.0
131,cash_flow_waterfall,senior_principal,20.0
132,cash_flow_waterfall,senior_principal,20.0
133,cash_flow_waterfall,senior_principal,20.0
134,cash_flow_waterfall,senior_principal,20.0
135,cash_flow_waterfall,senior_principal,20.0
111,cash_flow_waterfall,mezzanine_interest,0.0
112,cash_flow_waterfall,mezzanine_interest,0.0
113,cash_flow_waterfall,mezzanine_interest,0.0
114,cash_flow_waterfall,mezzanine_interest,0.0
115,cash_flow_waterfall,mezzanine_interest,0.0
116,cash_flow_waterfall,mezzanine_interest,0.0
117,cash_flow_waterfall,mezzanine_interest,0.0
118,cash_flow_waterfall,mezzanine_interest,0.0
119,cash_flow_waterfall,mezzanine_interest,0.0
120,cash_flow_waterfall,mezzanine_interest,0.0
121,cash_flow_waterfall,mezzanine_interest,4.4
122,cash_flow_waterfall,mezzanine_interest,4.4
123,cash_flow_waterfall,mezzanine_interest,4.4
124,cash_flow_waterfall,mezzanine_interest,4.4
125,cash_flow_waterfall,mezzanine_interest,4.4
126,cash_flow_waterfall,mezzanine_interest,4.4
127,cash_flow_waterfall,mezzanine_interest,4.4
128,cash_flow_waterfall,mezzanine_interest,4.4
129,cash_flow_waterfall,mezzanine_interest,4.4
130,cash_flow_waterfall,mezzanine_interest,4.4
131,cash_flow_waterfall,mezzanine_interest,4.4
132,cash_flow_waterfall,mezzanine_interest,4.4
133,cash_flow_waterfall,mezzanine_interest,4.4
134,cash_flow_waterfall,mezzanine_interest,4.4
135,cash_flow_waterfall,mezzanine_interest,4.4
111,cash_flow_waterfall,mezzanine_principal,0.0
112,cash_flow_waterfall,mezzanine_principal,0.0
113,cash_flow_waterfall,mezzanine_principal,0.0
114,cash_flow_waterfall,mezzanine_principal,0.0
115,cash_flow_waterfall,mezzanine_principal,0.0
116,cash_flow_waterfall,mezzanine_principal,0.0
117,cash_flow_waterfall,mezzanine_principal,0.0
118,cash_flow_waterfall,mezzanine_principal,0.0
119,cash_flow_waterfall,mezzanine_principal,0.0
120,cash_flow_waterfall,mezzanine_principal,0.0
121,cash_flow_waterfall,mezzanine_principal,3.2499999999999982
122,cash_flow_waterfall,mezzanine_principal,3.2499999999999982
123,cash_flow_waterfall,mezzanine_principal,3.2499999999999982
124,cash_flow_waterfall,mezzanine_principal,3.2499999999999982
125,cash_flow_waterfall,mezzanine_principal,3.2499999999999982
126,cash_flow_waterfall,mezzanine_principal,5.0
127,cash_flow_waterfall,mezzanine_principal,5.0
128,cash_flow_waterfall,mezzanine_principal,5.0
129,cash_flow_waterfall,mezzanine_principal,5.0
130,cash_flow_waterfall,mezzanine_principal,5.0
131,cash_flow_waterfall,mezzanine_principal,5.0
132,cash_flow_waterfall,mezzanine_principal,5.0
133,cash_flow_waterfall,mezzanine_principal,5.0
134,cash_flow_waterfall,mezzanine_principal,5.0
135,cash_flow_waterfall,mezzanine_principal,5.0
111,cash_flow_waterfall,lp_preferred_return,0.0
112,cash_flow_waterfall,lp_preferred_return,0.0
113,cash_flow_waterfall,lp_preferred_return,0.0
114,cash_flow_waterfall,lp_preferred_return,0.0
115,cash_flow_waterfall,lp_preferred_return,0.0
116,cash_flow_waterfall,lp_preferred_return,0.0
117,cash_flow_waterfall,lp_preferred_return,0.0
118,cash_flow_waterfall,lp_preferred_return,0.0
119,cash_flow_waterfall,lp_preferred_return,0.0
120,cash_flow_waterfall,lp_preferred_return,0.0
121,cash_flow_waterfall,lp_preferred_return,0.0
122,cash_flow_waterfall,lp_preferred_return,0.0
123,cash_flow_waterfall,lp_preferred_return,0.0
124,cash_flow_waterfall,lp_preferred_return,0.0
125,cash_flow_waterfall,lp_preferred_return,0.0
126,cash_flow_waterfall,lp_preferred_return,8.0
127,cash_flow_waterfall,lp_preferred_return,8.0
128,cash_flow_waterfall,lp_preferred_return,8.0
129,cash_flow_waterfall,lp_preferred_return,8.0
130,cash_flow_waterfall,lp_preferred_return,8.0
131,cash_flow_waterfall,lp_preferred_return,8.0
132,cash_flow_waterfall,lp_preferred_return,8.0
133,cash_flow_waterfall,lp_preferred_return,8.0
134,cash_flow_waterfall,lp_preferred_return,8.0
135,cash_flow_waterfall,lp_preferred_return,8.0
111,cash_flow_waterfall,sponsor_catch_up,0.0
112,cash_flow_waterfall,sponsor_catch_up,0.0
113,cash_flow_waterfall,sponsor_catch_up,0.0
114,cash_flow_waterfall,sponsor_catch_up,0.0
115,cash_flow_waterfall,sponsor_catch_up,0.0
116,cash_flow_waterfall,sponsor_catch_up,0.0
117,cash_flow_waterfall,sponsor_catch_up,0.0
118,cash_flow_waterfall,sponsor_catch_up,0.0
119,cash_flow_waterfall,sponsor_catch_up,0.0
120,cash_flow_waterfall,sponsor_catch_up,0.0
121,cash_flow_waterfall,sponsor_catch_up,0.0
122,cash_flow_waterfall,sponsor_catch_up,0.0
123,cash_flow_waterfall,sponsor_catch_up,0.0
124,cash_flow_waterfall,sponsor_catch_up,0.0
125,cash_flow_waterfall,sponsor_catch_up,0.0
126,cash_flow_waterfall,sponsor_catch_up,0.888888888888889
127,cash_flow_waterfall,sponsor_catch_up,1.411764705882353
128,cash_flow_waterfall,sponsor_catch_up,1.4999999999999982
129,cash_flow_waterfall,sponsor_catch_up,1.4999999999999982
130,cash_flow_waterfall,sponsor_catch_up,1.4999999999999982
131,cash_flow_waterfall,sponsor_catch_up,0.888888888888889
132,cash_flow_waterfall,sponsor_catch_up,1.411764705882353
133,cash_flow_waterfall,sponsor_catch_up,2.0
134,cash_flow_waterfall,sponsor_catch_up,2.6666666666666665
135,cash_flow_waterfall,sponsor_catch_up,3.428571428571429
111,cash_flow_waterfall,sponsor_carry,0.0
112,cash_flow_waterfall,sponsor_carry,0.0
113,cash_flow_waterfall,sponsor_carry,0.0
114,cash_flow_waterfall,sponsor_carry,0.0
115,cash_flow_waterfall,sponsor_carry,0.0
116,cash_flow_waterfall,sponsor_carry,0.0
117,cash_flow_waterfall,sponsor_carry,0.0
118,cash_flow_waterfall,sponsor_carry,0.0
119,cash_flow_waterfall,sponsor_carry,0.0
120,cash_flow_waterfall,sponsor_carry,0.0
121,cash_flow_waterfall,sponsor_carry,0.0
122,cash_flow_waterfall,sponsor_carry,0.0
123,cash_flow_waterfall,sponsor_carry,0.0
124,cash_flow_waterfall,sponsor_carry,0.0
125,cash_flow_waterfall,sponsor_carry,0.0
126,cash_flow_waterfall,sponsor_carry,0.06111111111111093
127,cash_flow_waterfall,sponsor_carry,0.013235294117646778
128,cash_flow_waterfall,sponsor_carry,0.0
129,cash_flow_waterfall,sponsor_carry,0.0
130,cash_flow_waterfall,sponsor_carry,0.0
131,cash_flow_waterfall,sponsor_carry,1.1861111111111111
132,cash_flow_waterfall,sponsor_carry,1.700735294117647
133,cash_flow_waterfall,sponsor_carry,2.15
134,cash_flow_waterfall,sponsor_carry,2.5208333333333335
135,cash_flow_waterfall,sponsor_carry,2.7964285714285713
111,cash_flow_waterfall,lp_residual,0.0
112,cash_flow_waterfall,lp_residual,0.0
113,cash_flow_waterfall,lp_residual,0.0
114,cash_flow_waterfall,lp_residual,0.0
115,cash_flow_waterfall,lp_residual,0.0
116,cash_flow_waterfall,lp_residual,0.0
117,cash_flow_waterfall,lp_residual,0.0
118,cash_flow_waterfall,lp_residual,0.0
119,cash_flow_waterfall,lp_residual,0.0
120,cash_flow_waterfall,lp_residual,0.0
121,cash_flow_waterfall,lp_residual,0.0
122,cash_flow_waterfall,lp_residual,0.0
123,cash_flow_waterfall,lp_residual,0.0
124,cash_flow_waterfall,lp_residual,0.0
125,cash_flow_waterfall,lp_residual,0.0
126,cash_flow_waterfall,lp_residual,0.5499999999999984
127,cash_flow_waterfall,lp_residual,0.07499999999999842
128,cash_flow_waterfall,lp_residual,0.0
129,cash_flow_waterfall,lp_residual,0.0
130,cash_flow_waterfall,lp_residual,0.0
131,cash_flow_waterfall,lp_residual,10.675
132,cash_flow_waterfall,lp_residual,9.6375
133,cash_flow_waterfall,lp_residual,8.6
134,cash_flow_waterfall,lp_residual,7.5625
135,cash_flow_waterfall,lp_residual,6.5249999999999995
111,cash_flow_waterfall,lp_distribution,0.0
112,cash_flow_waterfall,lp_distribution,0.0
113,cash_flow_waterfall,lp_distribution,0.0
114,cash_flow_waterfall,lp_distribution,0.0
115,cash_flow_waterfall,lp_distribution,0.0
116,cash_flow_waterfall,lp_distribution,0.0
117,cash_flow_waterfall,lp_distribution,0.0
118,cash_flow_waterfall,lp_distribution,0.0
119,cash_flow_waterfall,lp_distribution,0.0
120,cash_flow_waterfall,lp_distribution,0.0
121,cash_flow_waterfall,lp_distribution,0.0
122,cash_flow_waterfall,lp_distribution,0.0
123,cash_flow_waterfall,lp_distribution,0.0
124,cash_flow_waterfall,lp_distribution,0.0
125,cash_flow_waterfall,lp_distribution,0.0
126,cash_flow_waterfall,lp_distribution,8.549999999999999
127,cash_flow_waterfall,lp_distribution,8.075
128,cash_flow_waterfall,lp_distribution,8.0
129,cash_flow_waterfall,lp_distribution,8.0
130,cash_flow_waterfall,lp_distribution,8.0
131,cash_flow_waterfall,lp_distribution,18.675
132,cash_flow_waterfall,lp_distribution,17.6375
133,cash_flow_waterfall,lp_distribution,16.6
134,cash_flow_waterfall,lp_distribution,15.5625
135,cash_flow_waterfall,lp_distribution,14.524999999999999
111,cash_flow_waterfall,sponsor_distribution,0.0
112,cash_flow_waterfall,sponsor_distribution,0.0
113,cash_flow_waterfall,sponsor_distribution,0.0
114,cash_flow_waterfall,sponsor_distribution,0.0
115,cash_flow_waterfall,sponsor_distribution,0.0
116,cash_flow_waterfall,sponsor_distribution,0.0
117,cash_flow_waterfall,sponsor_distribution,0.0
118,cash_flow_waterfall,sponsor_distribution,0.0
119,cash_flow_waterfall,sponsor_distribution,0.0
120,cash_flow_waterfall,sponsor_distribution,0.0
121,cash_flow_waterfall,sponsor_distribution,0.0
122,cash_flow_waterfall,sponsor_distribution,0.0
123,cash_flow_waterfall,sponsor_distribution,0.0
124,cash_flow_waterfall,sponsor_distribution,0.0
125,cash_flow_waterfall,sponsor_distribution,0.0
126,cash_flow_waterfall,sponsor_distribution,0.9499999999999998
127,cash_flow_waterfall,sponsor_distribution,1.4249999999999998
128,cash_flow_waterfall,sponsor_distribution,1.4999999999999982
129,cash_flow_waterfall,sponsor_distribution,1.4999999999999982
130,cash_flow_waterfall,sponsor_distribution,1.4999999999999982
131,cash_flow_waterfall,sponsor_distribution,2.075
132,cash_flow_waterfall,sponsor_distribution,3.1125
133,cash_flow_waterfall,sponsor_distribution,4.15
134,cash_flow_waterfall,sponsor_distribution,5.1875
135,cash_flow_waterfall,sponsor_distribution,6.225
111,cash_flow_waterfall,total_equity_distribution,0.0
112,cash_flow_waterfall,total_equity_distribution,0.0
113,cash_flow_waterfall,total_equity_distribution,0.0
114,cash_flow_waterfall,total_equity_distribution,0.0
115,cash_flow_waterfall,total_equity_distribution,0.0
116,cash_flow_waterfall,total_equity_distribution,0.0
117,cash_flow_waterfall,total_equity_distribution,0.0
118,cash_flow_waterfall,total_equity_distribution,0.0
119,cash_flow_waterfall,total_equity_distribution,0.0
120,cash_flow_waterfall,total_equity_distribution,0.0
121,cash_flow_waterfall,total_equity_distribution,0.0
122,cash_flow_waterfall,total_equity_distribution,0.0
123,cash_flow_waterfall,total_equity_distribution,0.0
124,cash_flow_waterfall,total_equity_distribution,0.0
125,cash_flow_waterfall,total_equity_distribution,0.0
126,cash_flow_waterfall,total_equity_distribution,9.499999999999998
127,cash_flow_waterfall,total_equity_distribution,9.5
128,cash_flow_waterfall,total_equity_distribution,9.499999999999998
129,cash_flow_waterfall,total_equity_distribution,9.499999999999998
130,cash_flow_waterfall,total_equity_distribution,9.499999999999998
131,cash_flow_waterfall,total_equity_distribution,20.75
132,cash_flow_waterfall,total_equity_distribution,20.75
133,cash_flow_waterfall,total_equity_distribution,20.75
134,cash_flow_waterfall,total_equity_distribution,20.75
135,cash_flow_waterfall,total_equity_distribution,20.75
111,cash_flow_waterfall,unpaid_debt_service,4.4
112,cash_flow_waterfall,unpaid_debt_service,4.4
113,cash_flow_waterfall,unpaid_debt_service,4.4
114,cash_flow_waterfall,unpaid_debt_service,4.4
115,cash_flow_waterfall,unpaid_debt_service,4.4
116,cash_flow_waterfall,unpaid_debt_service,4.4
117,cash_flow_waterfall,unpaid_debt_service,4.4
118,cash_flow_waterfall,unpaid_debt_service,4.4
119,cash_flow_waterfall,unpaid_debt_service,4.4
120,cash_flow_waterfall,unpaid_debt_service,4.4
121,cash_flow_waterfall,unpaid_debt_service,0.0
122,cash_flow_waterfall,unpaid_debt_service,0.0
123,cash_flow_waterfall,unpaid_debt_service,0.0
124,cash_flow_waterfall,unpaid_debt_service,0.0
125,cash_flow_waterfall,unpaid_debt_service,0.0
126,cash_flow_waterfall,unpaid_debt_service,0.0
127,cash_flow_waterfall,unpaid_debt_service,0.0
128,cash_flow_waterfall,unpaid_debt_service,0.0
129,cash_flow_waterfall,unpaid_debt_service,0.0
130,cash_flow_waterfall,unpaid_debt_service,0.0
131,cash_flow_waterfall,unpaid_debt_service,0.0
132,cash_flow_waterfall,unpaid_debt_service,0.0
133,cash_flow_waterfall,unpaid_debt_service,0.0
134,cash_flow_waterfall,unpaid_debt_service,0.0
135,cash_flow_waterfall,unpaid_debt_service,0.0
136,interest_rate_effect,maturity_years,2.0
137,interest_rate_effect,maturity_years,2.0
138,interest_rate_effect,maturity_years,2.0
139,interest_rate_effect,maturity_years,2.0
140,interest_rate_effect,maturity_years,2.0
141,interest_rate_effect,maturity_years,5.0
142,interest_rate_effect,maturity_years,5.0
143,interest_rate_effect,maturity_years,5.0
144,interest_rate_effect,maturity_years,5.0
145,interest_rate_effect,maturity_years,5.0
146,interest_rate_effect,maturity_years,10.0
147,interest_rate_effect,maturity_years,10.0
148,interest_rate_effect,maturity_years,10.0
149,interest_rate_effect,maturity_years,10.0
150,interest_rate_effect,maturity_years,10.0
151,interest_rate_effect,maturity_years,20.0
152,interest_rate_effect,maturity_years,20.0
153,interest_rate_effect,maturity_years,20.0
154,interest_rate_effect,maturity_years,20.0
155,interest_rate_effect,maturity_years,20.0
156,interest_rate_effect,maturity_years,30.0
157,interest_rate_effect,maturity_years,30.0
158,interest_rate_effect,maturity_years,30.0
159,interest_rate_effect,maturity_years,30.0
160,interest_rate_effect,maturity_years,30.0
161,duration_effect,maturity_years,2.0
162,duration_effect,maturity_years,5.0
163,duration_effect,maturity_years,10.0
164,duration_effect,maturity_years,20.0
165,duration_effect,maturity_years,30.0
166,duration_effect,maturity_years,2.0
167,duration_effect,maturity_years,5.0
168,duration_effect,maturity_years,10.0
169,duration_effect,maturity_years,20.0
170,duration_effect,maturity_years,30.0
171,duration_effect,maturity_years,2.0
172,duration_effect,maturity_years,5.0
173,duration_effect,maturity_years,10.0
174,duration_effect,maturity_years,20.0
175,duration_effect,maturity_years,30.0
176,duration_effect,maturity_years,2.0
177,duration_effect,maturity_years,5.0
178,duration_effect,maturity_years,10.0
179,duration_effect,maturity_years,20.0
180,duration_effect,maturity_years,30.0
181,duration_effect,maturity_years,2.0
182,duration_effect,maturity_years,5.0
183,duration_effect,maturity_years,10.0
184,duration_effect,maturity_years,20.0
185,duration_effect,maturity_years,30.0
136,interest_rate_effect,yield_shift,-0.02
137,interest_rate_effect,yield_shift,-0.01
138,interest_rate_effect,yield_shift,0.0
139,interest_rate_effect,yield_shift,0.01
140,interest_rate_effect,yield_shift,0.02
141,interest_rate_effect,yield_shift,-0.02
142,interest_rate_effect,yield_shift,-0.01
143,interest_rate_effect,yield_shift,0.0
144,interest_rate_effect,yield_shift,0.01
145,interest_rate_effect,yield_shift,0.02
146,interest_rate_effect,yield_shift,-0.02
147,interest_rate_effect,yield_shift,-0.01
148,interest_rate_effect,yield_shift,0.0
149,interest_rate_effect,yield_shift,0.01
150,interest_rate_effect,yield_shift,0.02
151,interest_rate_effect,yield_shift,-0.02
152,interest_rate_effect,yield_shift,-0.01
153,interest_rate_effect,yield_shift,0.0
154,interest_rate_effect,yield_shift,0.01
155,interest_rate_effect,yield_shift,0.02
156,interest_rate_effect,yield_shift,-0.02
157,interest_rate_effect,yield_shift,-0.01
158,interest_rate_effect,yield_shift,0.0
159,interest_rate_effect,yield_shift,0.01
160,interest_rate_effect,yield_shift,0.02
136,interest_rate_effect,initial_price,1000.0000000000003
137,interest_rate_effect,initial_price,1000.0000000000003
138,interest_rate_effect,initial_price,1000.0000000000003
139,interest_rate_effect,initial_price,1000.0000000000003
140,interest_rate_effect,initial_price,1000.0000000000003
141,interest_rate_effect,initial_price,1000.0000000000008
142,interest_rate_effect,initial_price,1000.0000000000008
143,interest_rate_effect,initial_price,1000.0000000000008
144,interest_rate_effect,initial_price,1000.0000000000008
145,interest_rate_effect,initial_price,1000.0000000000008
146,interest_rate_effect,initial_price,1000.0000000000016
147,interest_rate_effect,initial_price,1000.0000000000016
148,interest_rate_effect,initial_price,1000.0000000000016
149,interest_rate_effect,initial_price,1000.0000000000016
150,interest_rate_effect,initial_price,1000.0000000000016
151,interest_rate_effect,initial_price,1000.0000000000023
152,interest_rate_effect,initial_price,1000.0000000000023
153,interest_rate_effect,initial_price,1000.0000000000023
154,interest_rate_effect,initial_price,1000.0000000000023
155,interest_rate_effect,initial_price,1000.0000000000023
156,interest_rate_effect,initial_price,1000.0000000000026
157,interest_rate_effect,initial_price,1000.0000000000026
158,interest_rate_effect,initial_price,1000.0000000000026
159,interest_rate_effect,initial_price,1000.0000000000026
160,interest_rate_effect,initial_price,1000.0000000000026
161,duration_effect,initial_price,943.5703868798533
162,duration_effect,initial_price,868.7190410354367
163,duration_effect,initial_price,766.162565715299
164,duration_effect,initial_price,623.4583742186848
165,duration_effect,initial_price,536.3701527241386
166,duration_effect,initial_price,971.7851934399268
167,duration_effect,initial_price,934.3595205177187
168,duration_effect,initial_price,883.0812828576502
169,duration_effect,initial_price,811.7291871093435
170,duration_effect,initial_price,768.1850763620708
171,duration_effect,initial_price,1000.0000000000003
172,duration_effect,initial_price,1000.0000000000008
173,duration_effect,initial_price,1000.0000000000016
174,duration_effect,initial_price,1000.0000000000023
175,duration_effect,initial_price,1000.0000000000026
176,duration_effect,initial_price,1028.214806560074
177,duration_effect,initial_price,1065.640479482283
178,duration_effect,initial_price,1116.9187171423525
179,duration_effect,initial_price,1188.2708128906609
180,duration_effect,initial_price,1231.8149236379347
181,duration_effect,initial_price,1056.4296131201477
182,duration_effect,initial_price,1131.280958964565
183,duration_effect,initial_price,1233.8374342847037
184,duration_effect,initial_price,1376.54162578132
185,duration_effect,initial_price,1463.6298472758665
136,interest_rate_effect,new_yield,0.030000000000000002
137,interest_rate_effect,new_yield,0.04
138,interest_rate_effect,new_yield,0.05
139,interest_rate_effect,new_yield,0.060000000000000005
140,interest_rate_effect,new_yield,0.07
141,interest_rate_effect,new_yield,0.030000000000000002
142,interest_rate_effect,new_yield,0.04
143,interest_rate_effect,new_yield,0.05
144,interest_rate_effect,new_yield,0.060000000000000005
145,interest_rate_effect,new_yield,0.07
146,interest_rate_effect,new_yield,0.030000000000000002
147,interest_rate_effect,new_yield,0.04
148,interest_rate_effect,new_yield,0.05
149,interest_rate_effect,new_yield,0.060000000000000005
150,interest_rate_effect,new_yield,0.07
151,interest_rate_effect,new_yield,0.030000000000000002
152,interest_rate_effect,new_yield,0.04
153,interest_rate_effect,new_yield,0.05
154,interest_rate_effect,new_yield,0.060000000000000005
155,interest_rate_effect,new_yield,0.07
156,interest_rate_effect,new_yield,0.030000000000000002
157,interest_rate_effect,new_yield,0.04
158,interest_rate_effect,new_yield,0.05
159,interest_rate_effect,new_yield,0.060000000000000005
160,interest_rate_effect,new_yield,0.07
136,interest_rate_effect,shocked_price,1038.5438464755177
137,interest_rate_effect,shocked_price,1019.0386434933715
138,interest_rate_effect,shocked_price,1000.0000000000003
139,interest_rate_effect,shocked_price,981.4145079859481
140,interest_rate_effect,shocked_price,963.2692079138781
141,interest_rate_effect,shocked_price,1092.2218455185453
142,interest_rate_effect,shocked_price,1044.912925031211
143,interest_rate_effect,shocked_price,1000.0000000000008
144,interest_rate_effect,shocked_price,957.3489858161207
145,interest_rate_effect,shocked_price,916.8339467742212
146,interest_rate_effect,shocked_price,1171.6863878508211
147,interest_rate_effect,shocked_price,1081.7571667229854
148,interest_rate_effect,shocked_price,1000.0000000000016
149,interest_rate_effect,shocked_price,925.6126256977221
150,interest_rate_effect,shocked_price,857.8759669804781
151,interest_rate_effect,shocked_price,1299.1584520417491
152,interest_rate_effect,shocked_price,1136.7773962036904
153,interest_rate_effect,shocked_price,1000.0000000000023
154,interest_rate_effect,shocked_price,884.4261401289673
155,interest_rate_effect,shocked_price,786.4492766270262
156,interest_rate_effect,shocked_price,1393.802688853435
157,interest_rate_effect,shocked_price,1173.8044333852317
158,interest_rate_effect,shocked_price,1000.0000000000026
159,interest_rate_effect,shocked_price,861.6221816694024
160,interest_rate_effect,shocked_price,750.5526588175167
161,duration_effect,shocked_price,925.6580319437925
162,duration_effect,shocked_price,829.3959432644833
163,duration_effect,shocked_price,702.4505027908895
164,duration_effect,shocked_price,537.7045605158706
165,duration_effect,shocked_price,446.4887266776112
166,duration_effect,shocked_price,953.5362699648703
167,duration_effect,shocked_price,893.372464540302
168,duration_effect,shocked_price,814.0315642443059
169,duration_effect,shocked_price,711.0653503224189
170,duration_effect,shocked_price,654.0554541735067
171,duration_effect,shocked_price,981.4145079859481
172,duration_effect,shocked_price,957.3489858161207
173,duration_effect,shocked_price,925.6126256977221
174,duration_effect,shocked_price,884.4261401289673
175,duration_effect,shocked_price,861.6221816694024
176,duration_effect,shocked_price,1009.2927460070258
177,duration_effect,shocked_price,1021.3255070919394
178,duration_effect,shocked_price,1037.1936871511384
179,duration_effect,shocked_price,1057.7869299355154
180,duration_effect,shocked_price,1069.1889091652977
181,duration_effect,shocked_price,1037.1709840281035
182,duration_effect,shocked_price,1085.302028367758
183,duration_effect,shocked_price,1148.7747486045546
184,duration_effect,shocked_price,1231.1477197420636
185,duration_effect,shocked_price,1276.7556366611932
136,interest_rate_effect,price_change,38.5438464755174
137,interest_rate_effect,price_change,19.038643493371183
138,interest_rate_effect,price_change,0.0
139,interest_rate_effect,price_change,-18.585492014052193
140,interest_rate_effect,price_change,-36.73079208612228
141,interest_rate_effect,price_change,92.22184551854446
142,interest_rate_effect,price_change,44.91292503121019
143,interest_rate_effect,price_change,0.0
144,interest_rate_effect,price_change,-42.65101418388008
145,interest_rate_effect,price_change,-83.16605322577959
146,interest_rate_effect,price_change,171.68638785081953
147,interest_rate_effect,price_change,81.75716672298381
148,interest_rate_effect,price_change,0.0
149,interest_rate_effect,price_change,-74.38737430227945
150,interest_rate_effect,price_change,-142.1240330195235
151,interest_rate_effect,price_change,299.15845204174684
152,interest_rate_effect,price_change,136.7773962036881
153,interest_rate_effect,price_change,0.0
154,interest_rate_effect,price_change,-115.57385987103498
155,interest_rate_effect,price_change,-213.5507233729761
156,interest_rate_effect,price_change,393.8026888534324
157,interest_rate_effect,price_change,173.80443338522912
158,interest_rate_effect,price_change,0.0
159,interest_rate_effect,price_change,-138.37781833060023
160,interest_rate_effect,price_change,-249.44734118248596
136,interest_rate_effect,price_change_pct,0.03854384647551745
137,interest_rate_effect,price_change_pct,0.019038643493371143
138,interest_rate_effect,price_change_pct,0.0
139,interest_rate_effect,price_change_pct,-0.01858549201405224
140,interest_rate_effect,price_change_pct,-0.03673079208612229
141,interest_rate_effect,price_change_pct,0.0922218455185444
142,interest_rate_effect,price_change_pct,0.04491292503121014
143,interest_rate_effect,price_change_pct,0.0
144,interest_rate_effect,price_change_pct,-0.042651014183880065
145,interest_rate_effect,price_change_pct,-0.08316605322577952
146,interest_rate_effect,price_change_pct,0.17168638785081924
147,interest_rate_effect,price_change_pct,0.08175716672298372
148,interest_rate_effect,price_change_pct,0.0
149,interest_rate_effect,price_change_pct,-0.07438737430227937
150,interest_rate_effect,price_change_pct,-0.14212403301952325
151,interest_rate_effect,price_change_pct,0.29915845204174607
152,interest_rate_effect,price_change_pct,0.13677739620368778
153,interest_rate_effect,price_change_pct,0.0
154,interest_rate_effect,price_change_pct,-0.11557385987103475
155,interest_rate_effect,price_change_pct,-0.21355072337297565
156,interest_rate_effect,price_change_pct,0.3938026888534314
157,interest_rate_effect,price_change_pct,0.17380443338522866
158,interest_rate_effect,price_change_pct,0.0
159,interest_rate_effect,price_change_pct,-0.13837781833059992
160,interest_rate_effect,price_change_pct,-0.24944734118248535
161,duration_effect,coupon_rate,0.02
162,duration_effect,coupon_rate,0.02
163,duration_effect,coupon_rate,0.02
164,duration_effect,coupon_rate,0.02
165,duration_effect,coupon_rate,0.02
166,duration_effect,coupon_rate,0.035
167,duration_effect,coupon_rate,0.035
168,duration_effect,coupon_rate,0.035
169,duration_effect,coupon_rate,0.035
170,duration_effect,coupon_rate,0.035
171,duration_effect,coupon_rate,0.05
172,duration_effect,coupon_rate,0.05
173,duration_effect,coupon_rate,0.05
174,duration_effect,coupon_rate,0.05
175,duration_effect,coupon_rate,0.05
176,duration_effect,coupon_rate,0.065
177,duration_effect,coupon_rate,0.065
178,duration_effect,coupon_rate,0.065
179,duration_effect,coupon_rate,0.065
180,duration_effect,coupon_rate,0.065
181,duration_effect,coupon_rate,0.08
182,duration_effect,coupon_rate,0.08
183,duration_effect,coupon_rate,0.08
184,duration_effect,coupon_rate,0.08
185,duration_effect,coupon_rate,0.08
161,duration_effect,macaulay_duration,1.969482629215179
162,duration_effect,macaulay_duration,4.763068513030829
163,duration_effect,macaulay_duration,8.95032494743257
164,duration_effect,macaulay_duration,15.422419150438811
165,duration_effect,macaulay_duration,19.440640214974582
166,duration_effect,macaulay_duration,1.9481451732166188
167,duration_effect,macaulay_duration,4.61449842715297
168,duration_effect,macaulay_duration,8.40627577852188
169,duration_effect,macaulay_duration,13.847234361685283
170,duration_effect,macaulay_duration,17.097484979890446
171,duration_effect,macaulay_duration,1.9280117816050262
172,duration_effect,macaulay_duration,4.485432764622605
173,duration_effect,macaulay_duration,7.989445671393991
174,duration_effect,macaulay_duration,12.865172214195008
175,duration_effect,macaulay_duration,15.840686448592011
176,duration_effect,macaulay_duration,1.9089833337193842
177,duration_effect,macaulay_duration,4.372267271307484
178,duration_effect,macaulay_duration,7.659882866073689
179,duration_effect,macaulay_duration,12.194307879209031
180,duration_effect,macaulay_duration,15.05692108156273
181,duration_effect,macaulay_duration,1.890971298038709
182,duration_effect,macaulay_duration,4.272234213720535
183,duration_effect,macaulay_duration,7.3927789541946
184,duration_effect,macaulay_duration,11.706952958426886
185,duration_effect,macaulay_duration,14.52142683177817
161,duration_effect,modified_duration,1.921446467527004
162,duration_effect,modified_duration,4.64689611027398
163,duration_effect,modified_duration,8.732024338958606
164,duration_effect,modified_duration,15.046262585793963
165,duration_effect,modified_duration,18.96647825851179
166,duration_effect,modified_duration,1.9006294372845063
167,duration_effect,modified_duration,4.501949685027288
168,duration_effect,modified_duration,8.201244661972567
169,duration_effect,modified_duration,13.509496938229546
170,duration_effect,modified_duration,16.680473151112633
171,duration_effect,modified_duration,1.8809871040049038
172,duration_effect,modified_duration,4.376031965485469
173,duration_effect,modified_duration,7.794581142823406
174,duration_effect,modified_duration,12.55138752604391
175,duration_effect,modified_duration,15.454328242528794
176,duration_effect,modified_duration,1.8624227646042775
177,duration_effect,modified_duration,4.265626606153643
178,duration_effect,modified_duration,7.473056454706039
179,duration_effect,modified_duration,11.89688573581369
180,duration_effect,modified_duration,14.689679103963641
181,duration_effect,modified_duration,1.8448500468670332
182,duration_effect,modified_duration,4.168033379239547
183,duration_effect,modified_duration,7.212467272384976
184,duration_effect,modified_duration,11.421417520416474
185,duration_effect,modified_duration,14.16724568953968
161,duration_effect,convexity,4.662447147162967
162,duration_effect,convexity,24.53451573007528
163,duration_effect,convexity,86.20359395320605
164,duration_effect,convexity,275.4866267311248
165,duration_effect,convexity,483.99442557813506
166,duration_effect,convexity,4.594887980479544
167,duration_effect,convexity,23.505900136861424
168,duration_effect,convexity,79.08371565279062
169,duration_effect,convexity,235.99766497718733
170,duration_effect,convexity,398.136601199381
171,duration_effect,convexity,4.531141151434786
172,duration_effect,convexity,22.612322185130584
173,duration_effect,convexity,73.62873142656362
174,duration_effect,convexity,211.3779410824937
175,duration_effect,convexity,352.0850268247868
176,duration_effect,convexity,4.470892821806377
177,duration_effect,convexity,21.82882804935032
178,duration_effect,convexity,69.31579943381344
179,duration_effect,convexity,194.55976441173925
180,duration_effect,convexity,323.36631957527186
181,duration_effect,convexity,4.413862680962003
182,duration_effect,convexity,21.136255501769064
183,duration_effect,convexity,65.82025628290347
184,duration_effect,convexity,182.34206146998577
185,duration_effect,convexity,303.7447552139228
161,duration_effect,estimated_change_pct,-0.018981342317911893
162,duration_effect,estimated_change_pct,-0.045242235316236036
163,duration_effect,estimated_change_pct,-0.08301006369192576
164,duration_effect,estimated_change_pct,-0.1366882945213834
165,duration_effect,estimated_change_pct,-0.1654650613062111
166,duration_effect,estimated_change_pct,-0.018776549973821086
167,duration_effect,estimated_change_pct,-0.043844201843429804
168,duration_effect,estimated_change_pct,-0.07805826083708613
169,duration_effect,estimated_change_pct,-0.1232950861334361
170,duration_effect,estimated_change_pct,-0.14689790145115728
171,duration_effect,estimated_change_pct,-0.0185833139824773
172,duration_effect,estimated_change_pct,-0.04262970354559816
173,duration_effect,estimated_change_pct,-0.07426437485690589
174,duration_effect,estimated_change_pct,-0.11494497820631443
175,duration_effect,estimated_change_pct,-0.13693903108404862
176,duration_effect,estimated_change_pct,-0.018400683004952456
177,duration_effect,estimated_change_pct,-0.04156482465906892
178,duration_effect,estimated_change_pct,-0.07126477457536971
179,duration_effect,estimated_change_pct,-0.10924086913754995
180,duration_effect,estimated_change_pct,-0.13072847506087282
181,duration_effect,estimated_change_pct,-0.01822780733462223
182,duration_effect,estimated_change_pct,-0.04062352101730701
183,duration_effect,estimated_change_pct,-0.06883365990970458
184,duration_effect,estimated_change_pct,-0.10509707213066545
185,duration_effect,estimated_change_pct,-0.12648521913470068
161,duration_effect,exact_change_pct,-0.018983591669607613
162,duration_effect,exact_change_pct,-0.04526561052936484
163,duration_effect,exact_change_pct,-0.08315736865181766
164,duration_effect,exact_change_pct,-0.13754537150981472
165,duration_effect,exact_change_pct,-0.1675735042116604
166,duration_effect,exact_change_pct,-0.018778762630102475
167,duration_effect,exact_change_pct,-0.043866472249039945
168,duration_effect,exact_change_pct,-0.07819180403178683
169,duration_effect,exact_change_pct,-0.12401160188091731
170,duration_effect,exact_change_pct,-0.14857047565809656
171,duration_effect,exact_change_pct,-0.01858549201405224
172,duration_effect,exact_change_pct,-0.042651014183880065
173,duration_effect,exact_change_pct,-0.07438737430227937
174,duration_effect,exact_change_pct,-0.11557385987103475
175,duration_effect,exact_change_pct,-0.13837781833059992
176,duration_effect,exact_change_pct,-0.018402828312065078
177,duration_effect,exact_change_pct,-0.04158529376800035
178,duration_effect,exact_change_pct,-0.07137943770446553
179,duration_effect,exact_change_pct,-0.10980988638248401
180,duration_effect,exact_change_pct,-0.1320214679591245
181,duration_effect,exact_change_pct,-0.018229921665262827
182,duration_effect,exact_change_pct,-0.040643246253247445
183,duration_effect,exact_change_pct,-0.06894156662499284
184,duration_effect,exact_change_pct,-0.10562260037485705
185,duration_effect,exact_change_pct,-0.12767860054404256
161,duration_effect,approximation_error_pct,2.249351695720464e-06
162,duration_effect,approximation_error_pct,2.337521312880536e-05
163,duration_effect,approximation_error_pct,0.00014730495989190295
164,duration_effect,approximation_error_pct,0.0008570769884313212
165,duration_effect,approximation_error_pct,0.002108442905449287
166,duration_effect,approximation_error_pct,2.212656281388309e-06
167,duration_effect,approximation_error_pct,2.2270405610140542e-05
168,duration_effect,approximation_error_pct,0.00013354319470069986
169,duration_effect,approximation_error_pct,0.0007165157474812167
170,duration_effect,approximation_error_pct,0.0016725742069392813
171,duration_effect,approximation_error_pct,2.1780315749390933e-06
172,duration_effect,approximation_error_pct,2.1310638281903105e-05
173,duration_effect,approximation_error_pct,0.00012299944537348673
174,duration_effect,approximation_error_pct,0.0006288816647203183
175,duration_effect,approximation_error_pct,0.001438787246551304
176,duration_effect,approximation_error_pct,2.1453071126220635e-06
177,duration_effect,approximation_error_pct,2.0469108931435442e-05
178,duration_effect,approximation_error_pct,0.00011466312909581833
179,duration_effect,approximation_error_pct,0.0005690172449340641
180,duration_effect,approximation_error_pct,0.001292992898251688
181,duration_effect,approximation_error_pct,2.1143306405957407e-06
182,duration_effect,approximation_error_pct,1.9725235940432073e-05
183,duration_effect,approximation_error_pct,0.00010790671528826401
184,duration_effect,approximation_error_pct,0.0005255282441915948
185,duration_effect,approximation_error_pct,0.001193381409341887
186,tax_shield,debt,0.0
187,tax_shield,debt,0.0
188,tax_shield,debt,0.0
189,tax_shield,debt,0.0
190,tax_shield,debt,0.0
191,tax_shield,debt,25.0
192,tax_shield,debt,25.0
193,tax_shield,debt,25.0
194,tax_shield,debt,25.0
195,tax_shield,debt,25.0
196,tax_shield,debt,50.0
197,tax_shield,debt,50.0
198,tax_shield,debt,50.0
199,tax_shield,debt,50.0
200,tax_shield,debt,50.0
201,tax_shield,debt,75.0
202,tax_shield,debt,75.0
203,tax_shield,debt,75.0
204,tax_shield,debt,75.0
205,tax_shield,debt,75.0
206,tax_shield,debt,100.0
207,tax_shield,debt,100.0
208,tax_shield,debt,100.0
209,tax_shield,debt,100.0
210,tax_shield,debt,100.0
211,tax_shield,debt,125.0
212,tax_shield,debt,125.0
213,tax_shield,debt,125.0
214,tax_shield,debt,125.0
215,tax_shield,debt,125.0
186,tax_shield,tax_rate,0.1
187,tax_shield,tax_rate,0.2
188,tax_shield,tax_rate,0.25
189,tax_shield,tax_rate,0.3
190,tax_shield,tax_rate,0.35
191,tax_shield,tax_rate,0.1
192,tax_shield,tax_rate,0.2
193,tax_shield,tax_rate,0.25
194,tax_shield,tax_rate,0.3
195,tax_shield,tax_rate,0.35
196,tax_shield,tax_rate,0.1
197,tax_shield,tax_rate,0.2
198,tax_shield,tax_rate,0.25
199,tax_shield,tax_rate,0.3
200,tax_shield,tax_rate,0.35
201,tax_shield,tax_rate,0.1
202,tax_shield,tax_rate,0.2
203,tax_shield,tax_rate,0.25
204,tax_shield,tax_rate,0.3
205,tax_shield,tax_rate,0.35
206,tax_shield,tax_rate,0.1
207,tax_shield,tax_rate,0.2
208,tax_shield,tax_rate,0.25
209,tax_shield,tax_rate,0.3
210,tax_shield,tax_rate,0.35
211,tax_shield,tax_rate,0.1
212,tax_shield,tax_rate,0.2
213,tax_shield,tax_rate,0.25
214,tax_shield,tax_rate,0.3
215,tax_shield,tax_rate,0.35
186,tax_shield,interest,0.0
187,tax_shield,interest,0.0
188,tax_shield,interest,0.0
189,tax_shield,interest,0.0
190,tax_shield,interest,0.0
191,tax_shield,interest,1.5
192,tax_shield,interest,1.5
193,tax_shield,interest,1.5
194,tax_shield,interest,1.5
195,tax_shield,interest,1.5
196,tax_shield,interest,3.0
197,tax_shield,interest,3.0
198,tax_shield,interest,3.0
199,tax_shield,interest,3.0
200,tax_shield,interest,3.0
201,tax_shield,interest,4.5
202,tax_shield,interest,4.5
203,tax_shield,interest,4.5
204,tax_shield,interest,4.5
205,tax_shield,interest,4.5
206,tax_shield,interest,6.0
207,tax_shield,interest,6.0
208,tax_shield,interest,6.0
209,tax_shield,interest,6.0
210,tax_shield,interest,6.0
211,tax_shield,interest,7.5
212,tax_shield,interest,7.5
213,tax_shield,interest,7.5
214,tax_shield,interest,7.5
215,tax_shield,interest,7.5
186,tax_shield,taxable_income,25.0
187,tax_shield,taxable_income,25.0
188,tax_shield,taxable_income,25.0
189,tax_shield,taxable_income,25.0
190,tax_shield,taxable_income,25.0
191,tax_shield,taxable_income,23.5
192,tax_shield,taxable_income,23.5
193,tax_shield,taxable_income,23.5
194,tax_shield,taxable_income,23.5
195,tax_shield,taxable_income,23.5
196,tax_shield,taxable_income,22.0
197,tax_shield,taxable_income,22.0
198,tax_shield,taxable_income,22.0
199,tax_shield,taxable_income,22.0
200,tax_shield,taxable_income,22.0
201,tax_shield,taxable_income,20.5
202,tax_shield,taxable_income,20.5
203,tax_shield,taxable_income,20.5
204,tax_shield,taxable_income,20.5
205,tax_shield,taxable_income,20.5
206,tax_shield,taxable_income,19.0
207,tax_shield,taxable_income,19.0
208,tax_shield,taxable_income,19.0
209,tax_shield,taxable_income,19.0
210,tax_shield,taxable_income,19.0
211,tax_shield,taxable_income,17.5
212,tax_shield,taxable_income,17.5
213,tax_shield,taxable_income,17.5
214,tax_shield,taxable_income,17.5
215,tax_shield,taxable_income,17.5
186,tax_shield,tax,2.5
187,tax_shield,tax,5.0
188,tax_shield,tax,6.25
189,tax_shield,tax,7.5
190,tax_shield,tax,8.75
191,tax_shield,tax,2.35
192,tax_shield,tax,4.7
193,tax_shield,tax,5.875
194,tax_shield,tax,7.05
195,tax_shield,tax,8.225
196,tax_shield,tax,2.2
197,tax_shield,tax,4.4
198,tax_shield,tax,5.5
199,tax_shield,tax,6.6
200,tax_shield,tax,7.699999999999999
201,tax_shield,tax,2.0500000000000003
202,tax_shield,tax,4.1000000000000005
203,tax_shield,tax,5.125
204,tax_shield,tax,6.1499999999999995
205,tax_shield,tax,7.175
206,tax_shield,tax,1.9000000000000001
207,tax_shield,tax,3.8000000000000003
208,tax_shield,tax,4.75
209,tax_shield,tax,5.7
210,tax_shield,tax,6.6499999999999995
211,tax_shield,tax,1.75
212,tax_shield,tax,3.5
213,tax_shield,tax,4.375
214,tax_shield,tax,5.25
215,tax_shield,tax,6.125
186,tax_shield,net_income,22.5
187,tax_shield,net_income,20.0
188,tax_shield,net_income,18.75
189,tax_shield,net_income,17.5
190,tax_shield,net_income,16.25
191,tax_shield,net_income,21.15
192,tax_shield,net_income,18.8
193,tax_shield,net_income,17.625
194,tax_shield,net_income,16.45
195,tax_shield,net_income,15.275
196,tax_shield,net_income,19.8
197,tax_shield,net_income,17.6
198,tax_shield,net_income,16.5
199,tax_shield,net_income,15.4
200,tax_shield,net_income,14.3
201,tax_shield,net_income,18.45
202,tax_shield,net_income,16.4
203,tax_shield,net_income,15.375
204,tax_shield,net_income,14.350000000000001
205,tax_shield,net_income,13.325
206,tax_shield,net_income,17.1
207,tax_shield,net_income,15.2
208,tax_shield,net_income,14.25
209,tax_shield,net_income,13.3
210,tax_shield,net_income,12.350000000000001
211,tax_shield,net_income,15.75
212,tax_shield,net_income,14.0
213,tax_shield,net_income,13.125
214,tax_shield,net_income,12.25
215,tax_shield,net_income,11.375
186,tax_shield,tax_shield,0.0
187,tax_shield,tax_shield,0.0
188,tax_shield,tax_shield,0.0
189,tax_shield,tax_shield,0.0
190,tax_shield,tax_shield,0.0
191,tax_shield,tax_shield,0.1499999999999999
192,tax_shield,tax_shield,0.2999999999999998
193,tax_shield,tax_shield,0.375
194,tax_shield,tax_shield,0.4500000000000002
195,tax_shield,tax_shield,0.5250000000000004
196,tax_shield,tax_shield,0.2999999999999998
197,tax_shield,tax_shield,0.5999999999999996
198,tax_shield,tax_shield,0.75
199,tax_shield,tax_shield,0.9000000000000004
200,tax_shield,tax_shield,1.0500000000000007
201,tax_shield,tax_shield,0.44999999999999973
202,tax_shield,tax_shield,0.8999999999999995
203,tax_shield,tax_shield,1.125
204,tax_shield,tax_shield,1.3500000000000005
205,tax_shield,tax_shield,1.5750000000000002
206,tax_shield,tax_shield,0.5999999999999999
207,tax_shield,tax_shield,1.1999999999999997
208,tax_shield,tax_shield,1.5
209,tax_shield,tax_shield,1.7999999999999998
210,tax_shield,tax_shield,2.1000000000000005
211,tax_shield,tax_shield,0.75
212,tax_shield,tax_shield,1.5
213,tax_shield,tax_shield,1.875
214,tax_shield,tax_shield,2.25
215,tax_shield,tax_shield,2.625
186,tax_shield,levered_fcf_after_interest,18.5
187,tax_shield,levered_fcf_after_interest,16.0
188,tax_shield,levered_fcf_after_interest,14.75
189,tax_shield,levered_fcf_after_interest,13.5
190,tax_shield,levered_fcf_after_interest,12.25
191,tax_shield,levered_fcf_after_interest,17.15
192,tax_shield,levered_fcf_after_interest,14.8
193,tax_shield,levered_fcf_after_interest,13.625
194,tax_shield,levered_fcf_after_interest,12.45
195,tax_shield,levered_fcf_after_interest,11.274999999999999
196,tax_shield,levered_fcf_after_interest,15.8
197,tax_shield,levered_fcf_after_interest,13.600000000000001
198,tax_shield,levered_fcf_after_interest,12.5
199,tax_shield,levered_fcf_after_interest,11.399999999999999
200,tax_shield,levered_fcf_after_interest,10.3
201,tax_shield,levered_fcf_after_interest,14.45
202,tax_shield,levered_fcf_after_interest,12.399999999999999
203,tax_shield,levered_fcf_after_interest,11.375
204,tax_shield,levered_fcf_after_interest,10.350000000000001
205,tax_shield,levered_fcf_after_interest,9.325
206,tax_shield,levered_fcf_after_interest,13.100000000000001
207,tax_shield,levered_fcf_after_interest,11.2
208,tax_shield,levered_fcf_after_interest,10.25
209,tax_shield,levered_fcf_after_interest,9.3
210,tax_shield,levered_fcf_after_interest,8.350000000000001
211,tax_shield,levered_fcf_after_interest,11.75
212,tax_shield,levered_fcf_after_interest,10.0
213,tax_shield,levered_fcf_after_interest,9.125
214,tax_shield,levered_fcf_after_interest,8.25
215,tax_shield,levered_fcf_after_interest,7.375
186,tax_shield,unlevered_fcf,18.5
187,tax_shield,unlevered_fcf,16.0
188,tax_shield,unlevered_fcf,14.75
189,tax_shield,unlevered_fcf,13.5
190,tax_shield,unlevered_fcf,12.25
191,tax_shield,unlevered_fcf,18.5
192,tax_shield,unlevered_fcf,16.0
193,tax_shield,unlevered_fcf,14.75
194,tax_shield,unlevered_fcf,13.5
195,tax_shield,unlevered_fcf,12.25
196,tax_shield,unlevered_fcf,18.5
197,tax_shield,unlevered_fcf,16.0
198,tax_shield,unlevered_fcf,14.75
199,tax_shield,unlevered_fcf,13.5
200,tax_shield,unlevered_fcf,12.25
201,tax_shield,unlevered_fcf,18.5
202,tax_shield,unlevered_fcf,16.0
203,tax_shield,unlevered_fcf,14.75
204,tax_shield,unlevered_fcf,13.5
205,tax_shield,unlevered_fcf,12.25
206,tax_shield,unlevered_fcf,18.5
207,tax_shield,unlevered_fcf,16.0
208,tax_shield,unlevered_fcf,14.75
209,tax_shield,unlevered_fcf,13.5
210,tax_shield,unlevered_fcf,12.25
211,tax_shield,unlevered_fcf,18.5
212,tax_shield,unlevered_fcf,16.0
213,tax_shield,unlevered_fcf,14.75
214,tax_shield,unlevered_fcf,13.5
215,tax_shield,unlevered_fcf,12.25
186,tax_shield,pv_perpetual_tax_shield,0.0
187,tax_shield,pv_perpetual_tax_shield,0.0
188,tax_shield,pv_perpetual_tax_shield,0.0
189,tax_shield,pv_perpetual_tax_shield,0.0
190,tax_shield,pv_perpetual_tax_shield,0.0
191,tax_shield,pv_perpetual_tax_shield,2.5
192,tax_shield,pv_perpetual_tax_shield,5.0
193,tax_shield,pv_perpetual_tax_shield,6.25
194,tax_shield,pv_perpetual_tax_shield,7.5
195,tax_shield,pv_perpetual_tax_shield,8.75
196,tax_shield,pv_perpetual_tax_shield,5.0
197,tax_shield,pv_perpetual_tax_shield,10.0
198,tax_shield,pv_perpetual_tax_shield,12.5
199,tax_shield,pv_perpetual_tax_shield,15.0
200,tax_shield,pv_perpetual_tax_shield,17.5
201,tax_shield,pv_perpetual_tax_shield,7.5
202,tax_shield,pv_perpetual_tax_shield,15.0
203,tax_shield,pv_perpetual_tax_shield,18.75
204,tax_shield,pv_perpetual_tax_shield,22.5
205,tax_shield,pv_perpetual_tax_shield,26.25
206,tax_shield,pv_perpetual_tax_shield,10.0
207,tax_shield,pv_perpetual_tax_shield,20.0
208,tax_shield,pv_perpetual_tax_shield,25.0
209,tax_shield,pv_perpetual_tax_shield,30.0
210,tax_shield,pv_perpetual_tax_shield,35.0
211,tax_shield,pv_perpetual_tax_shield,12.5
212,tax_shield,pv_perpetual_tax_shield,25.0
213,tax_shield,pv_perpetual_tax_shield,31.25
214,tax_shield,pv_perpetual_tax_shield,37.5
215,tax_shield,pv_perpetual_tax_shield,43.75
216,wealth_effect,wealth_return,-0.3
217,wealth_effect,wealth_return,-0.3
218,wealth_effect,wealth_return,-0.3
219,wealth_effect,wealth_return,-0.3
220,wealth_effect,wealth_return,-0.3
221,wealth_effect,wealth_return,-0.2
222,wealth_effect,wealth_return,-0.2
223,wealth_effect,wealth_return,-0.2
224,wealth_effect,wealth_return,-0.2
225,wealth_effect,wealth_return,-0.2
226,wealth_effect,wealth_return,-0.1
227,wealth_effect,wealth_return,-0.1
228,wealth_effect,wealth_return,-0.1
229,wealth_effect,wealth_return,-0.1
230,wealth_effect,wealth_return,-0.1
231,wealth_effect,wealth_return,0.0
232,wealth_effect,wealth_return,0.0
233,wealth_effect,wealth_return,0.0
234,wealth_effect,wealth_return,0.0
235,wealth_effect,wealth_return,0.0
236,wealth_effect,wealth_return,0.1
237,wealth_effect,wealth_return,0.1
238,wealth_effect,wealth_return,0.1
239,wealth_effect,wealth_return,0.1
240,wealth_effect,wealth_return,0.1
241,wealth_effect,wealth_return,0.2
242,wealth_effect,wealth_return,0.2
243,wealth_effect,wealth_return,0.2
244,wealth_effect,wealth_return,0.2
245,wealth_effect,wealth_return,0.2
246,wealth_effect,wealth_return,0.3
247,wealth_effect,wealth_return,0.3
248,wealth_effect,wealth_return,0.3
249,wealth_effect,wealth_return,0.3
250,wealth_effect,wealth_return,0.3
216,wealth_effect,mpc,0.02
217,wealth_effect,mpc,0.03
218,wealth_effect,mpc,0.04
219,wealth_effect,mpc,0.05
220,wealth_effect,mpc,0.06
221,wealth_effect,mpc,0.02
222,wealth_effect,mpc,0.03
223,wealth_effect,mpc,0.04
224,wealth_effect,mpc,0.05
225,wealth_effect,mpc,0.06
226,wealth_effect,mpc,0.02
227,wealth_effect,mpc,0.03
228,wealth_effect,mpc,0.04
229,wealth_effect,mpc,0.05
230,wealth_effect,mpc,0.06
231,wealth_effect,mpc,0.02
232,wealth_effect,mpc,0.03
233,wealth_effect,mpc,0.04
234,wealth_effect,mpc,0.05
235,wealth_effect,mpc,0.06
236,wealth_effect,mpc,0.02
237,wealth_effect,mpc,0.03
238,wealth_effect,mpc,0.04
239,wealth_effect,mpc,0.05
240,wealth_effect,mpc,0.06
241,wealth_effect,mpc,0.02
242,wealth_effect,mpc,0.03
243,wealth_effect,mpc,0.04
244,wealth_effect,mpc,0.05
245,wealth_effect,mpc,0.06
246,wealth_effect,mpc,0.02
247,wealth_effect,mpc,0.03
248,wealth_effect,mpc,0.04
249,wealth_effect,mpc,0.05
250,wealth_effect,mpc,0.06
216,wealth_effect,ending_wealth,350.0
217,wealth_effect,ending_wealth,350.0
218,wealth_effect,ending_wealth,350.0
219,wealth_effect,ending_wealth,350.0
220,wealth_effect,ending_wealth,350.0
221,wealth_effect,ending_wealth,400.0
222,wealth_effect,ending_wealth,400.0
223,wealth_effect,ending_wealth,400.0
224,wealth_effect,ending_wealth,400.0
225,wealth_effect,ending_wealth,400.0
226,wealth_effect,ending_wealth,450.0
227,wealth_effect,ending_wealth,450.0
228,wealth_effect,ending_wealth,450.0
229,wealth_effect,ending_wealth,450.0
230,wealth_effect,ending_wealth,450.0
231,wealth_effect,ending_wealth,500.0
232,wealth_effect,ending_wealth,500.0
233,wealth_effect,ending_wealth,500.0
234,wealth_effect,ending_wealth,500.0
235,wealth_effect,ending_wealth,500.0
236,wealth_effect,ending_wealth,550.0
237,wealth_effect,ending_wealth,550.0
238,wealth_effect,ending_wealth,550.0
239,wealth_effect,ending_wealth,550.0
240,wealth_effect,ending_wealth,550.0
241,wealth_effect,ending_wealth,600.0
242,wealth_effect,ending_wealth,600.0
243,wealth_effect,ending_wealth,600.0
244,wealth_effect,ending_wealth,600.0
245,wealth_effect,ending_wealth,600.0
246,wealth_effect,ending_wealth,650.0
247,wealth_effect,ending_wealth,650.0
248,wealth_effect,ending_wealth,650.0
249,wealth_effect,ending_wealth,650.0
250,wealth_effect,ending_wealth,650.0
216,wealth_effect,wealth_change,-150.0
217,wealth_effect,wealth_change,-150.0
218,wealth_effect,wealth_change,-150.0
219,wealth_effect,wealth_change,-150.0
220,wealth_effect,wealth_change,-150.0
221,wealth_effect,wealth_change,-100.0
222,wealth_effect,wealth_change,-100.0
223,wealth_effect,wealth_change,-100.0
224,wealth_effect,wealth_change,-100.0
225,wealth_effect,wealth_change,-100.0
226,wealth_effect,wealth_change,-50.0
227,wealth_effect,wealth_change,-50.0
228,wealth_effect,wealth_change,-50.0
229,wealth_effect,wealth_change,-50.0
230,wealth_effect,wealth_change,-50.0
231,wealth_effect,wealth_change,0.0
232,wealth_effect,wealth_change,0.0
233,wealth_effect,wealth_change,0.0
234,wealth_effect,wealth_change,0.0
235,wealth_effect,wealth_change,0.0
236,wealth_effect,wealth_change,50.0
237,wealth_effect,wealth_change,50.0
238,wealth_effect,wealth_change,50.0
239,wealth_effect,wealth_change,50.0
240,wealth_effect,wealth_change,50.0
241,wealth_effect,wealth_change,100.0
242,wealth_effect,wealth_change,100.0
243,wealth_effect,wealth_change,100.0
244,wealth_effect,wealth_change,100.0
245,wealth_effect,wealth_change,100.0
246,wealth_effect,wealth_change,150.0
247,wealth_effect,wealth_change,150.0
248,wealth_effect,wealth_change,150.0
249,wealth_effect,wealth_change,150.0
250,wealth_effect,wealth_change,150.0
216,wealth_effect,consumption_change,-3.0
217,wealth_effect,consumption_change,-4.5
218,wealth_effect,consumption_change,-6.0
219,wealth_effect,consumption_change,-7.5
220,wealth_effect,consumption_change,-9.0
221,wealth_effect,consumption_change,-2.0
222,wealth_effect,consumption_change,-3.0
223,wealth_effect,consumption_change,-4.0
224,wealth_effect,consumption_change,-5.0
225,wealth_effect,consumption_change,-6.0
226,wealth_effect,consumption_change,-1.0
227,wealth_effect,consumption_change,-1.5
228,wealth_effect,consumption_change,-2.0
229,wealth_effect,consumption_change,-2.5
230,wealth_effect,consumption_change,-3.0
231,wealth_effect,consumption_change,0.0
232,wealth_effect,consumption_change,0.0
233,wealth_effect,consumption_change,0.0
234,wealth_effect,consumption_change,0.0
235,wealth_effect,consumption_change,0.0
236,wealth_effect,consumption_change,1.0
237,wealth_effect,consumption_change,1.5
238,wealth_effect,consumption_change,2.0
239,wealth_effect,consumption_change,2.5
240,wealth_effect,consumption_change,3.0
241,wealth_effect,consumption_change,2.0
242,wealth_effect,consumption_change,3.0
243,wealth_effect,consumption_change,4.0
244,wealth_effect,consumption_change,5.0
245,wealth_effect,consumption_change,6.0
246,wealth_effect,consumption_change,3.0
247,wealth_effect,consumption_change,4.5
248,wealth_effect,consumption_change,6.0
249,wealth_effect,consumption_change,7.5
250,wealth_effect,consumption_change,9.0
216,wealth_effect,ending_consumption,77.0
217,wealth_effect,ending_consumption,75.5
218,wealth_effect,ending_consumption,74.0
219,wealth_effect,ending_consumption,72.5
220,wealth_effect,ending_consumption,71.0
221,wealth_effect,ending_consumption,78.0
222,wealth_effect,ending_consumption,77.0
223,wealth_effect,ending_consumption,76.0
224,wealth_effect,ending_consumption,75.0
225,wealth_effect,ending_consumption,74.0
226,wealth_effect,ending_consumption,79.0
227,wealth_effect,ending_consumption,78.5
228,wealth_effect,ending_consumption,78.0
229,wealth_effect,ending_consumption,77.5
230,wealth_effect,ending_consumption,77.0
231,wealth_effect,ending_consumption,80.0
232,wealth_effect,ending_consumption,80.0
233,wealth_effect,ending_consumption,80.0
234,wealth_effect,ending_consumption,80.0
235,wealth_effect,ending_consumption,80.0
236,wealth_effect,ending_consumption,81.0
237,wealth_effect,ending_consumption,81.5
238,wealth_effect,ending_consumption,82.0
239,wealth_effect,ending_consumption,82.5
240,wealth_effect,ending_consumption,83.0
241,wealth_effect,ending_consumption,82.0
242,wealth_effect,ending_consumption,83.0
243,wealth_effect,ending_consumption,84.0
244,wealth_effect,ending_consumption,85.0
245,wealth_effect,ending_consumption,86.0
246,wealth_effect,ending_consumption,83.0
247,wealth_effect,ending_consumption,84.5
248,wealth_effect,ending_consumption,86.0
249,wealth_effect,ending_consumption,87.5
250,wealth_effect,ending_consumption,89.0
216,wealth_effect,consumption_change_pct,-0.0375
217,wealth_effect,consumption_change_pct,-0.05625
218,wealth_effect,consumption_change_pct,-0.075
219,wealth_effect,consumption_change_pct,-0.09375
220,wealth_effect,consumption_change_pct,-0.1125
221,wealth_effect,consumption_change_pct,-0.025
222,wealth_effect,consumption_change_pct,-0.0375
223,wealth_effect,consumption_change_pct,-0.05
224,wealth_effect,consumption_change_pct,-0.0625
225,wealth_effect,consumption_change_pct,-0.075
226,wealth_effect,consumption_change_pct,-0.0125
227,wealth_effect,consumption_change_pct,-0.01875
228,wealth_effect,consumption_change_pct,-0.025
229,wealth_effect,consumption_change_pct,-0.03125
230,wealth_effect,consumption_change_pct,-0.0375
231,wealth_effect,consumption_change_pct,0.0
232,wealth_effect,consumption_change_pct,0.0
233,wealth_effect,consumption_change_pct,0.0
234,wealth_effect,consumption_change_pct,0.0
235,wealth_effect,consumption_change_pct,0.0
236,wealth_effect,consumption_change_pct,0.0125
237,wealth_effect,consumption_change_pct,0.01875
238,wealth_effect,consumption_change_pct,0.025
239,wealth_effect,consumption_change_pct,0.03125
240,wealth_effect,consumption_change_pct,0.0375
241,wealth_effect,consumption_change_pct,0.025
242,wealth_effect,consumption_change_pct,0.0375
243,wealth_effect,consumption_change_pct,0.05
244,wealth_effect,consumption_change_pct,0.0625
245,wealth_effect,consumption_change_pct,0.075
246,wealth_effect,consumption_change_pct,0.0375
247,wealth_effect,consumption_change_pct,0.05625
248,wealth_effect,consumption_change_pct,0.075
249,wealth_effect,consumption_change_pct,0.09375
250,wealth_effect,consumption_change_pct,0.1125
251,contagion_effect,recovery_rate,0.0
252,contagion_effect,recovery_rate,0.0
253,contagion_effect,recovery_rate,0.0
254,contagion_effect,recovery_rate,0.0
255,contagion_effect,recovery_rate,0.0
256,contagion_effect,recovery_rate,0.2
257,contagion_effect,recovery_rate,0.2
258,contagion_effect,recovery_rate,0.2
259,contagion_effect,recovery_rate,0.2
260,contagion_effect,recovery_rate,0.2
261,contagion_effect,recovery_rate,0.4
262,contagion_effect,recovery_rate,0.4
263,contagion_effect,recovery_rate,0.4
264,contagion_effect,recovery_rate,0.4
265,contagion_effect,recovery_rate,0.4
266,contagion_effect,recovery_rate,0.6
267,contagion_effect,recovery_rate,0.6
268,contagion_effect,recovery_rate,0.6
269,contagion_effect,recovery_rate,0.6
270,contagion_effect,recovery_rate,0.6
271,contagion_effect,recovery_rate,0.8
272,contagion_effect,recovery_rate,0.8
273,contagion_effect,recovery_rate,0.8
274,contagion_effect,recovery_rate,0.8
275,contagion_effect,recovery_rate,0.8
251,contagion_effect,capital_multiplier,0.5
252,contagion_effect,capital_multiplier,0.75
253,contagion_effect,capital_multiplier,1.0
254,contagion_effect,capital_multiplier,1.25
255,contagion_effect,capital_multiplier,1.5
256,contagion_effect,capital_multiplier,0.5
257,contagion_effect,capital_multiplier,0.75
258,contagion_effect,capital_multiplier,1.0
259,contagion_effect,capital_multiplier,1.25
260,contagion_effect,capital_multiplier,1.5
261,contagion_effect,capital_multiplier,0.5
262,contagion_effect,capital_multiplier,0.75
263,contagion_effect,capital_multiplier,1.0
264,contagion_effect,capital_multiplier,1.25
265,contagion_effect,capital_multiplier,1.5
266,contagion_effect,capital_multiplier,0.5
267,contagion_effect,capital_multiplier,0.75
268,contagion_effect,capital_multiplier,1.0
269,contagion_effect,capital_multiplier,1.25
270,contagion_effect,capital_multiplier,1.5
271,contagion_effect,capital_multiplier,0.5
272,contagion_effect,capital_multiplier,0.75
273,contagion_effect,capital_multiplier,1.0
274,contagion_effect,capital_multiplier,1.25
275,contagion_effect,capital_multiplier,1.5
251,contagion_effect,system_loss,17.0
252,contagion_effect,system_loss,17.0
253,contagion_effect,system_loss,17.0
254,contagion_effect,system_loss,17.0
255,contagion_effect,system_loss,17.0
256,contagion_effect,system_loss,15.8
257,contagion_effect,system_loss,15.8
258,contagion_effect,system_loss,15.8
259,contagion_effect,system_loss,15.8
260,contagion_effect,system_loss,15.8
261,contagion_effect,system_loss,14.6
262,contagion_effect,system_loss,14.6
263,contagion_effect,system_loss,14.6
264,contagion_effect,system_loss,14.6
265,contagion_effect,system_loss,14.6
266,contagion_effect,system_loss,13.4
267,contagion_effect,system_loss,13.4
268,contagion_effect,system_loss,13.4
269,contagion_effect,system_loss,13.4
270,contagion_effect,system_loss,13.4
271,contagion_effect,system_loss,12.2
272,contagion_effect,system_loss,12.2
273,contagion_effect,system_loss,12.2
274,contagion_effect,system_loss,12.2
275,contagion_effect,system_loss,12.2
251,contagion_effect,defaults,1.0
252,contagion_effect,defaults,1.0
253,contagion_effect,defaults,1.0
254,contagion_effect,defaults,1.0
255,contagion_effect,defaults,1.0
256,contagion_effect,defaults,1.0
257,contagion_effect,defaults,1.0
258,contagion_effect,defaults,1.0
259,contagion_effect,defaults,1.0
260,contagion_effect,defaults,1.0
261,contagion_effect,defaults,1.0
262,contagion_effect,defaults,1.0
263,contagion_effect,defaults,1.0
264,contagion_effect,defaults,1.0
265,contagion_effect,defaults,1.0
266,contagion_effect,defaults,1.0
267,contagion_effect,defaults,1.0
268,contagion_effect,defaults,1.0
269,contagion_effect,defaults,1.0
270,contagion_effect,defaults,1.0
271,contagion_effect,defaults,1.0
272,contagion_effect,defaults,1.0
273,contagion_effect,defaults,1.0
274,contagion_effect,defaults,1.0
275,contagion_effect,defaults,1.0
251,contagion_effect,capital_loss_pct,0.6296296296296297
252,contagion_effect,capital_loss_pct,0.41975308641975306
253,contagion_effect,capital_loss_pct,0.3148148148148148
254,contagion_effect,capital_loss_pct,0.2518518518518518
255,contagion_effect,capital_loss_pct,0.20987654320987653
256,contagion_effect,capital_loss_pct,0.5851851851851853
257,contagion_effect,capital_loss_pct,0.3901234567901235
258,contagion_effect,capital_loss_pct,0.2925925925925926
259,contagion_effect,capital_loss_pct,0.23407407407407407
260,contagion_effect,capital_loss_pct,0.19506172839506175
261,contagion_effect,capital_loss_pct,0.5407407407407407
262,contagion_effect,capital_loss_pct,0.36049382716049383
263,contagion_effect,capital_loss_pct,0.27037037037037037
264,contagion_effect,capital_loss_pct,0.2162962962962963
265,contagion_effect,capital_loss_pct,0.18024691358024691
266,contagion_effect,capital_loss_pct,0.4962962962962963
267,contagion_effect,capital_loss_pct,0.3308641975308642
268,contagion_effect,capital_loss_pct,0.24814814814814815
269,contagion_effect,capital_loss_pct,0.1985185185185185
270,contagion_effect,capital_loss_pct,0.1654320987654321
271,contagion_effect,capital_loss_pct,0.45185185185185184
272,contagion_effect,capital_loss_pct,0.30123456790123454
273,contagion_effect,capital_loss_pct,0.22592592592592592
274,contagion_effect,capital_loss_pct,0.18074074074074073
275,contagion_effect,capital_loss_pct,0.15061728395061727
251,contagion_effect,propagation_events,4.0
252,contagion_effect,propagation_events,4.0
253,contagion_effect,propagation_events,4.0
254,contagion_effect,propagation_events,4.0
255,contagion_effect,propagation_events,4.0
256,contagion_effect,propagation_events,4.0
257,contagion_effect,propagation_events,4.0
258,contagion_effect,propagation_events,4.0
259,contagion_effect,propagation_events,4.0
260,contagion_effect,propagation_events,4.0
261,contagion_effect,propagation_events,4.0
262,contagion_effect,propagation_events,4.0
263,contagion_effect,propagation_events,4.0
264,contagion_effect,propagation_events,4.0
265,contagion_effect,propagation_events,4.0
266,contagion_effect,propagation_events,4.0
267,contagion_effect,propagation_events,4.0
268,contagion_effect,propagation_events,4.0
269,contagion_effect,propagation_events,4.0
270,contagion_effect,propagation_events,4.0
271,contagion_effect,propagation_events,4.0
272,contagion_effect,propagation_events,4.0
273,contagion_effect,propagation_events,4.0
274,contagion_effect,propagation_events,4.0
275,contagion_effect,propagation_events,4.0
276,minsky_moment,credit_growth,0.02
277,minsky_moment,credit_growth,0.02
278,minsky_moment,credit_growth,0.02
279,minsky_moment,credit_growth,0.02
280,minsky_moment,credit_growth,0.02
281,minsky_moment,credit_growth,0.05
282,minsky_moment,credit_growth,0.05
283,minsky_moment,credit_growth,0.05
284,minsky_moment,credit_growth,0.05
285,minsky_moment,credit_growth,0.05
286,minsky_moment,credit_growth,0.08
287,minsky_moment,credit_growth,0.08
288,minsky_moment,credit_growth,0.08
289,minsky_moment,credit_growth,0.08
290,minsky_moment,credit_growth,0.08
291,minsky_moment,credit_growth,0.12
292,minsky_moment,credit_growth,0.12
293,minsky_moment,credit_growth,0.12
294,minsky_moment,credit_growth,0.12
295,minsky_moment,credit_growth,0.12
296,minsky_moment,credit_growth,0.16
297,minsky_moment,credit_growth,0.16
298,minsky_moment,credit_growth,0.16
299,minsky_moment,credit_growth,0.16
300,minsky_moment,credit_growth,0.16
276,minsky_moment,rate,0.02
277,minsky_moment,rate,0.04
278,minsky_moment,rate,0.06
279,minsky_moment,rate,0.08
280,minsky_moment,rate,0.1
281,minsky_moment,rate,0.02
282,minsky_moment,rate,0.04
283,minsky_moment,rate,0.06
284,minsky_moment,rate,0.08
285,minsky_moment,rate,0.1
286,minsky_moment,rate,0.02
287,minsky_moment,rate,0.04
288,minsky_moment,rate,0.06
289,minsky_moment,rate,0.08
290,minsky_moment,rate,0.1
291,minsky_moment,rate,0.02
292,minsky_moment,rate,0.04
293,minsky_moment,rate,0.06
294,minsky_moment,rate,0.08
295,minsky_moment,rate,0.1
296,minsky_moment,rate,0.02
297,minsky_moment,rate,0.04
298,minsky_moment,rate,0.06
299,minsky_moment,rate,0.08
300,minsky_moment,rate,0.1
276,minsky_moment,ending_asset_price,125.06955843576789
277,minsky_moment,ending_asset_price,125.06955843576789
278,minsky_moment,ending_asset_price,11.002209629744831
279,minsky_moment,ending_asset_price,11.002209629744831
280,minsky_moment,ending_asset_price,11.002209629744831
281,minsky_moment,ending_asset_price,174.16639970535715
282,minsky_moment,ending_asset_price,34.732289951724276
283,minsky_moment,ending_asset_price,11.002209629744831
284,minsky_moment,ending_asset_price,11.002209629744831
285,minsky_moment,ending_asset_price,11.002209629744831
286,minsky_moment,ending_asset_price,144.01121779943423
287,minsky_moment,ending_asset_price,23.753449015782827
288,minsky_moment,ending_asset_price,11.002209629744831
289,minsky_moment,ending_asset_price,11.002209629744831
290,minsky_moment,ending_asset_price,11.002209629744831
291,minsky_moment,ending_asset_price,63.360636357701175
292,minsky_moment,ending_asset_price,19.69041828993558
293,minsky_moment,ending_asset_price,11.002209629744831
294,minsky_moment,ending_asset_price,11.002209629744831
295,minsky_moment,ending_asset_price,11.002209629744831
296,minsky_moment,ending_asset_price,56.028940866792155
297,minsky_moment,ending_asset_price,21.05523342886462
298,minsky_moment,ending_asset_price,11.002209629744831
299,minsky_moment,ending_asset_price,11.002209629744831
300,minsky_moment,ending_asset_price,11.002209629744831
276,minsky_moment,peak_asset_price,125.06955843576789
277,minsky_moment,peak_asset_price,125.06955843576789
278,minsky_moment,peak_asset_price,83.2
279,minsky_moment,peak_asset_price,83.2
280,minsky_moment,peak_asset_price,83.2
281,minsky_moment,peak_asset_price,174.16639970535715
282,minsky_moment,peak_asset_price,125.85490144545693
283,minsky_moment,peak_asset_price,83.2
284,minsky_moment,peak_asset_price,83.2
285,minsky_moment,peak_asset_price,83.2
286,minsky_moment,peak_asset_price,208.04135337612422
287,minsky_moment,peak_asset_price,124.34168311012563
288,minsky_moment,peak_asset_price,83.2
289,minsky_moment,peak_asset_price,83.2
290,minsky_moment,peak_asset_price,83.2
291,minsky_moment,peak_asset_price,191.02032193373418
292,minsky_moment,peak_asset_price,123.8858426536678
293,minsky_moment,peak_asset_price,83.2
294,minsky_moment,peak_asset_price,83.2
295,minsky_moment,peak_asset_price,83.2
296,minsky_moment,peak_asset_price,203.02481755981634
297,minsky_moment,peak_asset_price,132.4728249647104
298,minsky_moment,peak_asset_price,83.2
299,minsky_moment,peak_asset_price,83.2
300,minsky_moment,peak_asset_price,83.2
276,minsky_moment,drawdown_from_peak,0.0
277,minsky_moment,drawdown_from_peak,0.0
278,minsky_moment,drawdown_from_peak,-0.8677619034886439
279,minsky_moment,drawdown_from_peak,-0.8677619034886439
280,minsky_moment,drawdown_from_peak,-0.8677619034886439
281,minsky_moment,drawdown_from_peak,0.0
282,minsky_moment,drawdown_from_peak,-0.7240291037311997
283,minsky_moment,drawdown_from_peak,-0.8677619034886439
284,minsky_moment,drawdown_from_peak,-0.8677619034886439
285,minsky_moment,drawdown_from_peak,-0.8677619034886439
286,minsky_moment,drawdown_from_peak,-0.30777599999999994
287,minsky_moment,drawdown_from_peak,-0.808966322301226
288,minsky_moment,drawdown_from_peak,-0.8677619034886439
289,minsky_moment,drawdown_from_peak,-0.8677619034886439
290,minsky_moment,drawdown_from_peak,-0.8677619034886439
291,minsky_moment,drawdown_from_peak,-0.6683042112153843
292,minsky_moment,drawdown_from_peak,-0.84105998015462
293,minsky_moment,drawdown_from_peak,-0.8677619034886439
294,minsky_moment,drawdown_from_peak,-0.8677619034886439
295,minsky_moment,drawdown_from_peak,-0.8677619034886439
296,minsky_moment,drawdown_from_peak,-0.7240291037311999
297,minsky_moment,drawdown_from_peak,-0.84105998015462
298,minsky_moment,drawdown_from_peak,-0.8677619034886439
299,minsky_moment,drawdown_from_peak,-0.8677619034886439
300,minsky_moment,drawdown_from_peak,-0.8677619034886439
276,minsky_moment,ending_leverage,2.919129440672823
277,minsky_moment,ending_leverage,2.919129440672823
278,minsky_moment,ending_leverage,0.9434329958973052
279,minsky_moment,ending_leverage,0.9434329958973052
280,minsky_moment,ending_leverage,0.9434329958973052
281,minsky_moment,ending_leverage,3.6696169455544765
282,minsky_moment,ending_leverage,1.6615245311454518
283,minsky_moment,ending_leverage,0.9434329958973052
284,minsky_moment,ending_leverage,0.9434329958973052
285,minsky_moment,ending_leverage,0.9434329958973052
286,minsky_moment,ending_leverage,3.5282491774460167
287,minsky_moment,ending_leverage,1.4014109856688437
288,minsky_moment,ending_leverage,0.9434329958973052
289,minsky_moment,ending_leverage,0.9434329958973052
290,minsky_moment,ending_leverage,0.9434329958973052
291,minsky_moment,ending_leverage,2.4101168558743455
292,minsky_moment,ending_leverage,1.289694182697621
293,minsky_moment,ending_leverage,0.9434329958973052
294,minsky_moment,ending_leverage,0.9434329958973052
295,minsky_moment,ending_leverage,0.9434329958973052
296,minsky_moment,ending_leverage,2.3222117758110845
297,minsky_moment,ending_leverage,1.3526560084974781
298,minsky_moment,ending_leverage,0.9434329958973052
299,minsky_moment,ending_leverage,0.9434329958973052
300,minsky_moment,ending_leverage,0.9434329958973052
356,leverage_cycle,ending_leverage,4.890477647442483
357,leverage_cycle,ending_leverage,4.208725707855529
358,leverage_cycle,ending_leverage,3.693795935184478
359,leverage_cycle,ending_leverage,3.2911320429850903
360,leverage_cycle,ending_leverage,2.9676283119557483
361,leverage_cycle,ending_leverage,4.4725629563775655
362,leverage_cycle,ending_leverage,4.084182370985737
363,leverage_cycle,ending_leverage,3.7578635963568425
364,leverage_cycle,ending_leverage,3.479831372013138
365,leverage_cycle,ending_leverage,3.2401063395335155
366,leverage_cycle,ending_leverage,4.193969932516746
367,leverage_cycle,ending_leverage,4.020492555478062
368,leverage_cycle,ending_leverage,3.860796409539009
369,leverage_cycle,ending_leverage,3.7133020376582127
370,leverage_cycle,ending_leverage,3.5766624619600464
371,leverage_cycle,ending_leverage,3.999819858081894
372,leverage_cycle,ending_leverage,3.999819858081894
373,leverage_cycle,ending_leverage,3.999819858081894
374,leverage_cycle,ending_leverage,3.999819858081894
375,leverage_cycle,ending_leverage,3.999819858081894
376,leverage_cycle,ending_leverage,3.8609107065095847
377,leverage_cycle,ending_leverage,4.0119116046423455
378,leverage_cycle,ending_leverage,4.1752045920250485
379,leverage_cycle,ending_leverage,4.35235429132448
380,leverage_cycle,ending_leverage,4.545202632490475
381,leverage_cycle,ending_leverage,3.760290334013118
382,leverage_cycle,ending_leverage,4.050678058942427
383,leverage_cycle,ending_leverage,4.3896694712310715
384,leverage_cycle,ending_leverage,4.790581615814853
385,leverage_cycle,ending_leverage,5.272085551030264
386,leverage_cycle,ending_leverage,3.687456755454782
387,leverage_cycle,ending_leverage,4.11251115760394
388,leverage_cycle,ending_leverage,4.648325193434282
389,leverage_cycle,ending_leverage,5.3446765469173
390,leverage_cycle,ending_leverage,6.286426897021017
276,minsky_moment,tightening_periods,0.0
277,minsky_moment,tightening_periods,0.0
278,minsky_moment,tightening_periods,12.0
279,minsky_moment,tightening_periods,12.0
280,minsky_moment,tightening_periods,12.0
281,minsky_moment,tightening_periods,0.0
282,minsky_moment,tightening_periods,7.0
283,minsky_moment,tightening_periods,12.0
284,minsky_moment,tightening_periods,12.0
285,minsky_moment,tightening_periods,12.0
286,minsky_moment,tightening_periods,2.0
287,minsky_moment,tightening_periods,9.0
288,minsky_moment,tightening_periods,12.0
289,minsky_moment,tightening_periods,12.0
290,minsky_moment,tightening_periods,12.0
291,minsky_moment,tightening_periods,6.0
292,minsky_moment,tightening_periods,10.0
293,minsky_moment,tightening_periods,12.0
294,minsky_moment,tightening_periods,12.0
295,minsky_moment,tightening_periods,12.0
296,minsky_moment,tightening_periods,7.0
297,minsky_moment,tightening_periods,10.0
298,minsky_moment,tightening_periods,12.0
299,minsky_moment,tightening_periods,12.0
300,minsky_moment,tightening_periods,12.0
301,flight_to_safety,risk_aversion_shock,0.0
302,flight_to_safety,risk_aversion_shock,0.0
303,flight_to_safety,risk_aversion_shock,0.0
304,flight_to_safety,risk_aversion_shock,0.0
305,flight_to_safety,risk_aversion_shock,0.0
306,flight_to_safety,risk_aversion_shock,0.05
307,flight_to_safety,risk_aversion_shock,0.05
308,flight_to_safety,risk_aversion_shock,0.05
309,flight_to_safety,risk_aversion_shock,0.05
310,flight_to_safety,risk_aversion_shock,0.05
311,flight_to_safety,risk_aversion_shock,0.1
312,flight_to_safety,risk_aversion_shock,0.1
313,flight_to_safety,risk_aversion_shock,0.1
314,flight_to_safety,risk_aversion_shock,0.1
315,flight_to_safety,risk_aversion_shock,0.1
316,flight_to_safety,risk_aversion_shock,0.15
317,flight_to_safety,risk_aversion_shock,0.15
318,flight_to_safety,risk_aversion_shock,0.15
319,flight_to_safety,risk_aversion_shock,0.15
320,flight_to_safety,risk_aversion_shock,0.15
321,flight_to_safety,risk_aversion_shock,0.2
322,flight_to_safety,risk_aversion_shock,0.2
323,flight_to_safety,risk_aversion_shock,0.2
324,flight_to_safety,risk_aversion_shock,0.2
325,flight_to_safety,risk_aversion_shock,0.2
326,flight_to_safety,risk_aversion_shock,0.25
327,flight_to_safety,risk_aversion_shock,0.25
328,flight_to_safety,risk_aversion_shock,0.25
329,flight_to_safety,risk_aversion_shock,0.25
330,flight_to_safety,risk_aversion_shock,0.25
301,flight_to_safety,safe_market_depth,500.0
302,flight_to_safety,safe_market_depth,750.0
303,flight_to_safety,safe_market_depth,1000.0
304,flight_to_safety,safe_market_depth,1500.0
305,flight_to_safety,safe_market_depth,2000.0
306,flight_to_safety,safe_market_depth,500.0
307,flight_to_safety,safe_market_depth,750.0
308,flight_to_safety,safe_market_depth,1000.0
309,flight_to_safety,safe_market_depth,1500.0
310,flight_to_safety,safe_market_depth,2000.0
311,flight_to_safety,safe_market_depth,500.0
312,flight_to_safety,safe_market_depth,750.0
313,flight_to_safety,safe_market_depth,1000.0
314,flight_to_safety,safe_market_depth,1500.0
315,flight_to_safety,safe_market_depth,2000.0
316,flight_to_safety,safe_market_depth,500.0
317,flight_to_safety,safe_market_depth,750.0
318,flight_to_safety,safe_market_depth,1000.0
319,flight_to_safety,safe_market_depth,1500.0
320,flight_to_safety,safe_market_depth,2000.0
321,flight_to_safety,safe_market_depth,500.0
322,flight_to_safety,safe_market_depth,750.0
323,flight_to_safety,safe_market_depth,1000.0
324,flight_to_safety,safe_market_depth,1500.0
325,flight_to_safety,safe_market_depth,2000.0
326,flight_to_safety,safe_market_depth,500.0
327,flight_to_safety,safe_market_depth,750.0
328,flight_to_safety,safe_market_depth,1000.0
329,flight_to_safety,safe_market_depth,1500.0
330,flight_to_safety,safe_market_depth,2000.0
301,flight_to_safety,flow_to_safe,0.0
302,flight_to_safety,flow_to_safe,0.0
303,flight_to_safety,flow_to_safe,0.0
304,flight_to_safety,flow_to_safe,0.0
305,flight_to_safety,flow_to_safe,0.0
306,flight_to_safety,flow_to_safe,4.0
307,flight_to_safety,flow_to_safe,4.0
308,flight_to_safety,flow_to_safe,4.0
309,flight_to_safety,flow_to_safe,4.0
310,flight_to_safety,flow_to_safe,4.0
311,flight_to_safety,flow_to_safe,8.0
312,flight_to_safety,flow_to_safe,8.0
313,flight_to_safety,flow_to_safe,8.0
314,flight_to_safety,flow_to_safe,8.0
315,flight_to_safety,flow_to_safe,8.0
316,flight_to_safety,flow_to_safe,12.0
317,flight_to_safety,flow_to_safe,12.0
318,flight_to_safety,flow_to_safe,12.0
319,flight_to_safety,flow_to_safe,12.0
320,flight_to_safety,flow_to_safe,12.0
321,flight_to_safety,flow_to_safe,16.0
322,flight_to_safety,flow_to_safe,16.0
323,flight_to_safety,flow_to_safe,16.0
324,flight_to_safety,flow_to_safe,16.0
325,flight_to_safety,flow_to_safe,16.0
326,flight_to_safety,flow_to_safe,20.0
327,flight_to_safety,flow_to_safe,20.0
328,flight_to_safety,flow_to_safe,20.0
329,flight_to_safety,flow_to_safe,20.0
330,flight_to_safety,flow_to_safe,20.0
301,flight_to_safety,safe_asset_return,0.0
302,flight_to_safety,safe_asset_return,0.0
303,flight_to_safety,safe_asset_return,0.0
304,flight_to_safety,safe_asset_return,0.0
305,flight_to_safety,safe_asset_return,0.0
306,flight_to_safety,safe_asset_return,0.008
307,flight_to_safety,safe_asset_return,0.005333333333333333
308,flight_to_safety,safe_asset_return,0.004
309,flight_to_safety,safe_asset_return,0.0026666666666666666
310,flight_to_safety,safe_asset_return,0.002
311,flight_to_safety,safe_asset_return,0.016
312,flight_to_safety,safe_asset_return,0.010666666666666666
313,flight_to_safety,safe_asset_return,0.008
314,flight_to_safety,safe_asset_return,0.005333333333333333
315,flight_to_safety,safe_asset_return,0.004
316,flight_to_safety,safe_asset_return,0.024
317,flight_to_safety,safe_asset_return,0.016
318,flight_to_safety,safe_asset_return,0.012
319,flight_to_safety,safe_asset_return,0.008
320,flight_to_safety,safe_asset_return,0.006
321,flight_to_safety,safe_asset_return,0.032
322,flight_to_safety,safe_asset_return,0.021333333333333333
323,flight_to_safety,safe_asset_return,0.016
324,flight_to_safety,safe_asset_return,0.010666666666666666
325,flight_to_safety,safe_asset_return,0.008
326,flight_to_safety,safe_asset_return,0.04
327,flight_to_safety,safe_asset_return,0.02666666666666667
328,flight_to_safety,safe_asset_return,0.02
329,flight_to_safety,safe_asset_return,0.013333333333333334
330,flight_to_safety,safe_asset_return,0.01
301,flight_to_safety,risky_asset_return,0.0
302,flight_to_safety,risky_asset_return,0.0
303,flight_to_safety,risky_asset_return,0.0
304,flight_to_safety,risky_asset_return,0.0
305,flight_to_safety,risky_asset_return,0.0
306,flight_to_safety,risky_asset_return,-0.005333333333333333
307,flight_to_safety,risky_asset_return,-0.005333333333333333
308,flight_to_safety,risky_asset_return,-0.005333333333333333
309,flight_to_safety,risky_asset_return,-0.005333333333333333
310,flight_to_safety,risky_asset_return,-0.005333333333333333
311,flight_to_safety,risky_asset_return,-0.010666666666666666
312,flight_to_safety,risky_asset_return,-0.010666666666666666
313,flight_to_safety,risky_asset_return,-0.010666666666666666
314,flight_to_safety,risky_asset_return,-0.010666666666666666
315,flight_to_safety,risky_asset_return,-0.010666666666666666
316,flight_to_safety,risky_asset_return,-0.016
317,flight_to_safety,risky_asset_return,-0.016
318,flight_to_safety,risky_asset_return,-0.016
319,flight_to_safety,risky_asset_return,-0.016
320,flight_to_safety,risky_asset_return,-0.016
321,flight_to_safety,risky_asset_return,-0.021333333333333333
322,flight_to_safety,risky_asset_return,-0.021333333333333333
323,flight_to_safety,risky_asset_return,-0.021333333333333333
324,flight_to_safety,risky_asset_return,-0.021333333333333333
325,flight_to_safety,risky_asset_return,-0.021333333333333333
326,flight_to_safety,risky_asset_return,-0.02666666666666667
327,flight_to_safety,risky_asset_return,-0.02666666666666667
328,flight_to_safety,risky_asset_return,-0.02666666666666667
329,flight_to_safety,risky_asset_return,-0.02666666666666667
330,flight_to_safety,risky_asset_return,-0.02666666666666667
301,flight_to_safety,new_safe_weight,0.3
302,flight_to_safety,new_safe_weight,0.3
303,flight_to_safety,new_safe_weight,0.3
304,flight_to_safety,new_safe_weight,0.3
305,flight_to_safety,new_safe_weight,0.3
306,flight_to_safety,new_safe_weight,0.34
307,flight_to_safety,new_safe_weight,0.34
308,flight_to_safety,new_safe_weight,0.34
309,flight_to_safety,new_safe_weight,0.34
310,flight_to_safety,new_safe_weight,0.34
311,flight_to_safety,new_safe_weight,0.38
312,flight_to_safety,new_safe_weight,0.38
313,flight_to_safety,new_safe_weight,0.38
314,flight_to_safety,new_safe_weight,0.38
315,flight_to_safety,new_safe_weight,0.38
316,flight_to_safety,new_safe_weight,0.42
317,flight_to_safety,new_safe_weight,0.42
318,flight_to_safety,new_safe_weight,0.42
319,flight_to_safety,new_safe_weight,0.42
320,flight_to_safety,new_safe_weight,0.42
321,flight_to_safety,new_safe_weight,0.46
322,flight_to_safety,new_safe_weight,0.46
323,flight_to_safety,new_safe_weight,0.46
324,flight_to_safety,new_safe_weight,0.46
325,flight_to_safety,new_safe_weight,0.46
326,flight_to_safety,new_safe_weight,0.5
327,flight_to_safety,new_safe_weight,0.5
328,flight_to_safety,new_safe_weight,0.5
329,flight_to_safety,new_safe_weight,0.5
330,flight_to_safety,new_safe_weight,0.5
301,flight_to_safety,spread_move,0.0
302,flight_to_safety,spread_move,0.0
303,flight_to_safety,spread_move,0.0
304,flight_to_safety,spread_move,0.0
305,flight_to_safety,spread_move,0.0
306,flight_to_safety,spread_move,0.013333333333333332
307,flight_to_safety,spread_move,0.010666666666666666
308,flight_to_safety,spread_move,0.009333333333333332
309,flight_to_safety,spread_move,0.008
310,flight_to_safety,spread_move,0.007333333333333333
311,flight_to_safety,spread_move,0.026666666666666665
312,flight_to_safety,spread_move,0.021333333333333333
313,flight_to_safety,spread_move,0.018666666666666665
314,flight_to_safety,spread_move,0.016
315,flight_to_safety,spread_move,0.014666666666666666
316,flight_to_safety,spread_move,0.04
317,flight_to_safety,spread_move,0.032
318,flight_to_safety,spread_move,0.028
319,flight_to_safety,spread_move,0.024
320,flight_to_safety,spread_move,0.022
321,flight_to_safety,spread_move,0.05333333333333333
322,flight_to_safety,spread_move,0.042666666666666665
323,flight_to_safety,spread_move,0.03733333333333333
324,flight_to_safety,spread_move,0.032
325,flight_to_safety,spread_move,0.029333333333333333
326,flight_to_safety,spread_move,0.06666666666666667
327,flight_to_safety,spread_move,0.05333333333333334
328,flight_to_safety,spread_move,0.04666666666666667
329,flight_to_safety,spread_move,0.04
330,flight_to_safety,spread_move,0.03666666666666667
331,risk_on_risk_off,equity_weight,0.2
332,risk_on_risk_off,equity_weight,0.2
333,risk_on_risk_off,equity_weight,0.2
334,risk_on_risk_off,equity_weight,0.2
335,risk_on_risk_off,equity_weight,0.2
336,risk_on_risk_off,equity_weight,0.35
337,risk_on_risk_off,equity_weight,0.35
338,risk_on_risk_off,equity_weight,0.35
339,risk_on_risk_off,equity_weight,0.35
340,risk_on_risk_off,equity_weight,0.35
341,risk_on_risk_off,equity_weight,0.5
342,risk_on_risk_off,equity_weight,0.5
343,risk_on_risk_off,equity_weight,0.5
344,risk_on_risk_off,equity_weight,0.5
345,risk_on_risk_off,equity_weight,0.5
346,risk_on_risk_off,equity_weight,0.65
347,risk_on_risk_off,equity_weight,0.65
348,risk_on_risk_off,equity_weight,0.65
349,risk_on_risk_off,equity_weight,0.65
350,risk_on_risk_off,equity_weight,0.65
351,risk_on_risk_off,equity_weight,0.8
352,risk_on_risk_off,equity_weight,0.8
353,risk_on_risk_off,equity_weight,0.8
354,risk_on_risk_off,equity_weight,0.8
355,risk_on_risk_off,equity_weight,0.8
331,risk_on_risk_off,equity_return,-0.25
332,risk_on_risk_off,equity_return,-0.15
333,risk_on_risk_off,equity_return,-0.05
334,risk_on_risk_off,equity_return,0.05
335,risk_on_risk_off,equity_return,0.15
336,risk_on_risk_off,equity_return,-0.25
337,risk_on_risk_off,equity_return,-0.15
338,risk_on_risk_off,equity_return,-0.05
339,risk_on_risk_off,equity_return,0.05
340,risk_on_risk_off,equity_return,0.15
341,risk_on_risk_off,equity_return,-0.25
342,risk_on_risk_off,equity_return,-0.15
343,risk_on_risk_off,equity_return,-0.05
344,risk_on_risk_off,equity_return,0.05
345,risk_on_risk_off,equity_return,0.15
346,risk_on_risk_off,equity_return,-0.25
347,risk_on_risk_off,equity_return,-0.15
348,risk_on_risk_off,equity_return,-0.05
349,risk_on_risk_off,equity_return,0.05
350,risk_on_risk_off,equity_return,0.15
351,risk_on_risk_off,equity_return,-0.25
352,risk_on_risk_off,equity_return,-0.15
353,risk_on_risk_off,equity_return,-0.05
354,risk_on_risk_off,equity_return,0.05
355,risk_on_risk_off,equity_return,0.15
331,risk_on_risk_off,equity_contribution,-0.05
332,risk_on_risk_off,equity_contribution,-0.03
333,risk_on_risk_off,equity_contribution,-0.010000000000000002
334,risk_on_risk_off,equity_contribution,0.010000000000000002
335,risk_on_risk_off,equity_contribution,0.03
336,risk_on_risk_off,equity_contribution,-0.0875
337,risk_on_risk_off,equity_contribution,-0.0525
338,risk_on_risk_off,equity_contribution,-0.017499999999999998
339,risk_on_risk_off,equity_contribution,0.017499999999999998
340,risk_on_risk_off,equity_contribution,0.0525
341,risk_on_risk_off,equity_contribution,-0.125
342,risk_on_risk_off,equity_contribution,-0.075
343,risk_on_risk_off,equity_contribution,-0.025
344,risk_on_risk_off,equity_contribution,0.025
345,risk_on_risk_off,equity_contribution,0.075
346,risk_on_risk_off,equity_contribution,-0.1625
347,risk_on_risk_off,equity_contribution,-0.0975
348,risk_on_risk_off,equity_contribution,-0.0325
349,risk_on_risk_off,equity_contribution,0.0325
350,risk_on_risk_off,equity_contribution,0.0975
351,risk_on_risk_off,equity_contribution,-0.2
352,risk_on_risk_off,equity_contribution,-0.12
353,risk_on_risk_off,equity_contribution,-0.04000000000000001
354,risk_on_risk_off,equity_contribution,0.04000000000000001
355,risk_on_risk_off,equity_contribution,0.12
331,risk_on_risk_off,bond_contribution,0.027999999999999997
332,risk_on_risk_off,bond_contribution,0.027999999999999997
333,risk_on_risk_off,bond_contribution,0.027999999999999997
334,risk_on_risk_off,bond_contribution,0.027999999999999997
335,risk_on_risk_off,bond_contribution,0.027999999999999997
336,risk_on_risk_off,bond_contribution,0.022000000000000002
337,risk_on_risk_off,bond_contribution,0.022000000000000002
338,risk_on_risk_off,bond_contribution,0.022000000000000002
339,risk_on_risk_off,bond_contribution,0.022000000000000002
340,risk_on_risk_off,bond_contribution,0.022000000000000002
341,risk_on_risk_off,bond_contribution,0.016
342,risk_on_risk_off,bond_contribution,0.016
343,risk_on_risk_off,bond_contribution,0.016
344,risk_on_risk_off,bond_contribution,0.016
345,risk_on_risk_off,bond_contribution,0.016
346,risk_on_risk_off,bond_contribution,0.01
347,risk_on_risk_off,bond_contribution,0.01
348,risk_on_risk_off,bond_contribution,0.01
349,risk_on_risk_off,bond_contribution,0.01
350,risk_on_risk_off,bond_contribution,0.01
351,risk_on_risk_off,bond_contribution,0.003999999999999999
352,risk_on_risk_off,bond_contribution,0.003999999999999999
353,risk_on_risk_off,bond_contribution,0.003999999999999999
354,risk_on_risk_off,bond_contribution,0.003999999999999999
355,risk_on_risk_off,bond_contribution,0.003999999999999999
331,risk_on_risk_off,cash_contribution,0.002
332,risk_on_risk_off,cash_contribution,0.002
333,risk_on_risk_off,cash_contribution,0.002
334,risk_on_risk_off,cash_contribution,0.002
335,risk_on_risk_off,cash_contribution,0.002
336,risk_on_risk_off,cash_contribution,0.002
337,risk_on_risk_off,cash_contribution,0.002
338,risk_on_risk_off,cash_contribution,0.002
339,risk_on_risk_off,cash_contribution,0.002
340,risk_on_risk_off,cash_contribution,0.002
341,risk_on_risk_off,cash_contribution,0.002
342,risk_on_risk_off,cash_contribution,0.002
343,risk_on_risk_off,cash_contribution,0.002
344,risk_on_risk_off,cash_contribution,0.002
345,risk_on_risk_off,cash_contribution,0.002
346,risk_on_risk_off,cash_contribution,0.002
347,risk_on_risk_off,cash_contribution,0.002
348,risk_on_risk_off,cash_contribution,0.002
349,risk_on_risk_off,cash_contribution,0.002
350,risk_on_risk_off,cash_contribution,0.002
351,risk_on_risk_off,cash_contribution,0.002
352,risk_on_risk_off,cash_contribution,0.002
353,risk_on_risk_off,cash_contribution,0.002
354,risk_on_risk_off,cash_contribution,0.002
355,risk_on_risk_off,cash_contribution,0.002
331,risk_on_risk_off,portfolio_return,-0.020000000000000004
332,risk_on_risk_off,portfolio_return,-1.734723475976807e-18
333,risk_on_risk_off,portfolio_return,0.019999999999999997
334,risk_on_risk_off,portfolio_return,0.04
335,risk_on_risk_off,portfolio_return,0.06
336,risk_on_risk_off,portfolio_return,-0.06349999999999999
337,risk_on_risk_off,portfolio_return,-0.028499999999999998
338,risk_on_risk_off,portfolio_return,0.006500000000000004
339,risk_on_risk_off,portfolio_return,0.0415
340,risk_on_risk_off,portfolio_return,0.0765
341,risk_on_risk_off,portfolio_return,-0.107
342,risk_on_risk_off,portfolio_return,-0.056999999999999995
343,risk_on_risk_off,portfolio_return,-0.007000000000000001
344,risk_on_risk_off,portfolio_return,0.043000000000000003
345,risk_on_risk_off,portfolio_return,0.093
346,risk_on_risk_off,portfolio_return,-0.1505
347,risk_on_risk_off,portfolio_return,-0.0855
348,risk_on_risk_off,portfolio_return,-0.020499999999999997
349,risk_on_risk_off,portfolio_return,0.044500000000000005
350,risk_on_risk_off,portfolio_return,0.1095
351,risk_on_risk_off,portfolio_return,-0.194
352,risk_on_risk_off,portfolio_return,-0.11399999999999999
353,risk_on_risk_off,portfolio_return,-0.03400000000000001
354,risk_on_risk_off,portfolio_return,0.046000000000000006
355,risk_on_risk_off,portfolio_return,0.126
331,risk_on_risk_off,risk_asset_weight,0.2
332,risk_on_risk_off,risk_asset_weight,0.2
333,risk_on_risk_off,risk_asset_weight,0.2
334,risk_on_risk_off,risk_asset_weight,0.2
335,risk_on_risk_off,risk_asset_weight,0.2
336,risk_on_risk_off,risk_asset_weight,0.35
337,risk_on_risk_off,risk_asset_weight,0.35
338,risk_on_risk_off,risk_asset_weight,0.35
339,risk_on_risk_off,risk_asset_weight,0.35
340,risk_on_risk_off,risk_asset_weight,0.35
341,risk_on_risk_off,risk_asset_weight,0.5
342,risk_on_risk_off,risk_asset_weight,0.5
343,risk_on_risk_off,risk_asset_weight,0.5
344,risk_on_risk_off,risk_asset_weight,0.5
345,risk_on_risk_off,risk_asset_weight,0.5
346,risk_on_risk_off,risk_asset_weight,0.65
347,risk_on_risk_off,risk_asset_weight,0.65
348,risk_on_risk_off,risk_asset_weight,0.65
349,risk_on_risk_off,risk_asset_weight,0.65
350,risk_on_risk_off,risk_asset_weight,0.65
351,risk_on_risk_off,risk_asset_weight,0.8
352,risk_on_risk_off,risk_asset_weight,0.8
353,risk_on_risk_off,risk_asset_weight,0.8
354,risk_on_risk_off,risk_asset_weight,0.8
355,risk_on_risk_off,risk_asset_weight,0.8
356,leverage_cycle,asset_return,-0.15
357,leverage_cycle,asset_return,-0.15
358,leverage_cycle,asset_return,-0.15
359,leverage_cycle,asset_return,-0.15
360,leverage_cycle,asset_return,-0.15
361,leverage_cycle,asset_return,-0.1
362,leverage_cycle,asset_return,-0.1
363,leverage_cycle,asset_return,-0.1
364,leverage_cycle,asset_return,-0.1
365,leverage_cycle,asset_return,-0.1
366,leverage_cycle,asset_return,-0.05
367,leverage_cycle,asset_return,-0.05
368,leverage_cycle,asset_return,-0.05
369,leverage_cycle,asset_return,-0.05
370,leverage_cycle,asset_return,-0.05
371,leverage_cycle,asset_return,0.0
372,leverage_cycle,asset_return,0.0
373,leverage_cycle,asset_return,0.0
374,leverage_cycle,asset_return,0.0
375,leverage_cycle,asset_return,0.0
376,leverage_cycle,asset_return,0.05
377,leverage_cycle,asset_return,0.05
378,leverage_cycle,asset_return,0.05
379,leverage_cycle,asset_return,0.05
380,leverage_cycle,asset_return,0.05
381,leverage_cycle,asset_return,0.1
382,leverage_cycle,asset_return,0.1
383,leverage_cycle,asset_return,0.1
384,leverage_cycle,asset_return,0.1
385,leverage_cycle,asset_return,0.1
386,leverage_cycle,asset_return,0.15
387,leverage_cycle,asset_return,0.15
388,leverage_cycle,asset_return,0.15
389,leverage_cycle,asset_return,0.15
390,leverage_cycle,asset_return,0.15
356,leverage_cycle,procyclicality,0.2
357,leverage_cycle,procyclicality,0.4
358,leverage_cycle,procyclicality,0.6
359,leverage_cycle,procyclicality,0.8
360,leverage_cycle,procyclicality,1.0
361,leverage_cycle,procyclicality,0.2
362,leverage_cycle,procyclicality,0.4
363,leverage_cycle,procyclicality,0.6
364,leverage_cycle,procyclicality,0.8
365,leverage_cycle,procyclicality,1.0
366,leverage_cycle,procyclicality,0.2
367,leverage_cycle,procyclicality,0.4
368,leverage_cycle,procyclicality,0.6
369,leverage_cycle,procyclicality,0.8
370,leverage_cycle,procyclicality,1.0
371,leverage_cycle,procyclicality,0.2
372,leverage_cycle,procyclicality,0.4
373,leverage_cycle,procyclicality,0.6
374,leverage_cycle,procyclicality,0.8
375,leverage_cycle,procyclicality,1.0
376,leverage_cycle,procyclicality,0.2
377,leverage_cycle,procyclicality,0.4
378,leverage_cycle,procyclicality,0.6
379,leverage_cycle,procyclicality,0.8
380,leverage_cycle,procyclicality,1.0
381,leverage_cycle,procyclicality,0.2
382,leverage_cycle,procyclicality,0.4
383,leverage_cycle,procyclicality,0.6
384,leverage_cycle,procyclicality,0.8
385,leverage_cycle,procyclicality,1.0
386,leverage_cycle,procyclicality,0.2
387,leverage_cycle,procyclicality,0.4
388,leverage_cycle,procyclicality,0.6
389,leverage_cycle,procyclicality,0.8
390,leverage_cycle,procyclicality,1.0
356,leverage_cycle,ending_collateral,27.249052503906245
357,leverage_cycle,ending_collateral,27.249052503906245
358,leverage_cycle,ending_collateral,27.249052503906245
359,leverage_cycle,ending_collateral,27.249052503906245
360,leverage_cycle,ending_collateral,27.249052503906245
361,leverage_cycle,ending_collateral,43.04672100000001
362,leverage_cycle,ending_collateral,43.04672100000001
363,leverage_cycle,ending_collateral,43.04672100000001
364,leverage_cycle,ending_collateral,43.04672100000001
365,leverage_cycle,ending_collateral,43.04672100000001
366,leverage_cycle,ending_collateral,66.34204312890623
367,leverage_cycle,ending_collateral,66.34204312890623
368,leverage_cycle,ending_collateral,66.34204312890623
369,leverage_cycle,ending_collateral,66.34204312890623
370,leverage_cycle,ending_collateral,66.34204312890623
371,leverage_cycle,ending_collateral,100.0
372,leverage_cycle,ending_collateral,100.0
373,leverage_cycle,ending_collateral,100.0
374,leverage_cycle,ending_collateral,100.0
375,leverage_cycle,ending_collateral,100.0
376,leverage_cycle,ending_collateral,147.74554437890632
377,leverage_cycle,ending_collateral,147.74554437890632
378,leverage_cycle,ending_collateral,147.74554437890632
379,leverage_cycle,ending_collateral,147.74554437890632
380,leverage_cycle,ending_collateral,147.74554437890632
381,leverage_cycle,ending_collateral,214.3588810000002
382,leverage_cycle,ending_collateral,214.3588810000002
383,leverage_cycle,ending_collateral,214.3588810000002
384,leverage_cycle,ending_collateral,214.3588810000002
385,leverage_cycle,ending_collateral,214.3588810000002
386,leverage_cycle,ending_collateral,305.902286253906
387,leverage_cycle,ending_collateral,305.902286253906
388,leverage_cycle,ending_collateral,305.902286253906
389,leverage_cycle,ending_collateral,305.902286253906
390,leverage_cycle,ending_collateral,305.902286253906
356,leverage_cycle,ending_debt,21.67719337923437
357,leverage_cycle,ending_debt,20.77463378542187
358,leverage_cycle,ending_debt,19.87207419160937
359,leverage_cycle,ending_debt,18.96951459779687
360,leverage_cycle,ending_debt,18.066955003984372
361,leverage_cycle,ending_debt,33.42210052626954
362,leverage_cycle,ending_debt,32.506858405761726
363,leverage_cycle,ending_debt,31.59161628525391
364,leverage_cycle,ending_debt,30.676374164746097
365,leverage_cycle,ending_debt,29.76113204423829
366,leverage_cycle,ending_debt,50.52360756632811
367,leverage_cycle,ending_debt,49.84106912796874
368,leverage_cycle,ending_debt,49.158530689609364
369,leverage_cycle,ending_debt,48.475992251249984
370,leverage_cycle,ending_debt,47.79345381289061
371,leverage_cycle,ending_debt,74.9988740623047
372,leverage_cycle,ending_debt,74.9988740623047
373,leverage_cycle,ending_debt,74.9988740623047
374,leverage_cycle,ending_debt,74.9988740623047
375,leverage_cycle,ending_debt,74.9988740623047
376,leverage_cycle,ending_debt,109.47852511585941
377,leverage_cycle,ending_debt,110.91882461570317
378,leverage_cycle,ending_debt,112.35912411554693
379,leverage_cycle,ending_debt,113.79942361539068
380,leverage_cycle,ending_debt,115.23972311523443
381,leverage_cycle,ending_debt,157.35294210718374
382,leverage_cycle,ending_debt,161.43962208067592
383,leverage_cycle,ending_debt,165.52630205416813
384,leverage_cycle,ending_debt,169.6129820276603
385,leverage_cycle,ending_debt,173.6996620011525
386,leverage_cycle,ending_debt,222.94476117882797
387,leverage_cycle,ending_debt,231.51895341156234
388,leverage_cycle,ending_debt,240.09314564429673
389,leverage_cycle,ending_debt,248.66733787703106
390,leverage_cycle,ending_debt,257.24153010976545
356,leverage_cycle,debt_capacity_change,-50.380682197187504
357,leverage_cycle,debt_capacity_change,-51.19815377230469
358,leverage_cycle,debt_capacity_change,-52.015625347421874
359,leverage_cycle,debt_capacity_change,-52.83309692253907
360,leverage_cycle,debt_capacity_change,-53.65056849765625
361,leverage_cycle,debt_capacity_change,-38.57589366999999
362,leverage_cycle,debt_capacity_change,-39.43682808999999
363,leverage_cycle,debt_capacity_change,-40.29776251
364,leverage_cycle,debt_capacity_change,-41.15869692999999
365,leverage_cycle,debt_capacity_change,-42.01963134999999
366,leverage_cycle,debt_capacity_change,-20.906888084609392
367,leverage_cycle,debt_capacity_change,-21.570308515898454
368,leverage_cycle,debt_capacity_change,-22.233728947187515
369,leverage_cycle,debt_capacity_change,-22.897149378476584
370,leverage_cycle,debt_capacity_change,-23.560569809765646
371,leverage_cycle,debt_capacity_change,5.0
372,leverage_cycle,debt_capacity_change,5.0
373,leverage_cycle,debt_capacity_change,5.0
374,leverage_cycle,debt_capacity_change,5.0
375,leverage_cycle,debt_capacity_change,5.0
376,leverage_cycle,debt_capacity_change,42.2866137279688
377,leverage_cycle,debt_capacity_change,43.76406917175787
378,leverage_cycle,debt_capacity_change,45.241524615546936
379,leverage_cycle,debt_capacity_change,46.71898005933599
380,leverage_cycle,debt_capacity_change,48.19643550312506
381,leverage_cycle,debt_capacity_change,95.05633837000016
382,leverage_cycle,debt_capacity_change,99.34351599000016
383,leverage_cycle,debt_capacity_change,103.63069361000018
384,leverage_cycle,debt_capacity_change,107.91787123000017
385,leverage_cycle,debt_capacity_change,112.20504885000017
386,leverage_cycle,debt_capacity_change,168.6037832780467
387,leverage_cycle,debt_capacity_change,177.7808518656639
388,leverage_cycle,debt_capacity_change,186.95792045328108
389,leverage_cycle,debt_capacity_change,196.13498904089823
390,leverage_cycle,debt_capacity_change,205.31205762851545
391,dilution_effect,new_shares,0.0
392,dilution_effect,new_shares,0.0
393,dilution_effect,new_shares,0.0
394,dilution_effect,new_shares,0.0
395,dilution_effect,new_shares,0.0
396,dilution_effect,new_shares,10.0
397,dilution_effect,new_shares,10.0
398,dilution_effect,new_shares,10.0
399,dilution_effect,new_shares,10.0
400,dilution_effect,new_shares,10.0
401,dilution_effect,new_shares,20.0
402,dilution_effect,new_shares,20.0
403,dilution_effect,new_shares,20.0
404,dilution_effect,new_shares,20.0
405,dilution_effect,new_shares,20.0
406,dilution_effect,new_shares,30.0
407,dilution_effect,new_shares,30.0
408,dilution_effect,new_shares,30.0
409,dilution_effect,new_shares,30.0
410,dilution_effect,new_shares,30.0
411,dilution_effect,new_shares,40.0
412,dilution_effect,new_shares,40.0
413,dilution_effect,new_shares,40.0
414,dilution_effect,new_shares,40.0
415,dilution_effect,new_shares,40.0
416,dilution_effect,new_shares,50.0
417,dilution_effect,new_shares,50.0
418,dilution_effect,new_shares,50.0
419,dilution_effect,new_shares,50.0
420,dilution_effect,new_shares,50.0
391,dilution_effect,return_on_proceeds,0.0
392,dilution_effect,return_on_proceeds,0.02
393,dilution_effect,return_on_proceeds,0.04
394,dilution_effect,return_on_proceeds,0.06
395,dilution_effect,return_on_proceeds,0.08
396,dilution_effect,return_on_proceeds,0.0
397,dilution_effect,return_on_proceeds,0.02
398,dilution_effect,return_on_proceeds,0.04
399,dilution_effect,return_on_proceeds,0.06
400,dilution_effect,return_on_proceeds,0.08
401,dilution_effect,return_on_proceeds,0.0
402,dilution_effect,return_on_proceeds,0.02
403,dilution_effect,return_on_proceeds,0.04
404,dilution_effect,return_on_proceeds,0.06
405,dilution_effect,return_on_proceeds,0.08
406,dilution_effect,return_on_proceeds,0.0
407,dilution_effect,return_on_proceeds,0.02
408,dilution_effect,return_on_proceeds,0.04
409,dilution_effect,return_on_proceeds,0.06
410,dilution_effect,return_on_proceeds,0.08
411,dilution_effect,return_on_proceeds,0.0
412,dilution_effect,return_on_proceeds,0.02
413,dilution_effect,return_on_proceeds,0.04
414,dilution_effect,return_on_proceeds,0.06
415,dilution_effect,return_on_proceeds,0.08
416,dilution_effect,return_on_proceeds,0.0
417,dilution_effect,return_on_proceeds,0.02
418,dilution_effect,return_on_proceeds,0.04
419,dilution_effect,return_on_proceeds,0.06
420,dilution_effect,return_on_proceeds,0.08
391,dilution_effect,gross_proceeds,0.0
392,dilution_effect,gross_proceeds,0.0
393,dilution_effect,gross_proceeds,0.0
394,dilution_effect,gross_proceeds,0.0
395,dilution_effect,gross_proceeds,0.0
396,dilution_effect,gross_proceeds,200.0
397,dilution_effect,gross_proceeds,200.0
398,dilution_effect,gross_proceeds,200.0
399,dilution_effect,gross_proceeds,200.0
400,dilution_effect,gross_proceeds,200.0
401,dilution_effect,gross_proceeds,400.0
402,dilution_effect,gross_proceeds,400.0
403,dilution_effect,gross_proceeds,400.0
404,dilution_effect,gross_proceeds,400.0
405,dilution_effect,gross_proceeds,400.0
406,dilution_effect,gross_proceeds,600.0
407,dilution_effect,gross_proceeds,600.0
408,dilution_effect,gross_proceeds,600.0
409,dilution_effect,gross_proceeds,600.0
410,dilution_effect,gross_proceeds,600.0
411,dilution_effect,gross_proceeds,800.0
412,dilution_effect,gross_proceeds,800.0
413,dilution_effect,gross_proceeds,800.0
414,dilution_effect,gross_proceeds,800.0
415,dilution_effect,gross_proceeds,800.0
416,dilution_effect,gross_proceeds,1000.0
417,dilution_effect,gross_proceeds,1000.0
418,dilution_effect,gross_proceeds,1000.0
419,dilution_effect,gross_proceeds,1000.0
420,dilution_effect,gross_proceeds,1000.0
391,dilution_effect,incremental_income,0.0
392,dilution_effect,incremental_income,0.0
393,dilution_effect,incremental_income,0.0
394,dilution_effect,incremental_income,0.0
395,dilution_effect,incremental_income,0.0
396,dilution_effect,incremental_income,0.0
397,dilution_effect,incremental_income,4.0
398,dilution_effect,incremental_income,8.0
399,dilution_effect,incremental_income,12.0
400,dilution_effect,incremental_income,16.0
401,dilution_effect,incremental_income,0.0
402,dilution_effect,incremental_income,8.0
403,dilution_effect,incremental_income,16.0
404,dilution_effect,incremental_income,24.0
405,dilution_effect,incremental_income,32.0
406,dilution_effect,incremental_income,0.0
407,dilution_effect,incremental_income,12.0
408,dilution_effect,incremental_income,24.0
409,dilution_effect,incremental_income,36.0
410,dilution_effect,incremental_income,48.0
411,dilution_effect,incremental_income,0.0
412,dilution_effect,incremental_income,16.0
413,dilution_effect,incremental_income,32.0
414,dilution_effect,incremental_income,48.0
415,dilution_effect,incremental_income,64.0
416,dilution_effect,incremental_income,0.0
417,dilution_effect,incremental_income,20.0
418,dilution_effect,incremental_income,40.0
419,dilution_effect,incremental_income,60.0
420,dilution_effect,incremental_income,80.0
391,dilution_effect,pro_forma_shares,100.0
392,dilution_effect,pro_forma_shares,100.0
393,dilution_effect,pro_forma_shares,100.0
394,dilution_effect,pro_forma_shares,100.0
395,dilution_effect,pro_forma_shares,100.0
396,dilution_effect,pro_forma_shares,110.0
397,dilution_effect,pro_forma_shares,110.0
398,dilution_effect,pro_forma_shares,110.0
399,dilution_effect,pro_forma_shares,110.0
400,dilution_effect,pro_forma_shares,110.0
401,dilution_effect,pro_forma_shares,120.0
402,dilution_effect,pro_forma_shares,120.0
403,dilution_effect,pro_forma_shares,120.0
404,dilution_effect,pro_forma_shares,120.0
405,dilution_effect,pro_forma_shares,120.0
406,dilution_effect,pro_forma_shares,130.0
407,dilution_effect,pro_forma_shares,130.0
408,dilution_effect,pro_forma_shares,130.0
409,dilution_effect,pro_forma_shares,130.0
410,dilution_effect,pro_forma_shares,130.0
411,dilution_effect,pro_forma_shares,140.0
412,dilution_effect,pro_forma_shares,140.0
413,dilution_effect,pro_forma_shares,140.0
414,dilution_effect,pro_forma_shares,140.0
415,dilution_effect,pro_forma_shares,140.0
416,dilution_effect,pro_forma_shares,150.0
417,dilution_effect,pro_forma_shares,150.0
418,dilution_effect,pro_forma_shares,150.0
419,dilution_effect,pro_forma_shares,150.0
420,dilution_effect,pro_forma_shares,150.0
421,ma_accretion_dilution,pro_forma_shares,103.0
422,ma_accretion_dilution,pro_forma_shares,103.0
423,ma_accretion_dilution,pro_forma_shares,103.0
424,ma_accretion_dilution,pro_forma_shares,103.0
425,ma_accretion_dilution,pro_forma_shares,103.0
426,ma_accretion_dilution,pro_forma_shares,103.0
427,ma_accretion_dilution,pro_forma_shares,103.5
428,ma_accretion_dilution,pro_forma_shares,103.5
429,ma_accretion_dilution,pro_forma_shares,103.5
430,ma_accretion_dilution,pro_forma_shares,103.5
431,ma_accretion_dilution,pro_forma_shares,103.5
432,ma_accretion_dilution,pro_forma_shares,103.5
433,ma_accretion_dilution,pro_forma_shares,104.0
434,ma_accretion_dilution,pro_forma_shares,104.0
435,ma_accretion_dilution,pro_forma_shares,104.0
436,ma_accretion_dilution,pro_forma_shares,104.0
437,ma_accretion_dilution,pro_forma_shares,104.0
438,ma_accretion_dilution,pro_forma_shares,104.0
439,ma_accretion_dilution,pro_forma_shares,104.5
440,ma_accretion_dilution,pro_forma_shares,104.5
441,ma_accretion_dilution,pro_forma_shares,104.5
442,ma_accretion_dilution,pro_forma_shares,104.5
443,ma_accretion_dilution,pro_forma_shares,104.5
444,ma_accretion_dilution,pro_forma_shares,104.5
445,ma_accretion_dilution,pro_forma_shares,105.0
446,ma_accretion_dilution,pro_forma_shares,105.0
447,ma_accretion_dilution,pro_forma_shares,105.0
448,ma_accretion_dilution,pro_forma_shares,105.0
449,ma_accretion_dilution,pro_forma_shares,105.0
450,ma_accretion_dilution,pro_forma_shares,105.0
451,ma_accretion_dilution,pro_forma_shares,105.5
452,ma_accretion_dilution,pro_forma_shares,105.5
453,ma_accretion_dilution,pro_forma_shares,105.5
454,ma_accretion_dilution,pro_forma_shares,105.5
455,ma_accretion_dilution,pro_forma_shares,105.5
456,ma_accretion_dilution,pro_forma_shares,105.5
391,dilution_effect,existing_holder_ownership_pct,1.0
392,dilution_effect,existing_holder_ownership_pct,1.0
393,dilution_effect,existing_holder_ownership_pct,1.0
394,dilution_effect,existing_holder_ownership_pct,1.0
395,dilution_effect,existing_holder_ownership_pct,1.0
396,dilution_effect,existing_holder_ownership_pct,0.9090909090909091
397,dilution_effect,existing_holder_ownership_pct,0.9090909090909091
398,dilution_effect,existing_holder_ownership_pct,0.9090909090909091
399,dilution_effect,existing_holder_ownership_pct,0.9090909090909091
400,dilution_effect,existing_holder_ownership_pct,0.9090909090909091
401,dilution_effect,existing_holder_ownership_pct,0.8333333333333334
402,dilution_effect,existing_holder_ownership_pct,0.8333333333333334
403,dilution_effect,existing_holder_ownership_pct,0.8333333333333334
404,dilution_effect,existing_holder_ownership_pct,0.8333333333333334
405,dilution_effect,existing_holder_ownership_pct,0.8333333333333334
406,dilution_effect,existing_holder_ownership_pct,0.7692307692307693
407,dilution_effect,existing_holder_ownership_pct,0.7692307692307693
408,dilution_effect,existing_holder_ownership_pct,0.7692307692307693
409,dilution_effect,existing_holder_ownership_pct,0.7692307692307693
410,dilution_effect,existing_holder_ownership_pct,0.7692307692307693
411,dilution_effect,existing_holder_ownership_pct,0.7142857142857143
412,dilution_effect,existing_holder_ownership_pct,0.7142857142857143
413,dilution_effect,existing_holder_ownership_pct,0.7142857142857143
414,dilution_effect,existing_holder_ownership_pct,0.7142857142857143
415,dilution_effect,existing_holder_ownership_pct,0.7142857142857143
416,dilution_effect,existing_holder_ownership_pct,0.6666666666666666
417,dilution_effect,existing_holder_ownership_pct,0.6666666666666666
418,dilution_effect,existing_holder_ownership_pct,0.6666666666666666
419,dilution_effect,existing_holder_ownership_pct,0.6666666666666666
420,dilution_effect,existing_holder_ownership_pct,0.6666666666666666
391,dilution_effect,old_eps,1.0
392,dilution_effect,old_eps,1.0
393,dilution_effect,old_eps,1.0
394,dilution_effect,old_eps,1.0
395,dilution_effect,old_eps,1.0
396,dilution_effect,old_eps,1.0
397,dilution_effect,old_eps,1.0
398,dilution_effect,old_eps,1.0
399,dilution_effect,old_eps,1.0
400,dilution_effect,old_eps,1.0
401,dilution_effect,old_eps,1.0
402,dilution_effect,old_eps,1.0
403,dilution_effect,old_eps,1.0
404,dilution_effect,old_eps,1.0
405,dilution_effect,old_eps,1.0
406,dilution_effect,old_eps,1.0
407,dilution_effect,old_eps,1.0
408,dilution_effect,old_eps,1.0
409,dilution_effect,old_eps,1.0
410,dilution_effect,old_eps,1.0
411,dilution_effect,old_eps,1.0
412,dilution_effect,old_eps,1.0
413,dilution_effect,old_eps,1.0
414,dilution_effect,old_eps,1.0
415,dilution_effect,old_eps,1.0
416,dilution_effect,old_eps,1.0
417,dilution_effect,old_eps,1.0
418,dilution_effect,old_eps,1.0
419,dilution_effect,old_eps,1.0
420,dilution_effect,old_eps,1.0
391,dilution_effect,new_eps,1.0
392,dilution_effect,new_eps,1.0
393,dilution_effect,new_eps,1.0
394,dilution_effect,new_eps,1.0
395,dilution_effect,new_eps,1.0
396,dilution_effect,new_eps,0.9090909090909091
397,dilution_effect,new_eps,0.9454545454545454
398,dilution_effect,new_eps,0.9818181818181818
399,dilution_effect,new_eps,1.018181818181818
400,dilution_effect,new_eps,1.0545454545454545
401,dilution_effect,new_eps,0.8333333333333334
402,dilution_effect,new_eps,0.9
403,dilution_effect,new_eps,0.9666666666666667
404,dilution_effect,new_eps,1.0333333333333334
405,dilution_effect,new_eps,1.1
406,dilution_effect,new_eps,0.7692307692307693
407,dilution_effect,new_eps,0.8615384615384616
408,dilution_effect,new_eps,0.9538461538461539
409,dilution_effect,new_eps,1.0461538461538462
410,dilution_effect,new_eps,1.1384615384615384
411,dilution_effect,new_eps,0.7142857142857143
412,dilution_effect,new_eps,0.8285714285714286
413,dilution_effect,new_eps,0.9428571428571428
414,dilution_effect,new_eps,1.0571428571428572
415,dilution_effect,new_eps,1.1714285714285715
416,dilution_effect,new_eps,0.6666666666666666
417,dilution_effect,new_eps,0.8
418,dilution_effect,new_eps,0.9333333333333333
419,dilution_effect,new_eps,1.0666666666666667
420,dilution_effect,new_eps,1.2
391,dilution_effect,eps_dilution_pct,0.0
392,dilution_effect,eps_dilution_pct,0.0
393,dilution_effect,eps_dilution_pct,0.0
394,dilution_effect,eps_dilution_pct,0.0
395,dilution_effect,eps_dilution_pct,0.0
396,dilution_effect,eps_dilution_pct,-0.09090909090909094
397,dilution_effect,eps_dilution_pct,-0.054545454545454564
398,dilution_effect,eps_dilution_pct,-0.018181818181818188
399,dilution_effect,eps_dilution_pct,0.018181818181818077
400,dilution_effect,eps_dilution_pct,0.05454545454545445
401,dilution_effect,eps_dilution_pct,-0.16666666666666663
402,dilution_effect,eps_dilution_pct,-0.09999999999999998
403,dilution_effect,eps_dilution_pct,-0.033333333333333326
404,dilution_effect,eps_dilution_pct,0.03333333333333344
405,dilution_effect,eps_dilution_pct,0.10000000000000009
406,dilution_effect,eps_dilution_pct,-0.23076923076923073
407,dilution_effect,eps_dilution_pct,-0.1384615384615384
408,dilution_effect,eps_dilution_pct,-0.0461538461538461
409,dilution_effect,eps_dilution_pct,0.04615384615384621
410,dilution_effect,eps_dilution_pct,0.1384615384615384
411,dilution_effect,eps_dilution_pct,-0.2857142857142857
412,dilution_effect,eps_dilution_pct,-0.17142857142857137
413,dilution_effect,eps_dilution_pct,-0.05714285714285716
414,dilution_effect,eps_dilution_pct,0.05714285714285716
415,dilution_effect,eps_dilution_pct,0.17142857142857149
416,dilution_effect,eps_dilution_pct,-0.33333333333333337
417,dilution_effect,eps_dilution_pct,-0.19999999999999996
418,dilution_effect,eps_dilution_pct,-0.06666666666666665
419,dilution_effect,eps_dilution_pct,0.06666666666666665
420,dilution_effect,eps_dilution_pct,0.19999999999999996
391,dilution_effect,ownership_dilution_pct,0.0
392,dilution_effect,ownership_dilution_pct,0.0
393,dilution_effect,ownership_dilution_pct,0.0
394,dilution_effect,ownership_dilution_pct,0.0
395,dilution_effect,ownership_dilution_pct,0.0
396,dilution_effect,ownership_dilution_pct,-0.09090909090909094
397,dilution_effect,ownership_dilution_pct,-0.09090909090909094
398,dilution_effect,ownership_dilution_pct,-0.09090909090909094
399,dilution_effect,ownership_dilution_pct,-0.09090909090909094
400,dilution_effect,ownership_dilution_pct,-0.09090909090909094
401,dilution_effect,ownership_dilution_pct,-0.16666666666666663
402,dilution_effect,ownership_dilution_pct,-0.16666666666666663
403,dilution_effect,ownership_dilution_pct,-0.16666666666666663
404,dilution_effect,ownership_dilution_pct,-0.16666666666666663
405,dilution_effect,ownership_dilution_pct,-0.16666666666666663
406,dilution_effect,ownership_dilution_pct,-0.23076923076923073
407,dilution_effect,ownership_dilution_pct,-0.23076923076923073
408,dilution_effect,ownership_dilution_pct,-0.23076923076923073
409,dilution_effect,ownership_dilution_pct,-0.23076923076923073
410,dilution_effect,ownership_dilution_pct,-0.23076923076923073
411,dilution_effect,ownership_dilution_pct,-0.2857142857142857
412,dilution_effect,ownership_dilution_pct,-0.2857142857142857
413,dilution_effect,ownership_dilution_pct,-0.2857142857142857
414,dilution_effect,ownership_dilution_pct,-0.2857142857142857
415,dilution_effect,ownership_dilution_pct,-0.2857142857142857
416,dilution_effect,ownership_dilution_pct,-0.33333333333333337
417,dilution_effect,ownership_dilution_pct,-0.33333333333333337
418,dilution_effect,ownership_dilution_pct,-0.33333333333333337
419,dilution_effect,ownership_dilution_pct,-0.33333333333333337
420,dilution_effect,ownership_dilution_pct,-0.33333333333333337
421,ma_accretion_dilution,purchase_price,300.0
422,ma_accretion_dilution,purchase_price,300.0
423,ma_accretion_dilution,purchase_price,300.0
424,ma_accretion_dilution,purchase_price,300.0
425,ma_accretion_dilution,purchase_price,300.0
426,ma_accretion_dilution,purchase_price,300.0
427,ma_accretion_dilution,purchase_price,350.0
428,ma_accretion_dilution,purchase_price,350.0
429,ma_accretion_dilution,purchase_price,350.0
430,ma_accretion_dilution,purchase_price,350.0
431,ma_accretion_dilution,purchase_price,350.0
432,ma_accretion_dilution,purchase_price,350.0
433,ma_accretion_dilution,purchase_price,400.0
434,ma_accretion_dilution,purchase_price,400.0
435,ma_accretion_dilution,purchase_price,400.0
436,ma_accretion_dilution,purchase_price,400.0
437,ma_accretion_dilution,purchase_price,400.0
438,ma_accretion_dilution,purchase_price,400.0
439,ma_accretion_dilution,purchase_price,450.0
440,ma_accretion_dilution,purchase_price,450.0
441,ma_accretion_dilution,purchase_price,450.0
442,ma_accretion_dilution,purchase_price,450.0
443,ma_accretion_dilution,purchase_price,450.0
444,ma_accretion_dilution,purchase_price,450.0
445,ma_accretion_dilution,purchase_price,500.0
446,ma_accretion_dilution,purchase_price,500.0
447,ma_accretion_dilution,purchase_price,500.0
448,ma_accretion_dilution,purchase_price,500.0
449,ma_accretion_dilution,purchase_price,500.0
450,ma_accretion_dilution,purchase_price,500.0
451,ma_accretion_dilution,purchase_price,550.0
452,ma_accretion_dilution,purchase_price,550.0
453,ma_accretion_dilution,purchase_price,550.0
454,ma_accretion_dilution,purchase_price,550.0
455,ma_accretion_dilution,purchase_price,550.0
456,ma_accretion_dilution,purchase_price,550.0
421,ma_accretion_dilution,pre_tax_synergies,0.0
422,ma_accretion_dilution,pre_tax_synergies,10.0
423,ma_accretion_dilution,pre_tax_synergies,20.0
424,ma_accretion_dilution,pre_tax_synergies,30.0
425,ma_accretion_dilution,pre_tax_synergies,40.0
426,ma_accretion_dilution,pre_tax_synergies,50.0
427,ma_accretion_dilution,pre_tax_synergies,0.0
428,ma_accretion_dilution,pre_tax_synergies,10.0
429,ma_accretion_dilution,pre_tax_synergies,20.0
430,ma_accretion_dilution,pre_tax_synergies,30.0
431,ma_accretion_dilution,pre_tax_synergies,40.0
432,ma_accretion_dilution,pre_tax_synergies,50.0
433,ma_accretion_dilution,pre_tax_synergies,0.0
434,ma_accretion_dilution,pre_tax_synergies,10.0
435,ma_accretion_dilution,pre_tax_synergies,20.0
436,ma_accretion_dilution,pre_tax_synergies,30.0
437,ma_accretion_dilution,pre_tax_synergies,40.0
438,ma_accretion_dilution,pre_tax_synergies,50.0
439,ma_accretion_dilution,pre_tax_synergies,0.0
440,ma_accretion_dilution,pre_tax_synergies,10.0
441,ma_accretion_dilution,pre_tax_synergies,20.0
442,ma_accretion_dilution,pre_tax_synergies,30.0
443,ma_accretion_dilution,pre_tax_synergies,40.0
444,ma_accretion_dilution,pre_tax_synergies,50.0
445,ma_accretion_dilution,pre_tax_synergies,0.0
446,ma_accretion_dilution,pre_tax_synergies,10.0
447,ma_accretion_dilution,pre_tax_synergies,20.0
448,ma_accretion_dilution,pre_tax_synergies,30.0
449,ma_accretion_dilution,pre_tax_synergies,40.0
450,ma_accretion_dilution,pre_tax_synergies,50.0
451,ma_accretion_dilution,pre_tax_synergies,0.0
452,ma_accretion_dilution,pre_tax_synergies,10.0
453,ma_accretion_dilution,pre_tax_synergies,20.0
454,ma_accretion_dilution,pre_tax_synergies,30.0
455,ma_accretion_dilution,pre_tax_synergies,40.0
456,ma_accretion_dilution,pre_tax_synergies,50.0
421,ma_accretion_dilution,acquirer_net_income,250.0
422,ma_accretion_dilution,acquirer_net_income,250.0
423,ma_accretion_dilution,acquirer_net_income,250.0
424,ma_accretion_dilution,acquirer_net_income,250.0
425,ma_accretion_dilution,acquirer_net_income,250.0
426,ma_accretion_dilution,acquirer_net_income,250.0
427,ma_accretion_dilution,acquirer_net_income,250.0
428,ma_accretion_dilution,acquirer_net_income,250.0
429,ma_accretion_dilution,acquirer_net_income,250.0
430,ma_accretion_dilution,acquirer_net_income,250.0
431,ma_accretion_dilution,acquirer_net_income,250.0
432,ma_accretion_dilution,acquirer_net_income,250.0
433,ma_accretion_dilution,acquirer_net_income,250.0
434,ma_accretion_dilution,acquirer_net_income,250.0
435,ma_accretion_dilution,acquirer_net_income,250.0
436,ma_accretion_dilution,acquirer_net_income,250.0
437,ma_accretion_dilution,acquirer_net_income,250.0
438,ma_accretion_dilution,acquirer_net_income,250.0
439,ma_accretion_dilution,acquirer_net_income,250.0
440,ma_accretion_dilution,acquirer_net_income,250.0
441,ma_accretion_dilution,acquirer_net_income,250.0
442,ma_accretion_dilution,acquirer_net_income,250.0
443,ma_accretion_dilution,acquirer_net_income,250.0
444,ma_accretion_dilution,acquirer_net_income,250.0
445,ma_accretion_dilution,acquirer_net_income,250.0
446,ma_accretion_dilution,acquirer_net_income,250.0
447,ma_accretion_dilution,acquirer_net_income,250.0
448,ma_accretion_dilution,acquirer_net_income,250.0
449,ma_accretion_dilution,acquirer_net_income,250.0
450,ma_accretion_dilution,acquirer_net_income,250.0
451,ma_accretion_dilution,acquirer_net_income,250.0
452,ma_accretion_dilution,acquirer_net_income,250.0
453,ma_accretion_dilution,acquirer_net_income,250.0
454,ma_accretion_dilution,acquirer_net_income,250.0
455,ma_accretion_dilution,acquirer_net_income,250.0
456,ma_accretion_dilution,acquirer_net_income,250.0
421,ma_accretion_dilution,target_net_income,24.0
422,ma_accretion_dilution,target_net_income,24.0
423,ma_accretion_dilution,target_net_income,24.0
424,ma_accretion_dilution,target_net_income,24.0
425,ma_accretion_dilution,target_net_income,24.0
426,ma_accretion_dilution,target_net_income,24.0
427,ma_accretion_dilution,target_net_income,24.0
428,ma_accretion_dilution,target_net_income,24.0
429,ma_accretion_dilution,target_net_income,24.0
430,ma_accretion_dilution,target_net_income,24.0
431,ma_accretion_dilution,target_net_income,24.0
432,ma_accretion_dilution,target_net_income,24.0
433,ma_accretion_dilution,target_net_income,24.0
434,ma_accretion_dilution,target_net_income,24.0
435,ma_accretion_dilution,target_net_income,24.0
436,ma_accretion_dilution,target_net_income,24.0
437,ma_accretion_dilution,target_net_income,24.0
438,ma_accretion_dilution,target_net_income,24.0
439,ma_accretion_dilution,target_net_income,24.0
440,ma_accretion_dilution,target_net_income,24.0
441,ma_accretion_dilution,target_net_income,24.0
442,ma_accretion_dilution,target_net_income,24.0
443,ma_accretion_dilution,target_net_income,24.0
444,ma_accretion_dilution,target_net_income,24.0
445,ma_accretion_dilution,target_net_income,24.0
446,ma_accretion_dilution,target_net_income,24.0
447,ma_accretion_dilution,target_net_income,24.0
448,ma_accretion_dilution,target_net_income,24.0
449,ma_accretion_dilution,target_net_income,24.0
450,ma_accretion_dilution,target_net_income,24.0
451,ma_accretion_dilution,target_net_income,24.0
452,ma_accretion_dilution,target_net_income,24.0
453,ma_accretion_dilution,target_net_income,24.0
454,ma_accretion_dilution,target_net_income,24.0
455,ma_accretion_dilution,target_net_income,24.0
456,ma_accretion_dilution,target_net_income,24.0
421,ma_accretion_dilution,after_tax_synergies,0.0
422,ma_accretion_dilution,after_tax_synergies,7.5
423,ma_accretion_dilution,after_tax_synergies,15.0
424,ma_accretion_dilution,after_tax_synergies,22.5
425,ma_accretion_dilution,after_tax_synergies,30.0
426,ma_accretion_dilution,after_tax_synergies,37.5
427,ma_accretion_dilution,after_tax_synergies,0.0
428,ma_accretion_dilution,after_tax_synergies,7.5
429,ma_accretion_dilution,after_tax_synergies,15.0
430,ma_accretion_dilution,after_tax_synergies,22.5
431,ma_accretion_dilution,after_tax_synergies,30.0
432,ma_accretion_dilution,after_tax_synergies,37.5
433,ma_accretion_dilution,after_tax_synergies,0.0
434,ma_accretion_dilution,after_tax_synergies,7.5
435,ma_accretion_dilution,after_tax_synergies,15.0
436,ma_accretion_dilution,after_tax_synergies,22.5
437,ma_accretion_dilution,after_tax_synergies,30.0
438,ma_accretion_dilution,after_tax_synergies,37.5
439,ma_accretion_dilution,after_tax_synergies,0.0
440,ma_accretion_dilution,after_tax_synergies,7.5
441,ma_accretion_dilution,after_tax_synergies,15.0
442,ma_accretion_dilution,after_tax_synergies,22.5
443,ma_accretion_dilution,after_tax_synergies,30.0
444,ma_accretion_dilution,after_tax_synergies,37.5
445,ma_accretion_dilution,after_tax_synergies,0.0
446,ma_accretion_dilution,after_tax_synergies,7.5
447,ma_accretion_dilution,after_tax_synergies,15.0
448,ma_accretion_dilution,after_tax_synergies,22.5
449,ma_accretion_dilution,after_tax_synergies,30.0
450,ma_accretion_dilution,after_tax_synergies,37.5
451,ma_accretion_dilution,after_tax_synergies,0.0
452,ma_accretion_dilution,after_tax_synergies,7.5
453,ma_accretion_dilution,after_tax_synergies,15.0
454,ma_accretion_dilution,after_tax_synergies,22.5
455,ma_accretion_dilution,after_tax_synergies,30.0
456,ma_accretion_dilution,after_tax_synergies,37.5
421,ma_accretion_dilution,after_tax_interest,8.1
422,ma_accretion_dilution,after_tax_interest,8.1
423,ma_accretion_dilution,after_tax_interest,8.1
424,ma_accretion_dilution,after_tax_interest,8.1
425,ma_accretion_dilution,after_tax_interest,8.1
426,ma_accretion_dilution,after_tax_interest,8.1
427,ma_accretion_dilution,after_tax_interest,9.45
428,ma_accretion_dilution,after_tax_interest,9.45
429,ma_accretion_dilution,after_tax_interest,9.45
430,ma_accretion_dilution,after_tax_interest,9.45
431,ma_accretion_dilution,after_tax_interest,9.45
432,ma_accretion_dilution,after_tax_interest,9.45
433,ma_accretion_dilution,after_tax_interest,10.799999999999999
434,ma_accretion_dilution,after_tax_interest,10.799999999999999
435,ma_accretion_dilution,after_tax_interest,10.799999999999999
436,ma_accretion_dilution,after_tax_interest,10.799999999999999
437,ma_accretion_dilution,after_tax_interest,10.799999999999999
438,ma_accretion_dilution,after_tax_interest,10.799999999999999
439,ma_accretion_dilution,after_tax_interest,12.149999999999999
440,ma_accretion_dilution,after_tax_interest,12.149999999999999
441,ma_accretion_dilution,after_tax_interest,12.149999999999999
442,ma_accretion_dilution,after_tax_interest,12.149999999999999
443,ma_accretion_dilution,after_tax_interest,12.149999999999999
444,ma_accretion_dilution,after_tax_interest,12.149999999999999
445,ma_accretion_dilution,after_tax_interest,13.5
446,ma_accretion_dilution,after_tax_interest,13.5
447,ma_accretion_dilution,after_tax_interest,13.5
448,ma_accretion_dilution,after_tax_interest,13.5
449,ma_accretion_dilution,after_tax_interest,13.5
450,ma_accretion_dilution,after_tax_interest,13.5
451,ma_accretion_dilution,after_tax_interest,14.850000000000001
452,ma_accretion_dilution,after_tax_interest,14.850000000000001
453,ma_accretion_dilution,after_tax_interest,14.850000000000001
454,ma_accretion_dilution,after_tax_interest,14.850000000000001
455,ma_accretion_dilution,after_tax_interest,14.850000000000001
456,ma_accretion_dilution,after_tax_interest,14.850000000000001
421,ma_accretion_dilution,pro_forma_net_income,265.9
422,ma_accretion_dilution,pro_forma_net_income,273.4
423,ma_accretion_dilution,pro_forma_net_income,280.9
424,ma_accretion_dilution,pro_forma_net_income,288.4
425,ma_accretion_dilution,pro_forma_net_income,295.9
426,ma_accretion_dilution,pro_forma_net_income,303.4
427,ma_accretion_dilution,pro_forma_net_income,264.55
428,ma_accretion_dilution,pro_forma_net_income,272.05
429,ma_accretion_dilution,pro_forma_net_income,279.55
430,ma_accretion_dilution,pro_forma_net_income,287.05
431,ma_accretion_dilution,pro_forma_net_income,294.55
432,ma_accretion_dilution,pro_forma_net_income,302.05
433,ma_accretion_dilution,pro_forma_net_income,263.2
434,ma_accretion_dilution,pro_forma_net_income,270.7
435,ma_accretion_dilution,pro_forma_net_income,278.2
436,ma_accretion_dilution,pro_forma_net_income,285.7
437,ma_accretion_dilution,pro_forma_net_income,293.2
438,ma_accretion_dilution,pro_forma_net_income,300.7
439,ma_accretion_dilution,pro_forma_net_income,261.85
440,ma_accretion_dilution,pro_forma_net_income,269.35
441,ma_accretion_dilution,pro_forma_net_income,276.85
442,ma_accretion_dilution,pro_forma_net_income,284.35
443,ma_accretion_dilution,pro_forma_net_income,291.85
444,ma_accretion_dilution,pro_forma_net_income,299.35
445,ma_accretion_dilution,pro_forma_net_income,260.5
446,ma_accretion_dilution,pro_forma_net_income,268.0
447,ma_accretion_dilution,pro_forma_net_income,275.5
448,ma_accretion_dilution,pro_forma_net_income,283.0
449,ma_accretion_dilution,pro_forma_net_income,290.5
450,ma_accretion_dilution,pro_forma_net_income,298.0
451,ma_accretion_dilution,pro_forma_net_income,259.15
452,ma_accretion_dilution,pro_forma_net_income,266.65
453,ma_accretion_dilution,pro_forma_net_income,274.15
454,ma_accretion_dilution,pro_forma_net_income,281.65
455,ma_accretion_dilution,pro_forma_net_income,289.15
456,ma_accretion_dilution,pro_forma_net_income,296.65
421,ma_accretion_dilution,pro_forma_eps,2.581553398058252
422,ma_accretion_dilution,pro_forma_eps,2.654368932038835
423,ma_accretion_dilution,pro_forma_eps,2.727184466019417
424,ma_accretion_dilution,pro_forma_eps,2.8
425,ma_accretion_dilution,pro_forma_eps,2.872815533980582
426,ma_accretion_dilution,pro_forma_eps,2.945631067961165
427,ma_accretion_dilution,pro_forma_eps,2.5560386473429952
428,ma_accretion_dilution,pro_forma_eps,2.628502415458937
429,ma_accretion_dilution,pro_forma_eps,2.7009661835748795
430,ma_accretion_dilution,pro_forma_eps,2.7734299516908214
431,ma_accretion_dilution,pro_forma_eps,2.8458937198067633
432,ma_accretion_dilution,pro_forma_eps,2.918357487922705
433,ma_accretion_dilution,pro_forma_eps,2.5307692307692307
434,ma_accretion_dilution,pro_forma_eps,2.6028846153846152
435,ma_accretion_dilution,pro_forma_eps,2.675
436,ma_accretion_dilution,pro_forma_eps,2.7471153846153844
437,ma_accretion_dilution,pro_forma_eps,2.819230769230769
438,ma_accretion_dilution,pro_forma_eps,2.8913461538461536
439,ma_accretion_dilution,pro_forma_eps,2.5057416267942587
440,ma_accretion_dilution,pro_forma_eps,2.577511961722488
441,ma_accretion_dilution,pro_forma_eps,2.649282296650718
442,ma_accretion_dilution,pro_forma_eps,2.7210526315789476
443,ma_accretion_dilution,pro_forma_eps,2.792822966507177
444,ma_accretion_dilution,pro_forma_eps,2.864593301435407
445,ma_accretion_dilution,pro_forma_eps,2.480952380952381
446,ma_accretion_dilution,pro_forma_eps,2.552380952380952
447,ma_accretion_dilution,pro_forma_eps,2.623809523809524
448,ma_accretion_dilution,pro_forma_eps,2.6952380952380954
449,ma_accretion_dilution,pro_forma_eps,2.7666666666666666
450,ma_accretion_dilution,pro_forma_eps,2.8380952380952382
451,ma_accretion_dilution,pro_forma_eps,2.4563981042654026
452,ma_accretion_dilution,pro_forma_eps,2.5274881516587677
453,ma_accretion_dilution,pro_forma_eps,2.5985781990521324
454,ma_accretion_dilution,pro_forma_eps,2.6696682464454975
455,ma_accretion_dilution,pro_forma_eps,2.740758293838862
456,ma_accretion_dilution,pro_forma_eps,2.8118483412322273
421,ma_accretion_dilution,accretion_dilution_pct,0.032621359223300894
422,ma_accretion_dilution,accretion_dilution_pct,0.06174757281553389
423,ma_accretion_dilution,accretion_dilution_pct,0.09087378640776689
424,ma_accretion_dilution,accretion_dilution_pct,0.11999999999999988
425,ma_accretion_dilution,accretion_dilution_pct,0.14912621359223288
426,ma_accretion_dilution,accretion_dilution_pct,0.17825242718446588
427,ma_accretion_dilution,accretion_dilution_pct,0.022415458937198096
428,ma_accretion_dilution,accretion_dilution_pct,0.051400966183574814
429,ma_accretion_dilution,accretion_dilution_pct,0.08038647342995175
430,ma_accretion_dilution,accretion_dilution_pct,0.10937198067632847
431,ma_accretion_dilution,accretion_dilution_pct,0.1383574879227054
432,ma_accretion_dilution,accretion_dilution_pct,0.16734299516908213
433,ma_accretion_dilution,accretion_dilution_pct,0.012307692307692353
434,ma_accretion_dilution,accretion_dilution_pct,0.041153846153846096
435,ma_accretion_dilution,accretion_dilution_pct,0.06999999999999984
436,ma_accretion_dilution,accretion_dilution_pct,0.0988461538461538
437,ma_accretion_dilution,accretion_dilution_pct,0.12769230769230755
438,ma_accretion_dilution,accretion_dilution_pct,0.15653846153846152
439,ma_accretion_dilution,accretion_dilution_pct,0.0022966507177035744
440,ma_accretion_dilution,accretion_dilution_pct,0.031004784688995368
441,ma_accretion_dilution,accretion_dilution_pct,0.05971291866028716
442,ma_accretion_dilution,accretion_dilution_pct,0.08842105263157896
443,ma_accretion_dilution,accretion_dilution_pct,0.11712918660287075
444,ma_accretion_dilution,accretion_dilution_pct,0.14583732057416277
445,ma_accretion_dilution,accretion_dilution_pct,-0.007619047619047636
446,ma_accretion_dilution,accretion_dilution_pct,0.020952380952380834
447,ma_accretion_dilution,accretion_dilution_pct,0.049523809523809526
448,ma_accretion_dilution,accretion_dilution_pct,0.07809523809523822
449,ma_accretion_dilution,accretion_dilution_pct,0.10666666666666669
450,ma_accretion_dilution,accretion_dilution_pct,0.13523809523809538
451,ma_accretion_dilution,accretion_dilution_pct,-0.017440758293838954
452,ma_accretion_dilution,accretion_dilution_pct,0.01099526066350709
453,ma_accretion_dilution,accretion_dilution_pct,0.03943127962085291
454,ma_accretion_dilution,accretion_dilution_pct,0.06786729857819895
455,ma_accretion_dilution,accretion_dilution_pct,0.09630331753554477
456,ma_accretion_dilution,accretion_dilution_pct,0.12473933649289082
421,ma_accretion_dilution,funding_check,0.0
422,ma_accretion_dilution,funding_check,0.0
423,ma_accretion_dilution,funding_check,0.0
424,ma_accretion_dilution,funding_check,0.0
425,ma_accretion_dilution,funding_check,0.0
426,ma_accretion_dilution,funding_check,0.0
427,ma_accretion_dilution,funding_check,0.0
428,ma_accretion_dilution,funding_check,0.0
429,ma_accretion_dilution,funding_check,0.0
430,ma_accretion_dilution,funding_check,0.0
431,ma_accretion_dilution,funding_check,0.0
432,ma_accretion_dilution,funding_check,0.0
433,ma_accretion_dilution,funding_check,0.0
434,ma_accretion_dilution,funding_check,0.0
435,ma_accretion_dilution,funding_check,0.0
436,ma_accretion_dilution,funding_check,0.0
437,ma_accretion_dilution,funding_check,0.0
438,ma_accretion_dilution,funding_check,0.0
439,ma_accretion_dilution,funding_check,0.0
440,ma_accretion_dilution,funding_check,0.0
441,ma_accretion_dilution,funding_check,0.0
442,ma_accretion_dilution,funding_check,0.0
443,ma_accretion_dilution,funding_check,0.0
444,ma_accretion_dilution,funding_check,0.0
445,ma_accretion_dilution,funding_check,0.0
446,ma_accretion_dilution,funding_check,0.0
447,ma_accretion_dilution,funding_check,0.0
448,ma_accretion_dilution,funding_check,0.0
449,ma_accretion_dilution,funding_check,0.0
450,ma_accretion_dilution,funding_check,0.0
451,ma_accretion_dilution,funding_check,0.0
452,ma_accretion_dilution,funding_check,0.0
453,ma_accretion_dilution,funding_check,0.0
454,ma_accretion_dilution,funding_check,0.0
455,ma_accretion_dilution,funding_check,0.0
456,ma_accretion_dilution,funding_check,0.0
457,compound_interest,years,5.0
458,compound_interest,years,5.0
459,compound_interest,years,5.0
460,compound_interest,years,5.0
461,compound_interest,years,5.0
462,compound_interest,years,10.0
463,compound_interest,years,10.0
464,compound_interest,years,10.0
465,compound_interest,years,10.0
466,compound_interest,years,10.0
467,compound_interest,years,15.0
468,compound_interest,years,15.0
469,compound_interest,years,15.0
470,compound_interest,years,15.0
471,compound_interest,years,15.0
472,compound_interest,years,20.0
473,compound_interest,years,20.0
474,compound_interest,years,20.0
475,compound_interest,years,20.0
476,compound_interest,years,20.0
477,compound_interest,years,25.0
478,compound_interest,years,25.0
479,compound_interest,years,25.0
480,compound_interest,years,25.0
481,compound_interest,years,25.0
482,compound_interest,years,30.0
483,compound_interest,years,30.0
484,compound_interest,years,30.0
485,compound_interest,years,30.0
486,compound_interest,years,30.0
457,compound_interest,annual_rate,0.02
458,compound_interest,annual_rate,0.04
459,compound_interest,annual_rate,0.06
460,compound_interest,annual_rate,0.08
461,compound_interest,annual_rate,0.1
462,compound_interest,annual_rate,0.02
463,compound_interest,annual_rate,0.04
464,compound_interest,annual_rate,0.06
465,compound_interest,annual_rate,0.08
466,compound_interest,annual_rate,0.1
467,compound_interest,annual_rate,0.02
468,compound_interest,annual_rate,0.04
469,compound_interest,annual_rate,0.06
470,compound_interest,annual_rate,0.08
471,compound_interest,annual_rate,0.1
472,compound_interest,annual_rate,0.02
473,compound_interest,annual_rate,0.04
474,compound_interest,annual_rate,0.06
475,compound_interest,annual_rate,0.08
476,compound_interest,annual_rate,0.1
477,compound_interest,annual_rate,0.02
478,compound_interest,annual_rate,0.04
479,compound_interest,annual_rate,0.06
480,compound_interest,annual_rate,0.08
481,compound_interest,annual_rate,0.1
482,compound_interest,annual_rate,0.02
483,compound_interest,annual_rate,0.04
484,compound_interest,annual_rate,0.06
485,compound_interest,annual_rate,0.08
486,compound_interest,annual_rate,0.1
457,compound_interest,future_value,21558.681918390423
458,compound_interest,future_value,23259.795636527284
459,compound_interest,future_value,25116.839943803323
460,compound_interest,future_value,27144.599790556174
461,compound_interest,future_value,29359.268043357566
462,compound_interest,future_value,34331.937724876545
463,compound_interest,future_value,39449.96094509572
464,compound_interest,future_value,45507.1918080659
465,compound_interest,future_value,52687.40820906487
466,compound_interest,future_value,61211.244725867306
467,compound_interest,future_value,48447.393539811805
468,compound_interest,future_value,59218.09764221767
469,compound_interest,future_value,73010.72103071054
470,compound_interest,future_value,90742.25170935018
471,compound_interest,future_value,113617.58655195974
472,compound_interest,future_value,64046.08629927372
473,compound_interest,future_value,83354.92521798583
474,compound_interest,future_value,110108.86061831909
475,compound_interest,future_value,147438.09697833945
476,compound_interest,future_value,199842.20899749035
477,compound_interest,future_value,81283.87294918398
478,compound_interest,future_value,112825.90947656702
479,compound_interest,future_value,160148.6918603604
480,compound_interest,future_value,231906.158730875
481,compound_interest,future_value,341708.350705032
482,compound_interest,future_value,100332.98771603417
483,compound_interest,future_value,148809.88087641652
484,compound_interest,future_value,227644.92586472942
485,compound_interest,future_value,357750.53802144504
486,compound_interest,future_value,575121.9811990152
457,compound_interest,principal_future_value,11050.78926530822
458,compound_interest,principal_future_value,12209.965939421214
459,compound_interest,principal_future_value,13488.501525493075
460,compound_interest,principal_future_value,14898.45708301605
461,compound_interest,principal_future_value,16453.089347785855
462,compound_interest,principal_future_value,12211.99433862514
463,compound_interest,principal_future_value,14908.32682418262
464,compound_interest,principal_future_value,18193.9673403229
465,compound_interest,principal_future_value,22196.40234544711
466,compound_interest,principal_future_value,27070.414908622435
467,compound_interest,principal_future_value,13495.217594528345
468,compound_interest,principal_future_value,18203.016273702946
469,compound_interest,principal_future_value,24540.935622471665
470,compound_interest,principal_future_value,33069.21477410005
471,compound_interest,principal_future_value,44539.19551731992
472,compound_interest,principal_future_value,14913.280572661248
473,compound_interest,principal_future_value,22225.820869664305
474,compound_interest,principal_future_value,33102.044758073636
475,compound_interest,principal_future_value,49268.02770809699
476,compound_interest,principal_future_value,73280.73633249679
477,compound_interest,principal_future_value,16480.352086289455
478,compound_interest,principal_future_value,27137.65157942784
479,compound_interest,principal_future_value,44649.69812162163
480,compound_interest,principal_future_value,73401.75963739285
481,compound_interest,principal_future_value,120569.45023501066
482,compound_interest,principal_future_value,18212.089792366743
483,compound_interest,principal_future_value,33134.98014606942
484,compound_interest,principal_future_value,60225.75212262986
485,compound_interest,principal_future_value,109357.29657755572
486,compound_interest,principal_future_value,198373.99373300507
457,compound_interest,contribution_future_value,10507.892653082205
458,compound_interest,contribution_future_value,11049.829697106072
459,compound_interest,contribution_future_value,11628.33841831025
460,compound_interest,contribution_future_value,12246.142707540124
461,compound_interest,contribution_future_value,12906.178695571709
462,compound_interest,contribution_future_value,22119.943386251405
463,compound_interest,contribution_future_value,24541.6341209131
464,compound_interest,contribution_future_value,27313.224467743003
465,compound_interest,contribution_future_value,30491.005863617767
466,compound_interest,contribution_future_value,34140.82981724487
467,compound_interest,contribution_future_value,34952.17594528346
468,compound_interest,contribution_future_value,41015.08136851472
469,compound_interest,contribution_future_value,48469.78540823888
470,compound_interest,contribution_future_value,57673.03693525013
471,compound_interest,contribution_future_value,69078.39103463983
472,compound_interest,contribution_future_value,49132.80572661247
473,compound_interest,contribution_future_value,61129.104348321525
474,compound_interest,contribution_future_value,77006.81586024545
475,compound_interest,contribution_future_value,98170.06927024247
476,compound_interest,contribution_future_value,126561.47266499358
477,compound_interest,contribution_future_value,64803.520862894526
478,compound_interest,contribution_future_value,85688.25789713918
479,compound_interest,contribution_future_value,115498.99373873878
480,compound_interest,contribution_future_value,158504.39909348215
481,compound_interest,contribution_future_value,221138.90047002133
482,compound_interest,contribution_future_value,82120.89792366742
483,compound_interest,contribution_future_value,115674.9007303471
484,compound_interest,contribution_future_value,167419.17374209955
485,compound_interest,contribution_future_value,248393.2414438893
486,compound_interest,contribution_future_value,376747.9874660101
457,compound_interest,total_contributed,20000.0
458,compound_interest,total_contributed,20000.0
459,compound_interest,total_contributed,20000.0
460,compound_interest,total_contributed,20000.0
461,compound_interest,total_contributed,20000.0
462,compound_interest,total_contributed,30000.0
463,compound_interest,total_contributed,30000.0
464,compound_interest,total_contributed,30000.0
465,compound_interest,total_contributed,30000.0
466,compound_interest,total_contributed,30000.0
467,compound_interest,total_contributed,40000.0
468,compound_interest,total_contributed,40000.0
469,compound_interest,total_contributed,40000.0
470,compound_interest,total_contributed,40000.0
471,compound_interest,total_contributed,40000.0
472,compound_interest,total_contributed,50000.0
473,compound_interest,total_contributed,50000.0
474,compound_interest,total_contributed,50000.0
475,compound_interest,total_contributed,50000.0
476,compound_interest,total_contributed,50000.0
477,compound_interest,total_contributed,60000.0
478,compound_interest,total_contributed,60000.0
479,compound_interest,total_contributed,60000.0
480,compound_interest,total_contributed,60000.0
481,compound_interest,total_contributed,60000.0
482,compound_interest,total_contributed,70000.0
483,compound_interest,total_contributed,70000.0
484,compound_interest,total_contributed,70000.0
485,compound_interest,total_contributed,70000.0
486,compound_interest,total_contributed,70000.0
457,compound_interest,compound_growth,1558.6819183904227
458,compound_interest,compound_growth,3259.795636527284
459,compound_interest,compound_growth,5116.839943803323
460,compound_interest,compound_growth,7144.599790556174
461,compound_interest,compound_growth,9359.268043357566
462,compound_interest,compound_growth,4331.937724876545
463,compound_interest,compound_growth,9449.960945095721
464,compound_interest,compound_growth,15507.191808065902
465,compound_interest,compound_growth,22687.408209064874
466,compound_interest,compound_growth,31211.244725867306
467,compound_interest,compound_growth,8447.393539811805
468,compound_interest,compound_growth,19218.097642217668
469,compound_interest,compound_growth,33010.72103071054
470,compound_interest,compound_growth,50742.25170935018
471,compound_interest,compound_growth,73617.58655195974
472,compound_interest,compound_growth,14046.086299273717
473,compound_interest,compound_growth,33354.92521798583
474,compound_interest,compound_growth,60108.860618319086
475,compound_interest,compound_growth,97438.09697833945
476,compound_interest,compound_growth,149842.20899749035
477,compound_interest,compound_growth,21283.872949183977
478,compound_interest,compound_growth,52825.909476567016
479,compound_interest,compound_growth,100148.69186036041
480,compound_interest,compound_growth,171906.158730875
481,compound_interest,compound_growth,281708.350705032
482,compound_interest,compound_growth,30332.98771603417
483,compound_interest,compound_growth,78809.88087641652
484,compound_interest,compound_growth,157644.92586472942
485,compound_interest,compound_growth,287750.53802144504
486,compound_interest,compound_growth,505121.98119901516
457,compound_interest,effective_annual_rate,0.020184355681501787
458,compound_interest,effective_annual_rate,0.040741542919790596
459,compound_interest,effective_annual_rate,0.06167781186449828
460,compound_interest,effective_annual_rate,0.08299950680750978
461,compound_interest,effective_annual_rate,0.10471306744129683
462,compound_interest,effective_annual_rate,0.020184355681501787
463,compound_interest,effective_annual_rate,0.040741542919790596
464,compound_interest,effective_annual_rate,0.06167781186449828
465,compound_interest,effective_annual_rate,0.08299950680750978
466,compound_interest,effective_annual_rate,0.10471306744129683
467,compound_interest,effective_annual_rate,0.020184355681501787
468,compound_interest,effective_annual_rate,0.040741542919790596
469,compound_interest,effective_annual_rate,0.06167781186449828
470,compound_interest,effective_annual_rate,0.08299950680750978
471,compound_interest,effective_annual_rate,0.10471306744129683
472,compound_interest,effective_annual_rate,0.020184355681501787
473,compound_interest,effective_annual_rate,0.040741542919790596
474,compound_interest,effective_annual_rate,0.06167781186449828
475,compound_interest,effective_annual_rate,0.08299950680750978
476,compound_interest,effective_annual_rate,0.10471306744129683
477,compound_interest,effective_annual_rate,0.020184355681501787
478,compound_interest,effective_annual_rate,0.040741542919790596
479,compound_interest,effective_annual_rate,0.06167781186449828
480,compound_interest,effective_annual_rate,0.08299950680750978
481,compound_interest,effective_annual_rate,0.10471306744129683
482,compound_interest,effective_annual_rate,0.020184355681501787
483,compound_interest,effective_annual_rate,0.040741542919790596
484,compound_interest,effective_annual_rate,0.06167781186449828
485,compound_interest,effective_annual_rate,0.08299950680750978
486,compound_interest,effective_annual_rate,0.10471306744129683
487,fisher_effect,nominal_rate,0.02
488,fisher_effect,nominal_rate,0.02
489,fisher_effect,nominal_rate,0.02
490,fisher_effect,nominal_rate,0.02
491,fisher_effect,nominal_rate,0.02
492,fisher_effect,nominal_rate,0.02
493,fisher_effect,nominal_rate,0.04
494,fisher_effect,nominal_rate,0.04
495,fisher_effect,nominal_rate,0.04
496,fisher_effect,nominal_rate,0.04
497,fisher_effect,nominal_rate,0.04
498,fisher_effect,nominal_rate,0.04
499,fisher_effect,nominal_rate,0.06
500,fisher_effect,nominal_rate,0.06
501,fisher_effect,nominal_rate,0.06
502,fisher_effect,nominal_rate,0.06
503,fisher_effect,nominal_rate,0.06
504,fisher_effect,nominal_rate,0.06
505,fisher_effect,nominal_rate,0.08
506,fisher_effect,nominal_rate,0.08
507,fisher_effect,nominal_rate,0.08
508,fisher_effect,nominal_rate,0.08
509,fisher_effect,nominal_rate,0.08
510,fisher_effect,nominal_rate,0.08
511,fisher_effect,nominal_rate,0.1
512,fisher_effect,nominal_rate,0.1
513,fisher_effect,nominal_rate,0.1
514,fisher_effect,nominal_rate,0.1
515,fisher_effect,nominal_rate,0.1
516,fisher_effect,nominal_rate,0.1
517,fisher_effect,nominal_rate,0.12
518,fisher_effect,nominal_rate,0.12
519,fisher_effect,nominal_rate,0.12
520,fisher_effect,nominal_rate,0.12
521,fisher_effect,nominal_rate,0.12
522,fisher_effect,nominal_rate,0.12
487,fisher_effect,expected_inflation,0.0
488,fisher_effect,expected_inflation,0.02
489,fisher_effect,expected_inflation,0.04
490,fisher_effect,expected_inflation,0.06
491,fisher_effect,expected_inflation,0.08
492,fisher_effect,expected_inflation,0.1
493,fisher_effect,expected_inflation,0.0
494,fisher_effect,expected_inflation,0.02
495,fisher_effect,expected_inflation,0.04
496,fisher_effect,expected_inflation,0.06
497,fisher_effect,expected_inflation,0.08
498,fisher_effect,expected_inflation,0.1
499,fisher_effect,expected_inflation,0.0
500,fisher_effect,expected_inflation,0.02
501,fisher_effect,expected_inflation,0.04
502,fisher_effect,expected_inflation,0.06
503,fisher_effect,expected_inflation,0.08
504,fisher_effect,expected_inflation,0.1
505,fisher_effect,expected_inflation,0.0
506,fisher_effect,expected_inflation,0.02
507,fisher_effect,expected_inflation,0.04
508,fisher_effect,expected_inflation,0.06
509,fisher_effect,expected_inflation,0.08
510,fisher_effect,expected_inflation,0.1
511,fisher_effect,expected_inflation,0.0
512,fisher_effect,expected_inflation,0.02
513,fisher_effect,expected_inflation,0.04
514,fisher_effect,expected_inflation,0.06
515,fisher_effect,expected_inflation,0.08
516,fisher_effect,expected_inflation,0.1
517,fisher_effect,expected_inflation,0.0
518,fisher_effect,expected_inflation,0.02
519,fisher_effect,expected_inflation,0.04
520,fisher_effect,expected_inflation,0.06
521,fisher_effect,expected_inflation,0.08
522,fisher_effect,expected_inflation,0.1
487,fisher_effect,real_rate,0.020000000000000018
488,fisher_effect,real_rate,0.0
489,fisher_effect,real_rate,-0.019230769230769273
490,fisher_effect,real_rate,-0.037735849056603765
491,fisher_effect,real_rate,-0.05555555555555558
492,fisher_effect,real_rate,-0.07272727272727275
493,fisher_effect,real_rate,0.040000000000000036
494,fisher_effect,real_rate,0.019607843137254832
495,fisher_effect,real_rate,0.0
496,fisher_effect,real_rate,-0.018867924528301883
497,fisher_effect,real_rate,-0.03703703703703709
498,fisher_effect,real_rate,-0.054545454545454564
499,fisher_effect,real_rate,0.06000000000000005
500,fisher_effect,real_rate,0.03921568627450989
501,fisher_effect,real_rate,0.019230769230769162
502,fisher_effect,real_rate,0.0
503,fisher_effect,real_rate,-0.01851851851851849
504,fisher_effect,real_rate,-0.036363636363636376
505,fisher_effect,real_rate,0.08000000000000007
506,fisher_effect,real_rate,0.05882352941176472
507,fisher_effect,real_rate,0.03846153846153855
508,fisher_effect,real_rate,0.018867924528301883
509,fisher_effect,real_rate,0.0
510,fisher_effect,real_rate,-0.018181818181818188
511,fisher_effect,real_rate,0.10000000000000009
512,fisher_effect,real_rate,0.07843137254901977
513,fisher_effect,real_rate,0.05769230769230771
514,fisher_effect,real_rate,0.037735849056603765
515,fisher_effect,real_rate,0.0185185185185186
516,fisher_effect,real_rate,0.0
517,fisher_effect,real_rate,0.1200000000000001
518,fisher_effect,real_rate,0.0980392156862746
519,fisher_effect,real_rate,0.0769230769230771
520,fisher_effect,real_rate,0.05660377358490565
521,fisher_effect,real_rate,0.03703703703703698
522,fisher_effect,real_rate,0.0181818181818183
487,fisher_effect,approximate_real_rate,0.02
488,fisher_effect,approximate_real_rate,0.0
489,fisher_effect,approximate_real_rate,-0.02
490,fisher_effect,approximate_real_rate,-0.039999999999999994
491,fisher_effect,approximate_real_rate,-0.06
492,fisher_effect,approximate_real_rate,-0.08
493,fisher_effect,approximate_real_rate,0.04
494,fisher_effect,approximate_real_rate,0.02
495,fisher_effect,approximate_real_rate,0.0
496,fisher_effect,approximate_real_rate,-0.019999999999999997
497,fisher_effect,approximate_real_rate,-0.04
498,fisher_effect,approximate_real_rate,-0.060000000000000005
499,fisher_effect,approximate_real_rate,0.06
500,fisher_effect,approximate_real_rate,0.039999999999999994
501,fisher_effect,approximate_real_rate,0.019999999999999997
502,fisher_effect,approximate_real_rate,0.0
503,fisher_effect,approximate_real_rate,-0.020000000000000004
504,fisher_effect,approximate_real_rate,-0.04000000000000001
505,fisher_effect,approximate_real_rate,0.08
506,fisher_effect,approximate_real_rate,0.06
507,fisher_effect,approximate_real_rate,0.04
508,fisher_effect,approximate_real_rate,0.020000000000000004
509,fisher_effect,approximate_real_rate,0.0
510,fisher_effect,approximate_real_rate,-0.020000000000000004
511,fisher_effect,approximate_real_rate,0.1
512,fisher_effect,approximate_real_rate,0.08
513,fisher_effect,approximate_real_rate,0.060000000000000005
514,fisher_effect,approximate_real_rate,0.04000000000000001
515,fisher_effect,approximate_real_rate,0.020000000000000004
516,fisher_effect,approximate_real_rate,0.0
517,fisher_effect,approximate_real_rate,0.12
518,fisher_effect,approximate_real_rate,0.09999999999999999
519,fisher_effect,approximate_real_rate,0.07999999999999999
520,fisher_effect,approximate_real_rate,0.06
521,fisher_effect,approximate_real_rate,0.039999999999999994
522,fisher_effect,approximate_real_rate,0.01999999999999999
487,fisher_effect,approximation_error,-1.734723475976807e-17
488,fisher_effect,approximation_error,0.0
489,fisher_effect,approximation_error,-0.000769230769230727
490,fisher_effect,approximation_error,-0.0022641509433962287
491,fisher_effect,approximation_error,-0.0044444444444444176
492,fisher_effect,approximation_error,-0.00727272727272725
493,fisher_effect,approximation_error,-3.469446951953614e-17
494,fisher_effect,approximation_error,0.0003921568627451681
495,fisher_effect,approximation_error,0.0
496,fisher_effect,approximation_error,-0.0011320754716981143
497,fisher_effect,approximation_error,-0.0029629629629629103
498,fisher_effect,approximation_error,-0.005454545454545441
499,fisher_effect,approximation_error,-5.551115123125783e-17
500,fisher_effect,approximation_error,0.0007843137254901072
501,fisher_effect,approximation_error,0.0007692307692308345
502,fisher_effect,approximation_error,0.0
503,fisher_effect,approximation_error,-0.0014814814814815142
504,fisher_effect,approximation_error,-0.003636363636363632
505,fisher_effect,approximation_error,-6.938893903907228e-17
506,fisher_effect,approximation_error,0.0011764705882352788
507,fisher_effect,approximation_error,0.001538461538461454
508,fisher_effect,approximation_error,0.0011320754716981213
509,fisher_effect,approximation_error,0.0
510,fisher_effect,approximation_error,-0.001818181818181816
511,fisher_effect,approximation_error,-8.326672684688674e-17
512,fisher_effect,approximation_error,0.0015686274509802284
513,fisher_effect,approximation_error,0.0023076923076922953
514,fisher_effect,approximation_error,0.0022641509433962426
515,fisher_effect,approximation_error,0.0014814814814814031
516,fisher_effect,approximation_error,0.0
517,fisher_effect,approximation_error,-1.1102230246251565e-16
518,fisher_effect,approximation_error,0.001960784313725386
519,fisher_effect,approximation_error,0.003076923076922894
520,fisher_effect,approximation_error,0.00339622641509435
521,fisher_effect,approximation_error,0.0029629629629630144
522,fisher_effect,approximation_error,0.0018181818181816911
487,fisher_effect,gross_real_growth,1.02
488,fisher_effect,gross_real_growth,1.0
489,fisher_effect,gross_real_growth,0.9807692307692307
490,fisher_effect,gross_real_growth,0.9622641509433962
491,fisher_effect,gross_real_growth,0.9444444444444444
492,fisher_effect,gross_real_growth,0.9272727272727272
493,fisher_effect,gross_real_growth,1.04
494,fisher_effect,gross_real_growth,1.0196078431372548
495,fisher_effect,gross_real_growth,1.0
496,fisher_effect,gross_real_growth,0.9811320754716981
497,fisher_effect,gross_real_growth,0.9629629629629629
498,fisher_effect,gross_real_growth,0.9454545454545454
499,fisher_effect,gross_real_growth,1.06
500,fisher_effect,gross_real_growth,1.0392156862745099
501,fisher_effect,gross_real_growth,1.0192307692307692
502,fisher_effect,gross_real_growth,1.0
503,fisher_effect,gross_real_growth,0.9814814814814815
504,fisher_effect,gross_real_growth,0.9636363636363636
505,fisher_effect,gross_real_growth,1.08
506,fisher_effect,gross_real_growth,1.0588235294117647
507,fisher_effect,gross_real_growth,1.0384615384615385
508,fisher_effect,gross_real_growth,1.0188679245283019
509,fisher_effect,gross_real_growth,1.0
510,fisher_effect,gross_real_growth,0.9818181818181818
511,fisher_effect,gross_real_growth,1.1
512,fisher_effect,gross_real_growth,1.0784313725490198
513,fisher_effect,gross_real_growth,1.0576923076923077
514,fisher_effect,gross_real_growth,1.0377358490566038
515,fisher_effect,gross_real_growth,1.0185185185185186
516,fisher_effect,gross_real_growth,1.0
517,fisher_effect,gross_real_growth,1.12
518,fisher_effect,gross_real_growth,1.0980392156862746
519,fisher_effect,gross_real_growth,1.076923076923077
520,fisher_effect,gross_real_growth,1.0566037735849056
521,fisher_effect,gross_real_growth,1.037037037037037
522,fisher_effect,gross_real_growth,1.0181818181818183
