effect,return_on_assets,debt_ratio,roe,asset_price_shock,collateral_multiplier,shocked_net_worth,borrowing_capacity,external_finance_premium,investment,investment_change,initial_shock,leverage,final_price,price_decline,final_equity,forced_sales,rounds,default_flag,volatility_shock,price_impact,ending_asset_value,ending_equity,ending_haircut,revenue,carry_rate,ebitda,taxes,senior_interest,senior_principal,mezzanine_interest,mezzanine_principal,lp_preferred_return,sponsor_catch_up,sponsor_carry,lp_residual,lp_distribution,sponsor_distribution,total_equity_distribution,unpaid_debt_service,maturity_years,yield_shift,initial_price,new_yield,shocked_price,price_change,price_change_pct,coupon_rate,macaulay_duration,modified_duration,convexity,estimated_change_pct,exact_change_pct,approximation_error_pct,debt,tax_rate,interest,taxable_income,tax,net_income,tax_shield,levered_fcf_after_interest,unlevered_fcf,pv_perpetual_tax_shield,wealth_return,mpc,ending_wealth,wealth_change,consumption_change,ending_consumption,consumption_change_pct,recovery_rate,capital_multiplier,system_loss,defaults,capital_loss_pct,propagation_events,credit_growth,rate,ending_asset_price,peak_asset_price,drawdown_from_peak,ending_leverage,tightening_periods,risk_aversion_shock,safe_market_depth,flow_to_safe,safe_asset_return,risky_asset_return,new_safe_weight,spread_move,equity_weight,equity_return,equity_contribution,bond_contribution,cash_contribution,portfolio_return,risk_asset_weight,asset_return,procyclicality,ending_collateral,ending_debt,debt_capacity_change,new_shares,return_on_proceeds,gross_proceeds,incremental_income,pro_forma_shares,existing_holder_ownership_pct,old_eps,new_eps,eps_dilution_pct,ownership_dilution_pct,purchase_price,pre_tax_synergies,acquirer_net_income,target_net_income,after_tax_synergies,after_tax_interest,pro_forma_net_income,pro_forma_eps,accretion_dilution_pct,funding_check,years,annual_rate,future_value,principal_future_value,contribution_future_value,total_contributed,compound_growth,effective_annual_rate,nominal_rate,expected_inflation,real_rate,approximate_real_rate,approximation_error,gross_real_growth
leverage_effect,-0.08,0.0,-0.08,,,,,,,,,,,,,,,,,,,,,,,,,,,,,,,,,,,,,,,,,,,,,,,,,,,,,,,,,,,,,,,,,,,,,,,,,,,,,,,,,,,,,,,,,,,,,,,,,,,,,,,,,,,,,,,,,,,,,,,,,,,,,,,,,,,,,
leverage_effect,-0.08,0.25,-0.12666666666666668,,,,,,,,,,,,,,,,,,,,,,,,,,,,,,,,,,,,,,,,,,,,,,,,,,,,,,,,,,,,,,,,,,,,,,,,,,,,,,,,,,,,,,,,,,,,,,,,,,,,,,,,,,,,,,,,,,,,,,,,,,,,,,,,,,,,,
leverage_effect,-0.08,0.5,-0.22,,,,,,,,,,,,,,,,,,,,,,,,,,,,,,,,,,,,,,,,,,,,,,,,,,,,,,,,,,,,,,,,,,,,,,,,,,,,,,,,,,,,,,,,,,,,,,,,,,,,,,,,,,,,,,,,,,,,,,,,,,,,,,,,,,,,,
leverage_effect,-0.08,0.75,-0.5,,,,,,,,,,,,,,,,,,,,,,,,,,,,,,,,,,,,,,,,,,,,,,,,,,,,,,,,,,,,,,,,,,,,,,,,,,,,,,,,,,,,,,,,,,,,,,,,,,,,,,,,,,,,,,,,,,,,,,,,,,,,,,,,,,,,,
leverage_effect,-0.04,0.0,-0.04,,,,,,,,,,,,,,,,,,,,,,,,,,,,,,,,,,,,,,,,,,,,,,,,,,,,,,,,,,,,,,,,,,,,,,,,,,,,,,,,,,,,,,,,,,,,,,,,,,,,,,,,,,,,,,,,,,,,,,,,,,,,,,,,,,,,,
leverage_effect,-0.04,0.25,-0.07333333333333333,,,,,,,,,,,,,,,,,,,,,,,,,,,,,,,,,,,,,,,,,,,,,,,,,,,,,,,,,,,,,,,,,,,,,,,,,,,,,,,,,,,,,,,,,,,,,,,,,,,,,,,,,,,,,,,,,,,,,,,,,,,,,,,,,,,,,
leverage_effect,-0.04,0.5,-0.14,,,,,,,,,,,,,,,,,,,,,,,,,,,,,,,,,,,,,,,,,,,,,,,,,,,,,,,,,,,,,,,,,,,,,,,,,,,,,,,,,,,,,,,,,,,,,,,,,,,,,,,,,,,,,,,,,,,,,,,,,,,,,,,,,,,,,
leverage_effect,-0.04,0.75,-0.34,,,,,,,,,,,,,,,,,,,,,,,,,,,,,,,,,,,,,,,,,,,,,,,,,,,,,,,,,,,,,,,,,,,,,,,,,,,,,,,,,,,,,,,,,,,,,,,,,,,,,,,,,,,,,,,,,,,,,,,,,,,,,,,,,,,,,
leverage_effect,0.0,0.0,0.0,,,,,,,,,,,,,,,,,,,,,,,,,,,,,,,,,,,,,,,,,,,,,,,,,,,,,,,,,,,,,,,,,,,,,,,,,,,,,,,,,,,,,,,,,,,,,,,,,,,,,,,,,,,,,,,,,,,,,,,,,,,,,,,,,,,,,
leverage_effect,0.0,0.25,-0.02,,,,,,,,,,,,,,,,,,,,,,,,,,,,,,,,,,,,,,,,,,,,,,,,,,,,,,,,,,,,,,,,,,,,,,,,,,,,,,,,,,,,,,,,,,,,,,,,,,,,,,,,,,,,,,,,,,,,,,,,,,,,,,,,,,,,,
leverage_effect,0.0,0.5,-0.06,,,,,,,,,,,,,,,,,,,,,,,,,,,,,,,,,,,,,,,,,,,,,,,,,,,,,,,,,,,,,,,,,,,,,,,,,,,,,,,,,,,,,,,,,,,,,,,,,,,,,,,,,,,,,,,,,,,,,,,,,,,,,,,,,,,,,
leverage_effect,0.0,0.75,-0.18,,,,,,,,,,,,,,,,,,,,,,,,,,,,,,,,,,,,,,,,,,,,,,,,,,,,,,,,,,,,,,,,,,,,,,,,,,,,,,,,,,,,,,,,,,,,,,,,,,,,,,,,,,,,,,,,,,,,,,,,,,,,,,,,,,,,,
leverage_effect,0.04,0.0,0.03,,,,,,,,,,,,,,,,,,,,,,,,,,,,,,,,,,,,,,,,,,,,,,,,,,,,,,,,,,,,,,,,,,,,,,,,,,,,,,,,,,,,,,,,,,,,,,,,,,,,,,,,,,,,,,,,,,,,,,,,,,,,,,,,,,,,,
leverage_effect,0.04,0.25,0.025,,,,,,,,,,,,,,,,,,,,,,,,,,,,,,,,,,,,,,,,,,,,,,,,,,,,,,,,,,,,,,,,,,,,,,,,,,,,,,,,,,,,,,,,,,,,,,,,,,,,,,,,,,,,,,,,,,,,,,,,,,,,,,,,,,,,,
leverage_effect,0.04,0.5,0.015,,,,,,,,,,,,,,,,,,,,,,,,,,,,,,,,,,,,,,,,,,,,,,,,,,,,,,,,,,,,,,,,,,,,,,,,,,,,,,,,,,,,,,,,,,,,,,,,,,,,,,,,,,,,,,,,,,,,,,,,,,,,,,,,,,,,,
leverage_effect,0.04,0.75,-0.02,,,,,,,,,,,,,,,,,,,,,,,,,,,,,,,,,,,,,,,,,,,,,,,,,,,,,,,,,,,,,,,,,,,,,,,,,,,,,,,,,,,,,,,,,,,,,,,,,,,,,,,,,,,,,,,,,,,,,,,,,,,,,,,,,,,,,
leverage_effect,0.08,0.0,0.06,,,,,,,,,,,,,,,,,,,,,,,,,,,,,,,,,,,,,,,,,,,,,,,,,,,,,,,,,,,,,,,,,,,,,,,,,,,,,,,,,,,,,,,,,,,,,,,,,,,,,,,,,,,,,,,,,,,,,,,,,,,,,,,,,,,,,
leverage_effect,0.08,0.25,0.065,,,,,,,,,,,,,,,,,,,,,,,,,,,,,,,,,,,,,,,,,,,,,,,,,,,,,,,,,,,,,,,,,,,,,,,,,,,,,,,,,,,,,,,,,,,,,,,,,,,,,,,,,,,,,,,,,,,,,,,,,,,,,,,,,,,,,
leverage_effect,0.08,0.5,0.075,,,,,,,,,,,,,,,,,,,,,,,,,,,,,,,,,,,,,,,,,,,,,,,,,,,,,,,,,,,,,,,,,,,,,,,,,,,,,,,,,,,,,,,,,,,,,,,,,,,,,,,,,,,,,,,,,,,,,,,,,,,,,,,,,,,,,
leverage_effect,0.08,0.75,0.105,,,,,,,,,,,,,,,,,,,,,,,,,,,,,,,,,,,,,,,,,,,,,,,,,,,,,,,,,,,,,,,,,,,,,,,,,,,,,,,,,,,,,,,,,,,,,,,,,,,,,,,,,,,,,,,,,,,,,,,,,,,,,,,,,,,,,
leverage_effect,0.12,0.0,0.09,,,,,,,,,,,,,,,,,,,,,,,,,,,,,,,,,,,,,,,,,,,,,,,,,,,,,,,,,,,,,,,,,,,,,,,,,,,,,,,,,,,,,,,,,,,,,,,,,,,,,,,,,,,,,,,,,,,,,,,,,,,,,,,,,,,,,
leverage_effect,0.12,0.25,0.105,,,,,,,,,,,,,,,,,,,,,,,,,,,,,,,,,,,,,,,,,,,,,,,,,,,,,,,,,,,,,,,,,,,,,,,,,,,,,,,,,,,,,,,,,,,,,,,,,,,,,,,,,,,,,,,,,,,,,,,,,,,,,,,,,,,,,
leverage_effect,0.12,0.5,0.135,,,,,,,,,,,,,,,,,,,,,,,,,,,,,,,,,,,,,,,,,,,,,,,,,,,,,,,,,,,,,,,,,,,,,,,,,,,,,,,,,,,,,,,,,,,,,,,,,,,,,,,,,,,,,,,,,,,,,,,,,,,,,,,,,,,,,
leverage_effect,0.12,0.75,0.225,,,,,,,,,,,,,,,,,,,,,,,,,,,,,,,,,,,,,,,,,,,,,,,,,,,,,,,,,,,,,,,,,,,,,,,,,,,,,,,,,,,,,,,,,,,,,,,,,,,,,,,,,,,,,,,,,,,,,,,,,,,,,,,,,,,,,
leverage_effect,0.16,0.0,0.12,,,,,,,,,,,,,,,,,,,,,,,,,,,,,,,,,,,,,,,,,,,,,,,,,,,,,,,,,,,,,,,,,,,,,,,,,,,,,,,,,,,,,,,,,,,,,,,,,,,,,,,,,,,,,,,,,,,,,,,,,,,,,,,,,,,,,
leverage_effect,0.16,0.25,0.145,,,,,,,,,,,,,,,,,,,,,,,,,,,,,,,,,,,,,,,,,,,,,,,,,,,,,,,,,,,,,,,,,,,,,,,,,,,,,,,,,,,,,,,,,,,,,,,,,,,,,,,,,,,,,,,,,,,,,,,,,,,,,,,,,,,,,
leverage_effect,0.16,0.5,0.195,,,,,,,,,,,,,,,,,,,,,,,,,,,,,,,,,,,,,,,,,,,,,,,,,,,,,,,,,,,,,,,,,,,,,,,,,,,,,,,,,,,,,,,,,,,,,,,,,,,,,,,,,,,,,,,,,,,,,,,,,,,,,,,,,,,,,
leverage_effect,0.16,0.75,0.345,,,,,,,,,,,,,,,,,,,,,,,,,,,,,,,,,,,,,,,,,,,,,,,,,,,,,,,,,,,,,,,,,,,,,,,,,,,,,,,,,,,,,,,,,,,,,,,,,,,,,,,,,,,,,,,,,,,,,,,,,,,,,,,,,,,,,
financial_accelerator,,,,-0.4,1.5,30.0,0.0,0.07200000000000001,20.0,0.0,,,,,,,,,,,,,,,,,,,,,,,,,,,,,,,,,,,,,,,,,,,,,,,,,,,,,,,,,,,,,,,,,,,,,,,,,,,,,,,,,,,,,,,,,,,,,,,,,,,,,,,,,,,,,,,,,,,,,,,,,,,,,,
financial_accelerator,,,,-0.4,2.0,30.0,10.0,0.07200000000000001,23.5,3.5,,,,,,,,,,,,,,,,,,,,,,,,,,,,,,,,,,,,,,,,,,,,,,,,,,,,,,,,,,,,,,,,,,,,,,,,,,,,,,,,,,,,,,,,,,,,,,,,,,,,,,,,,,,,,,,,,,,,,,,,,,,,,,
financial_accelerator,,,,-0.4,2.5,30.0,25.0,0.07200000000000001,28.75,8.75,,,,,,,,,,,,,,,,,,,,,,,,,,,,,,,,,,,,,,,,,,,,,,,,,,,,,,,,,,,,,,,,,,,,,,,,,,,,,,,,,,,,,,,,,,,,,,,,,,,,,,,,,,,,,,,,,,,,,,,,,,,,,,
financial_accelerator,,,,-0.4,3.0,30.0,40.0,0.07200000000000001,34.0,14.0,,,,,,,,,,,,,,,,,,,,,,,,,,,,,,,,,,,,,,,,,,,,,,,,,,,,,,,,,,,,,,,,,,,,,,,,,,,,,,,,,,,,,,,,,,,,,,,,,,,,,,,,,,,,,,,,,,,,,,,,,,,,,,
financial_accelerator,,,,-0.3,1.5,35.0,2.5,0.064,20.875,0.875,,,,,,,,,,,,,,,,,,,,,,,,,,,,,,,,,,,,,,,,,,,,,,,,,,,,,,,,,,,,,,,,,,,,,,,,,,,,,,,,,,,,,,,,,,,,,,,,,,,,,,,,,,,,,,,,,,,,,,,,,,,,,,
financial_accelerator,,,,-0.3,2.0,35.0,20.0,0.064,27.0,7.0,,,,,,,,,,,,,,,,,,,,,,,,,,,,,,,,,,,,,,,,,,,,,,,,,,,,,,,,,,,,,,,,,,,,,,,,,,,,,,,,,,,,,,,,,,,,,,,,,,,,,,,,,,,,,,,,,,,,,,,,,,,,,,
financial_accelerator,,,,-0.3,2.5,35.0,37.5,0.064,33.125,13.125,,,,,,,,,,,,,,,,,,,,,,,,,,,,,,,,,,,,,,,,,,,,,,,,,,,,,,,,,,,,,,,,,,,,,,,,,,,,,,,,,,,,,,,,,,,,,,,,,,,,,,,,,,,,,,,,,,,,,,,,,,,,,,
financial_accelerator,,,,-0.3,3.0,35.0,55.0,0.064,39.25,19.25,,,,,,,,,,,,,,,,,,,,,,,,,,,,,,,,,,,,,,,,,,,,,,,,,,,,,,,,,,,,,,,,,,,,,,,,,,,,,,,,,,,,,,,,,,,,,,,,,,,,,,,,,,,,,,,,,,,,,,,,,,,,,,
financial_accelerator,,,,-0.19999999999999998,1.5,40.0,10.0,0.055999999999999994,23.5,3.5,,,,,,,,,,,,,,,,,,,,,,,,,,,,,,,,,,,,,,,,,,,,,,,,,,,,,,,,,,,,,,,,,,,,,,,,,,,,,,,,,,,,,,,,,,,,,,,,,,,,,,,,,,,,,,,,,,,,,,,,,,,,,,
financial_accelerator,,,,-0.19999999999999998,2.0,40.0,30.0,0.055999999999999994,30.5,10.5,,,,,,,,,,,,,,,,,,,,,,,,,,,,,,,,,,,,,,,,,,,,,,,,,,,,,,,,,,,,,,,,,,,,,,,,,,,,,,,,,,,,,,,,,,,,,,,,,,,,,,,,,,,,,,,,,,,,,,,,,,,,,,
financial_accelerator,,,,-0.19999999999999998,2.5,40.0,50.0,0.055999999999999994,37.5,17.5,,,,,,,,,,,,,,,,,,,,,,,,,,,,,,,,,,,,,,,,,,,,,,,,,,,,,,,,,,,,,,,,,,,,,,,,,,,,,,,,,,,,,,,,,,,,,,,,,,,,,,,,,,,,,,,,,,,,,,,,,,,,,,
financial_accelerator,,,,-0.19999999999999998,3.0,40.0,70.0,0.055999999999999994,44.5,24.5,,,,,,,,,,,,,,,,,,,,,,,,,,,,,,,,,,,,,,,,,,,,,,,,,,,,,,,,,,,,,,,,,,,,,,,,,,,,,,,,,,,,,,,,,,,,,,,,,,,,,,,,,,,,,,,,,,,,,,,,,,,,,,
financial_accelerator,,,,-0.09999999999999998,1.5,45.0,17.5,0.048,26.125,6.125,,,,,,,,,,,,,,,,,,,,,,,,,,,,,,,,,,,,,,,,,,,,,,,,,,,,,,,,,,,,,,,,,,,,,,,,,,,,,,,,,,,,,,,,,,,,,,,,,,,,,,,,,,,,,,,,,,,,,,,,,,,,,,
financial_accelerator,,,,-0.09999999999999998,2.0,45.0,40.0,0.048,34.0,14.0,,,,,,,,,,,,,,,,,,,,,,,,,,,,,,,,,,,,,,,,,,,,,,,,,,,,,,,,,,,,,,,,,,,,,,,,,,,,,,,,,,,,,,,,,,,,,,,,,,,,,,,,,,,,,,,,,,,,,,,,,,,,,,
financial_accelerator,,,,-0.09999999999999998,2.5,45.0,62.5,0.048,41.875,21.875,,,,,,,,,,,,,,,,,,,,,,,,,,,,,,,,,,,,,,,,,,,,,,,,,,,,,,,,,,,,,,,,,,,,,,,,,,,,,,,,,,,,,,,,,,,,,,,,,,,,,,,,,,,,,,,,,,,,,,,,,,,,,,
financial_accelerator,,,,-0.09999999999999998,3.0,45.0,85.0,0.048,49.75,29.75,,,,,,,,,,,,,,,,,,,,,,,,,,,,,,,,,,,,,,,,,,,,,,,,,,,,,,,,,,,,,,,,,,,,,,,,,,,,,,,,,,,,,,,,,,,,,,,,,,,,,,,,,,,,,,,,,,,,,,,,,,,,,,
financial_accelerator,,,,5.551115123125783e-17,1.5,50.0,25.0,0.04,28.75,8.75,,,,,,,,,,,,,,,,,,,,,,,,,,,,,,,,,,,,,,,,,,,,,,,,,,,,,,,,,,,,,,,,,,,,,,,,,,,,,,,,,,,,,,,,,,,,,,,,,,,,,,,,,,,,,,,,,,,,,,,,,,,,,,
financial_accelerator,,,,5.551115123125783e-17,2.0,50.0,50.0,0.04,37.5,17.5,,,,,,,,,,,,,,,,,,,,,,,,,,,,,,,,,,,,,,,,,,,,,,,,,,,,,,,,,,,,,,,,,,,,,,,,,,,,,,,,,,,,,,,,,,,,,,,,,,,,,,,,,,,,,,,,,,,,,,,,,,,,,,
financial_accelerator,,,,5.551115123125783e-17,2.5,50.0,75.0,0.04,46.25,26.25,,,,,,,,,,,,,,,,,,,,,,,,,,,,,,,,,,,,,,,,,,,,,,,,,,,,,,,,,,,,,,,,,,,,,,,,,,,,,,,,,,,,,,,,,,,,,,,,,,,,,,,,,,,,,,,,,,,,,,,,,,,,,,
financial_accelerator,,,,5.551115123125783e-17,3.0,50.0,100.0,0.04,55.0,35.0,,,,,,,,,,,,,,,,,,,,,,,,,,,,,,,,,,,,,,,,,,,,,,,,,,,,,,,,,,,,,,,,,,,,,,,,,,,,,,,,,,,,,,,,,,,,,,,,,,,,,,,,,,,,,,,,,,,,,,,,,,,,,,
financial_accelerator,,,,0.10000000000000009,1.5,55.00000000000001,32.500000000000014,0.04,31.375000000000004,11.375000000000004,,,,,,,,,,,,,,,,,,,,,,,,,,,,,,,,,,,,,,,,,,,,,,,,,,,,,,,,,,,,,,,,,,,,,,,,,,,,,,,,,,,,,,,,,,,,,,,,,,,,,,,,,,,,,,,,,,,,,,,,,,,,,,
financial_accelerator,,,,0.10000000000000009,2.0,55.00000000000001,60.000000000000014,0.04,41.0,21.0,,,,,,,,,,,,,,,,,,,,,,,,,,,,,,,,,,,,,,,,,,,,,,,,,,,,,,,,,,,,,,,,,,,,,,,,,,,,,,,,,,,,,,,,,,,,,,,,,,,,,,,,,,,,,,,,,,,,,,,,,,,,,,
financial_accelerator,,,,0.10000000000000009,2.5,55.00000000000001,87.50000000000003,0.04,50.62500000000001,30.625000000000007,,,,,,,,,,,,,,,,,,,,,,,,,,,,,,,,,,,,,,,,,,,,,,,,,,,,,,,,,,,,,,,,,,,,,,,,,,,,,,,,,,,,,,,,,,,,,,,,,,,,,,,,,,,,,,,,,,,,,,,,,,,,,,
financial_accelerator,,,,0.10000000000000009,3.0,55.00000000000001,115.00000000000003,0.04,60.25000000000001,40.25000000000001,,,,,,,,,,,,,,,,,,,,,,,,,,,,,,,,,,,,,,,,,,,,,,,,,,,,,,,,,,,,,,,,,,,,,,,,,,,,,,,,,,,,,,,,,,,,,,,,,,,,,,,,,,,,,,,,,,,,,,,,,,,,,,
financial_accelerator,,,,0.2,1.5,60.0,40.0,0.04,34.0,14.0,,,,,,,,,,,,,,,,,,,,,,,,,,,,,,,,,,,,,,,,,,,,,,,,,,,,,,,,,,,,,,,,,,,,,,,,,,,,,,,,,,,,,,,,,,,,,,,,,,,,,,,,,,,,,,,,,,,,,,,,,,,,,,
financial_accelerator,,,,0.2,2.0,60.0,70.0,0.04,44.5,24.5,,,,,,,,,,,,,,,,,,,,,,,,,,,,,,,,,,,,,,,,,,,,,,,,,,,,,,,,,,,,,,,,,,,,,,,,,,,,,,,,,,,,,,,,,,,,,,,,,,,,,,,,,,,,,,,,,,,,,,,,,,,,,,
financial_accelerator,,,,0.2,2.5,60.0,100.0,0.04,55.0,35.0,,,,,,,,,,,,,,,,,,,,,,,,,,,,,,,,,,,,,,,,,,,,,,,,,,,,,,,,,,,,,,,,,,,,,,,,,,,,,,,,,,,,,,,,,,,,,,,,,,,,,,,,,,,,,,,,,,,,,,,,,,,,,,
financial_accelerator,,,,0.2,3.0,60.0,130.0,0.04,65.5,45.5,,,,,,,,,,,,,,,,,,,,,,,,,,,,,,,,,,,,,,,,,,,,,,,,,,,,,,,,,,,,,,,,,,,,,,,,,,,,,,,,,,,,,,,,,,,,,,,,,,,,,,,,,,,,,,,,,,,,,,,,,,,,,,
liquidity_spiral,,,,,,,,,,,0.02,2.0,0.98,0.020000000000000018,48.0,0.0,0.0,0.0,,,,,,,,,,,,,,,,,,,,,,,,,,,,,,,,,,,,,,,,,,,,,,,,,,,,,,,,,,,,,,,,,,,,,,,,,,,,,,,,,,,,,,,,,,,,,,,,,,,,,,,,,,,,,,,,,,,,,,
liquidity_spiral,,,,,,,,,,,0.02,3.0,0.98,0.020000000000000018,31.333333333333343,0.0,0.0,0.0,,,,,,,,,,,,,,,,,,,,,,,,,,,,,,,,,,,,,,,,,,,,,,,,,,,,,,,,,,,,,,,,,,,,,,,,,,,,,,,,,,,,,,,,,,,,,,,,,,,,,,,,,,,,,,,,,,,,,,
liquidity_spiral,,,,,,,,,,,0.02,4.0,0.049218196121986156,0.9507818038780138,-5.191364709148964,100.0,3.0,1.0,,,,,,,,,,,,,,,,,,,,,,,,,,,,,,,,,,,,,,,,,,,,,,,,,,,,,,,,,,,,,,,,,,,,,,,,,,,,,,,,,,,,,,,,,,,,,,,,,,,,,,,,,,,,,,,,,,,,,,
liquidity_spiral,,,,,,,,,,,0.02,5.0,0.0316666666666667,0.9683333333333333,-7.469387755102034,100.0,2.0,1.0,,,,,,,,,,,,,,,,,,,,,,,,,,,,,,,,,,,,,,,,,,,,,,,,,,,,,,,,,,,,,,,,,,,,,,,,,,,,,,,,,,,,,,,,,,,,,,,,,,,,,,,,,,,,,,,,,,,,,,
liquidity_spiral,,,,,,,,,,,0.02,6.0,0.09193751574703948,0.9080624842529605,-16.728647014361293,100.0,2.0,1.0,,,,,,,,,,,,,,,,,,,,,,,,,,,,,,,,,,,,,,,,,,,,,,,,,,,,,,,,,,,,,,,,,,,,,,,,,,,,,,,,,,,,,,,,,,,,,,,,,,,,,,,,,,,,,,,,,,,,,,
liquidity_spiral,,,,,,,,,,,0.05,2.0,0.95,0.050000000000000044,45.0,0.0,0.0,0.0,,,,,,,,,,,,,,,,,,,,,,,,,,,,,,,,,,,,,,,,,,,,,,,,,,,,,,,,,,,,,,,,,,,,,,,,,,,,,,,,,,,,,,,,,,,,,,,,,,,,,,,,,,,,,,,,,,,,,,
liquidity_spiral,,,,,,,,,,,0.05,3.0,0.95,0.050000000000000044,28.333333333333343,0.0,0.0,0.0,,,,,,,,,,,,,,,,,,,,,,,,,,,,,,,,,,,,,,,,,,,,,,,,,,,,,,,,,,,,,,,,,,,,,,,,,,,,,,,,,,,,,,,,,,,,,,,,,,,,,,,,,,,,,,,,,,,,,,
liquidity_spiral,,,,,,,,,,,0.05,4.0,0.059178208679593815,0.9408217913204062,-8.188365650969539,100.0,3.0,1.0,,,,,,,,,,,,,,,,,,,,,,,,,,,,,,,,,,,,,,,,,,,,,,,,,,,,,,,,,,,,,,,,,,,,,,,,,,,,,,,,,,,,,,,,,,,,,,,,,,,,,,,,,,,,,,,,,,,,,,
liquidity_spiral,,,,,,,,,,,0.05,5.0,0.07631578947368424,0.9236842105263158,-14.473684210526319,100.0,2.0,1.0,,,,,,,,,,,,,,,,,,,,,,,,,,,,,,,,,,,,,,,,,,,,,,,,,,,,,,,,,,,,,,,,,,,,,,,,,,,,,,,,,,,,,,,,,,,,,,,,,,,,,,,,,,,,,,,,,,,,,,
liquidity_spiral,,,,,,,,,,,0.05,6.0,0.10542560103963612,0.8945743989603638,-19.99025341130604,100.0,2.0,1.0,,,,,,,,,,,,,,,,,,,,,,,,,,,,,,,,,,,,,,,,,,,,,,,,,,,,,,,,,,,,,,,,,,,,,,,,,,,,,,,,,,,,,,,,,,,,,,,,,,,,,,,,,,,,,,,,,,,,,,
liquidity_spiral,,,,,,,,,,,0.08,2.0,0.92,0.07999999999999996,42.0,0.0,0.0,0.0,,,,,,,,,,,,,,,,,,,,,,,,,,,,,,,,,,,,,,,,,,,,,,,,,,,,,,,,,,,,,,,,,,,,,,,,,,,,,,,,,,,,,,,,,,,,,,,,,,,,,,,,,,,,,,,,,,,,,,
liquidity_spiral,,,,,,,,,,,0.08,3.0,0.92,0.07999999999999996,25.333333333333343,0.0,0.0,0.0,,,,,,,,,,,,,,,,,,,,,,,,,,,,,,,,,,,,,,,,,,,,,,,,,,,,,,,,,,,,,,,,,,,,,,,,,,,,,,,,,,,,,,,,,,,,,,,,,,,,,,,,,,,,,,,,,,,,,,
liquidity_spiral,,,,,,,,,,,0.08,4.0,0.03000000000000003,0.97,-6.65217391304347,100.0,2.0,1.0,,,,,,,,,,,,,,,,,,,,,,,,,,,,,,,,,,,,,,,,,,,,,,,,,,,,,,,,,,,,,,,,,,,,,,,,,,,,,,,,,,,,,,,,,,,,,,,,,,,,,,,,,,,,,,,,,,,,,,
liquidity_spiral,,,,,,,,,,,0.08,5.0,0.10144927536231883,0.8985507246376812,-18.608695652173907,100.0,2.0,1.0,,,,,,,,,,,,,,,,,,,,,,,,,,,,,,,,,,,,,,,,,,,,,,,,,,,,,,,,,,,,,,,,,,,,,,,,,,,,,,,,,,,,,,,,,,,,,,,,,,,,,,,,,,,,,,,,,,,,,,
liquidity_spiral,,,,,,,,,,,0.08,6.0,0.07740203972088039,0.9225979602791197,-20.138486312399355,100.0,2.0,1.0,,,,,,,,,,,,,,,,,,,,,,,,,,,,,,,,,,,,,,,,,,,,,,,,,,,,,,,,,,,,,,,,,,,,,,,,,,,,,,,,,,,,,,,,,,,,,,,,,,,,,,,,,,,,,,,,,,,,,,
liquidity_spiral,,,,,,,,,,,0.12,2.0,0.88,0.12,38.0,0.0,0.0,0.0,,,,,,,,,,,,,,,,,,,,,,,,,,,,,,,,,,,,,,,,,,,,,,,,,,,,,,,,,,,,,,,,,,,,,,,,,,,,,,,,,,,,,,,,,,,,,,,,,,,,,,,,,,,,,,,,,,,,,,
liquidity_spiral,,,,,,,,,,,0.12,3.0,0.12720852335784952,0.8727914766421505,-10.20730591850537,100.0,4.0,1.0,,,,,,,,,,,,,,,,,,,,,,,,,,,,,,,,,,,,,,,,,,,,,,,,,,,,,,,,,,,,,,,,,,,,,,,,,,,,,,,,,,,,,,,,,,,,,,,,,,,,,,,,,,,,,,,,,,,,,,
liquidity_spiral,,,,,,,,,,,0.12,4.0,0.08484848484848483,0.9151515151515152,-15.36363636363636,100.0,2.0,1.0,,,,,,,,,,,,,,,,,,,,,,,,,,,,,,,,,,,,,,,,,,,,,,,,,,,,,,,,,,,,,,,,,,,,,,,,,,,,,,,,,,,,,,,,,,,,,,,,,,,,,,,,,,,,,,,,,,,,,,
liquidity_spiral,,,,,,,,,,,0.12,5.0,0.06868686868686867,0.9313131313131313,-19.151515151515152,100.0,2.0,1.0,,,,,,,,,,,,,,,,,,,,,,,,,,,,,,,,,,,,,,,,,,,,,,,,,,,,,,,,,,,,,,,,,,,,,,,,,,,,,,,,,,,,,,,,,,,,,,,,,,,,,,,,,,,,,,,,,,,,,,
liquidity_spiral,,,,,,,,,,,0.12,6.0,0.03155555555555557,0.9684444444444444,-13.066666666666679,100.0,2.0,1.0,,,,,,,,,,,,,,,,,,,,,,,,,,,,,,,,,,,,,,,,,,,,,,,,,,,,,,,,,,,,,,,,,,,,,,,,,,,,,,,,,,,,,,,,,,,,,,,,,,,,,,,,,,,,,,,,,,,,,,
liquidity_spiral,,,,,,,,,,,0.16,2.0,0.84,0.16000000000000003,34.0,0.0,0.0,0.0,,,,,,,,,,,,,,,,,,,,,,,,,,,,,,,,,,,,,,,,,,,,,,,,,,,,,,,,,,,,,,,,,,,,,,,,,,,,,,,,,,,,,,,,,,,,,,,,,,,,,,,,,,,,,,,,,,,,,,
liquidity_spiral,,,,,,,,,,,0.16,3.0,0.029042915931804757,0.9709570840681953,-3.33827160493839,100.0,3.0,1.0,,,,,,,,,,,,,,,,,,,,,,,,,,,,,,,,,,,,,,,,,,,,,,,,,,,,,,,,,,,,,,,,,,,,,,,,,,,,,,,,,,,,,,,,,,,,,,,,,,,,,,,,,,,,,,,,,,,,,,
liquidity_spiral,,,,,,,,,,,0.16,4.0,0.08571428571428569,0.9142857142857144,-18.42857142857143,100.0,2.0,1.0,,,,,,,,,,,,,,,,,,,,,,,,,,,,,,,,,,,,,,,,,,,,,,,,,,,,,,,,,,,,,,,,,,,,,,,,,,,,,,,,,,,,,,,,,,,,,,,,,,,,,,,,,,,,,,,,,,,,,,
liquidity_spiral,,,,,,,,,,,0.16,5.0,0.03133333333333336,0.9686666666666667,-11.2,100.0,2.0,1.0,,,,,,,,,,,,,,,,,,,,,,,,,,,,,,,,,,,,,,,,,,,,,,,,,,,,,,,,,,,,,,,,,,,,,,,,,,,,,,,,,,,,,,,,,,,,,,,,,,,,,,,,,,,,,,,,,,,,,,
liquidity_spiral,,,,,,,,,,,0.16,6.0,0.04022222222222225,0.9597777777777777,-1.86666666666668,100.0,2.0,1.0,,,,,,,,,,,,,,,,,,,,,,,,,,,,,,,,,,,,,,,,,,,,,,,,,,,,,,,,,,,,,,,,,,,,,,,,,,,,,,,,,,,,,,,,,,,,,,,,,,,,,,,,,,,,,,,,,,,,,,
liquidity_spiral,,,,,,,,,,,0.2,2.0,0.8,0.19999999999999996,30.0,0.0,0.0,0.0,,,,,,,,,,,,,,,,,,,,,,,,,,,,,,,,,,,,,,,,,,,,,,,,,,,,,,,,,,,,,,,,,,,,,,,,,,,,,,,,,,,,,,,,,,,,,,,,,,,,,,,,,,,,,,,,,,,,,,
liquidity_spiral,,,,,,,,,,,0.2,3.0,0.04938271604938246,0.9506172839506175,-10.370370370370338,100.0,2.0,1.0,,,,,,,,,,,,,,,,,,,,,,,,,,,,,,,,,,,,,,,,,,,,,,,,,,,,,,,,,,,,,,,,,,,,,,,,,,,,,,,,,,,,,,,,,,,,,,,,,,,,,,,,,,,,,,,,,,,,,,
liquidity_spiral,,,,,,,,,,,0.2,4.0,0.026666666666666693,0.9733333333333333,-14.0,100.0,2.0,1.0,,,,,,,,,,,,,,,,,,,,,,,,,,,,,,,,,,,,,,,,,,,,,,,,,,,,,,,,,,,,,,,,,,,,,,,,,,,,,,,,,,,,,,,,,,,,,,,,,,,,,,,,,,,,,,,,,,,,,,
liquidity_spiral,,,,,,,,,,,0.2,5.0,0.040000000000000036,0.96,0.0,100.0,1.0,1.0,,,,,,,,,,,,,,,,,,,,,,,,,,,,,,,,,,,,,,,,,,,,,,,,,,,,,,,,,,,,,,,,,,,,,,,,,,,,,,,,,,,,,,,,,,,,,,,,,,,,,,,,,,,,,,,,,,,,,,
liquidity_spiral,,,,,,,,,,,0.2,6.0,0.040000000000000036,0.96,-3.3333333333333286,100.0,1.0,1.0,,,,,,,,,,,,,,,,,,,,,,,,,,,,,,,,,,,,,,,,,,,,,,,,,,,,,,,,,,,,,,,,,,,,,,,,,,,,,,,,,,,,,,,,,,,,,,,,,,,,,,,,,,,,,,,,,,,,,,
margin_spiral,,,,,,,,,,,,,,,,0.0,0.0,,0.02,0.05,98.0,23.0,0.20700000000000002,,,,,,,,,,,,,,,,,,,,,,,,,,,,,,,,,,,,,,,,,,,,,,,,,,,,,,,,,,,,,,,,,,,,,,,,,,,,,,,,,,,,,,,,,,,,,,,,,,,,,,,,,,,,,,,,,
margin_spiral,,,,,,,,,,,,,,,,0.0,0.0,,0.02,0.1,98.0,23.0,0.20700000000000002,,,,,,,,,,,,,,,,,,,,,,,,,,,,,,,,,,,,,,,,,,,,,,,,,,,,,,,,,,,,,,,,,,,,,,,,,,,,,,,,,,,,,,,,,,,,,,,,,,,,,,,,,,,,,,,,,
margin_spiral,,,,,,,,,,,,,,,,0.0,0.0,,0.02,0.2,98.0,23.0,0.20700000000000002,,,,,,,,,,,,,,,,,,,,,,,,,,,,,,,,,,,,,,,,,,,,,,,,,,,,,,,,,,,,,,,,,,,,,,,,,,,,,,,,,,,,,,,,,,,,,,,,,,,,,,,,,,,,,,,,,
margin_spiral,,,,,,,,,,,,,,,,0.0,0.0,,0.02,0.35,98.0,23.0,0.20700000000000002,,,,,,,,,,,,,,,,,,,,,,,,,,,,,,,,,,,,,,,,,,,,,,,,,,,,,,,,,,,,,,,,,,,,,,,,,,,,,,,,,,,,,,,,,,,,,,,,,,,,,,,,,,,,,,,,,
margin_spiral,,,,,,,,,,,,,,,,0.0,0.0,,0.02,0.5,98.0,23.0,0.20700000000000002,,,,,,,,,,,,,,,,,,,,,,,,,,,,,,,,,,,,,,,,,,,,,,,,,,,,,,,,,,,,,,,,,,,,,,,,,,,,,,,,,,,,,,,,,,,,,,,,,,,,,,,,,,,,,,,,,
margin_spiral,,,,,,,,,,,,,,,,4.076927959830304,8.0,,0.05,0.05,90.71927781209318,19.79615608629014,0.21821345369798448,,,,,,,,,,,,,,,,,,,,,,,,,,,,,,,,,,,,,,,,,,,,,,,,,,,,,,,,,,,,,,,,,,,,,,,,,,,,,,,,,,,,,,,,,,,,,,,,,,,,,,,,,,,,,,,,,
margin_spiral,,,,,,,,,,,,,,,,6.10285612192342,8.0,,0.05,0.1,88.29956082245357,19.39086916567757,0.2196319579201284,,,,,,,,,,,,,,,,,,,,,,,,,,,,,,,,,,,,,,,,,,,,,,,,,,,,,,,,,,,,,,,,,,,,,,,,,,,,,,,,,,,,,,,,,,,,,,,,,,,,,,,,,,,,,,,,,
margin_spiral,,,,,,,,,,,,,,,,23.034560636079636,8.0,,0.05,0.2,69.4126512232113,15.735441870535247,0.23242595345312678,,,,,,,,,,,,,,,,,,,,,,,,,,,,,,,,,,,,,,,,,,,,,,,,,,,,,,,,,,,,,,,,,,,,,,,,,,,,,,,,,,,,,,,,,,,,,,,,,,,,,,,,,,,,,,,,,
margin_spiral,,,,,,,,,,,,,,,,71.88759386713637,7.0,,0.05,0.35,0.0,-3.112406132863624,0.30556230248724203,,,,,,,,,,,,,,,,,,,,,,,,,,,,,,,,,,,,,,,,,,,,,,,,,,,,,,,,,,,,,,,,,,,,,,,,,,,,,,,,,,,,,,,,,,,,,,,,,,,,,,,,,,,,,,,,,
margin_spiral,,,,,,,,,,,,,,,,66.26560039608904,5.0,,0.05,0.5,0.0,-8.734399603910967,0.3334648006931558,,,,,,,,,,,,,,,,,,,,,,,,,,,,,,,,,,,,,,,,,,,,,,,,,,,,,,,,,,,,,,,,,,,,,,,,,,,,,,,,,,,,,,,,,,,,,,,,,,,,,,,,,,,,,,,,,
margin_spiral,,,,,,,,,,,,,,,,32.88034088550189,8.0,,0.1,0.05,55.47571001322559,13.355986191105977,0.24075404833112907,,,,,,,,,,,,,,,,,,,,,,,,,,,,,,,,,,,,,,,,,,,,,,,,,,,,,,,,,,,,,,,,,,,,,,,,,,,,,,,,,,,,,,,,,,,,,,,,,,,,,,,,,,,,,,,,,
margin_spiral,,,,,,,,,,,,,,,,42.85220619530084,8.0,,0.1,0.1,42.872226731640446,10.715656975603679,0.24999520058538716,,,,,,,,,,,,,,,,,,,,,,,,,,,,,,,,,,,,,,,,,,,,,,,,,,,,,,,,,,,,,,,,,,,,,,,,,,,,,,,,,,,,,,,,,,,,,,,,,,,,,,,,,,,,,,,,,
margin_spiral,,,,,,,,,,,,,,,,74.73885515381906,8.0,,0.1,0.2,0.6311097257717824,0.1051849542952994,0.2871318526599665,,,,,,,,,,,,,,,,,,,,,,,,,,,,,,,,,,,,,,,,,,,,,,,,,,,,,,,,,,,,,,,,,,,,,,,,,,,,,,,,,,,,,,,,,,,,,,,,,,,,,,,,,,,,,,,,,
margin_spiral,,,,,,,,,,,,,,,,69.3601622156612,3.0,,0.1,0.35,0.0,-5.639837784338793,0.31996619871418497,,,,,,,,,,,,,,,,,,,,,,,,,,,,,,,,,,,,,,,,,,,,,,,,,,,,,,,,,,,,,,,,,,,,,,,,,,,,,,,,,,,,,,,,,,,,,,,,,,,,,,,,,,,,,,,,,
margin_spiral,,,,,,,,,,,,,,,,70.0954202319105,2.0,,0.1,0.5,0.0,-4.904579768089498,0.3576669854058434,,,,,,,,,,,,,,,,,,,,,,,,,,,,,,,,,,,,,,,,,,,,,,,,,,,,,,,,,,,,,,,,,,,,,,,,,,,,,,,,,,,,,,,,,,,,,,,,,,,,,,,,,,,,,,,,,
margin_spiral,,,,,,,,,,,,,,,,54.51403078279926,8.0,,0.15,0.05,27.760288876939004,7.27429947033043,0.26203995185384354,,,,,,,,,,,,,,,,,,,,,,,,,,,,,,,,,,,,,,,,,,,,,,,,,,,,,,,,,,,,,,,,,,,,,,,,,,,,,,,,,,,,,,,,,,,,,,,,,,,,,,,,,,,,,,,,,
margin_spiral,,,,,,,,,,,,,,,,66.0869167350297,8.0,,0.15,0.1,12.306631999167736,3.3915119999243455,0.2756297080002648,,,,,,,,,,,,,,,,,,,,,,,,,,,,,,,,,,,,,,,,,,,,,,,,,,,,,,,,,,,,,,,,,,,,,,,,,,,,,,,,,,,,,,,,,,,,,,,,,,,,,,,,,,,,,,,,,
margin_spiral,,,,,,,,,,,,,,,,72.68172827313381,2.0,,0.15,0.2,0.0,-2.3182717268661897,0.30337720979119365,,,,,,,,,,,,,,,,,,,,,,,,,,,,,,,,,,,,,,,,,,,,,,,,,,,,,,,,,,,,,,,,,,,,,,,,,,,,,,,,,,,,,,,,,,,,,,,,,,,,,,,,,,,,,,,,,
margin_spiral,,,,,,,,,,,,,,,,69.11138613861387,2.0,,0.15,0.35,0.0,-5.888613861386133,0.33716144801980197,,,,,,,,,,,,,,,,,,,,,,,,,,,,,,,,,,,,,,,,,,,,,,,,,,,,,,,,,,,,,,,,,,,,,,,,,,,,,,,,,,,,,,,,,,,,,,,,,,,,,,,,,,,,,,,,,
margin_spiral,,,,,,,,,,,,,,,,62.301980198019805,2.0,,0.15,0.5,0.0,-12.698019801980195,0.36152846534653466,,,,,,,,,,,,,,,,,,,,,,,,,,,,,,,,,,,,,,,,,,,,,,,,,,,,,,,,,,,,,,,,,,,,,,,,,,,,,,,,,,,,,,,,,,,,,,,,,,,,,,,,,,,,,,,,,
margin_spiral,,,,,,,,,,,,,,,,71.36316993818033,8.0,,0.2,0.05,5.068677326600033,1.4318417774571435,0.2824885537789,,,,,,,,,,,,,,,,,,,,,,,,,,,,,,,,,,,,,,,,,,,,,,,,,,,,,,,,,,,,,,,,,,,,,,,,,,,,,,,,,,,,,,,,,,,,,,,,,,,,,,,,,,,,,,,,,
margin_spiral,,,,,,,,,,,,,,,,73.85185185185185,2.0,,0.2,0.1,0.0,-1.1481481481481488,0.29584814814814814,,,,,,,,,,,,,,,,,,,,,,,,,,,,,,,,,,,,,,,,,,,,,,,,,,,,,,,,,,,,,,,,,,,,,,,,,,,,,,,,,,,,,,,,,,,,,,,,,,,,,,,,,,,,,,,,,
margin_spiral,,,,,,,,,,,,,,,,67.7037037037037,2.0,,0.2,0.2,0.0,-7.296296296296298,0.3173925925925926,,,,,,,,,,,,,,,,,,,,,,,,,,,,,,,,,,,,,,,,,,,,,,,,,,,,,,,,,,,,,,,,,,,,,,,,,,,,,,,,,,,,,,,,,,,,,,,,,,,,,,,,,,,,,,,,,
margin_spiral,,,,,,,,,,,,,,,,61.48148148148148,1.0,,0.2,0.35,0.0,-13.518518518518519,0.3453148148148148,,,,,,,,,,,,,,,,,,,,,,,,,,,,,,,,,,,,,,,,,,,,,,,,,,,,,,,,,,,,,,,,,,,,,,,,,,,,,,,,,,,,,,,,,,,,,,,,,,,,,,,,,,,,,,,,,
margin_spiral,,,,,,,,,,,,,,,,61.48148148148148,1.0,,0.2,0.5,0.0,-13.518518518518519,0.3775925925925926,,,,,,,,,,,,,,,,,,,,,,,,,,,,,,,,,,,,,,,,,,,,,,,,,,,,,,,,,,,,,,,,,,,,,,,,,,,,,,,,,,,,,,,,,,,,,,,,,,,,,,,,,,,,,,,,,
cash_flow_waterfall,,,,,,,,,,,,,,,,,,,,,,,,90.0,0.1,18.0,0.24999999999999956,12.600000000000001,5.149999999999999,0.0,0.0,0.0,0.0,0.0,0.0,0.0,0.0,0.0,4.4,,,,,,,,,,,,,,,,,,,,,,,,,,,,,,,,,,,,,,,,,,,,,,,,,,,,,,,,,,,,,,,,,,,,,,,,,,,,,,,,,,,,,,,,,,,,,,,,,
cash_flow_waterfall,,,,,,,,,,,,,,,,,,,,,,,,90.0,0.15,18.0,0.24999999999999956,12.600000000000001,5.149999999999999,0.0,0.0,0.0,0.0,0.0,0.0,0.0,0.0,0.0,4.4,,,,,,,,,,,,,,,,,,,,,,,,,,,,,,,,,,,,,,,,,,,,,,,,,,,,,,,,,,,,,,,,,,,,,,,,,,,,,,,,,,,,,,,,,,,,,,,,,
cash_flow_waterfall,,,,,,,,,,,,,,,,,,,,,,,,90.0,0.2,18.0,0.24999999999999956,12.600000000000001,5.149999999999999,0.0,0.0,0.0,0.0,0.0,0.0,0.0,0.0,0.0,4.4,,,,,,,,,,,,,,,,,,,,,,,,,,,,,,,,,,,,,,,,,,,,,,,,,,,,,,,,,,,,,,,,,,,,,,,,,,,,,,,,,,,,,,,,,,,,,,,,,
cash_flow_waterfall,,,,,,,,,,,,,,,,,,,,,,,,90.0,0.25,18.0,0.24999999999999956,12.600000000000001,5.149999999999999,0.0,0.0,0.0,0.0,0.0,0.0,0.0,0.0,0.0,4.4,,,,,,,,,,,,,,,,,,,,,,,,,,,,,,,,,,,,,,,,,,,,,,,,,,,,,,,,,,,,,,,,,,,,,,,,,,,,,,,,,,,,,,,,,,,,,,,,,
cash_flow_waterfall,,,,,,,,,,,,,,,,,,,,,,,,90.0,0.3,18.0,0.24999999999999956,12.600000000000001,5.149999999999999,0.0,0.0,0.0,0.0,0.0,0.0,0.0,0.0,0.0,4.4,,,,,,,,,,,,,,,,,,,,,,,,,,,,,,,,,,,,,,,,,,,,,,,,,,,,,,,,,,,,,,,,,,,,,,,,,,,,,,,,,,,,,,,,,,,,,,,,,
cash_flow_waterfall,,,,,,,,,,,,,,,,,,,,,,,,105.0,0.1,33.0,3.9999999999999996,12.600000000000001,16.4,0.0,0.0,0.0,0.0,0.0,0.0,0.0,0.0,0.0,4.4,,,,,,,,,,,,,,,,,,,,,,,,,,,,,,,,,,,,,,,,,,,,,,,,,,,,,,,,,,,,,,,,,,,,,,,,,,,,,,,,,,,,,,,,,,,,,,,,,
cash_flow_waterfall,,,,,,,,,,,,,,,,,,,,,,,,105.0,0.15,33.0,3.9999999999999996,12.600000000000001,16.4,0.0,0.0,0.0,0.0,0.0,0.0,0.0,0.0,0.0,4.4,,,,,,,,,,,,,,,,,,,,,,,,,,,,,,,,,,,,,,,,,,,,,,,,,,,,,,,,,,,,,,,,,,,,,,,,,,,,,,,,,,,,,,,,,,,,,,,,,
cash_flow_waterfall,,,,,,,,,,,,,,,,,,,,,,,,105.0,0.2,33.0,3.9999999999999996,12.600000000000001,16.4,0.0,0.0,0.0,0.0,0.0,0.0,0.0,0.0,0.0,4.4,,,,,,,,,,,,,,,,,,,,,,,,,,,,,,,,,,,,,,,,,,,,,,,,,,,,,,,,,,,,,,,,,,,,,,,,,,,,,,,,,,,,,,,,,,,,,,,,,
cash_flow_waterfall,,,,,,,,,,,,,,,,,,,,,,,,105.0,0.25,33.0,3.9999999999999996,12.600000000000001,16.4,0.0,0.0,0.0,0.0,0.0,0.0,0.0,0.0,0.0,4.4,,,,,,,,,,,,,,,,,,,,,,,,,,,,,,,,,,,,,,,,,,,,,,,,,,,,,,,,,,,,,,,,,,,,,,,,,,,,,,,,,,,,,,,,,,,,,,,,,
cash_flow_waterfall,,,,,,,,,,,,,,,,,,,,,,,,105.0,0.3,33.0,3.9999999999999996,12.600000000000001,16.4,0.0,0.0,0.0,0.0,0.0,0.0,0.0,0.0,0.0,4.4,,,,,,,,,,,,,,,,,,,,,,,,,,,,,,,,,,,,,,,,,,,,,,,,,,,,,,,,,,,,,,,,,,,,,,,,,,,,,,,,,,,,,,,,,,,,,,,,,
cash_flow_waterfall,,,,,,,,,,,,,,,,,,,,,,,,120.0,0.1,48.0,7.75,12.600000000000001,20.0,4.4,3.2499999999999982,0.0,0.0,0.0,0.0,0.0,0.0,0.0,0.0,,,,,,,,,,,,,,,,,,,,,,,,,,,,,,,,,,,,,,,,,,,,,,,,,,,,,,,,,,,,,,,,,,,,,,,,,,,,,,,,,,,,,,,,,,,,,,,,,
cash_flow_waterfall,,,,,,,,,,,,,,,,,,,,,,,,120.0,0.15,48.0,7.75,12.600000000000001,20.0,4.4,3.2499999999999982,0.0,0.0,0.0,0.0,0.0,0.0,0.0,0.0,,,,,,,,,,,,,,,,,,,,,,,,,,,,,,,,,,,,,,,,,,,,,,,,,,,,,,,,,,,,,,,,,,,,,,,,,,,,,,,,,,,,,,,,,,,,,,,,,
cash_flow_waterfall,,,,,,,,,,,,,,,,,,,,,,,,120.0,0.2,48.0,7.75,12.600000000000001,20.0,4.4,3.2499999999999982,0.0,0.0,0.0,0.0,0.0,0.0,0.0,0.0,,,,,,,,,,,,,,,,,,,,,,,,,,,,,,,,,,,,,,,,,,,,,,,,,,,,,,,,,,,,,,,,,,,,,,,,,,,,,,,,,,,,,,,,,,,,,,,,,
cash_flow_waterfall,,,,,,,,,,,,,,,,,,,,,,,,120.0,0.25,48.0,7.75,12.600000000000001,20.0,4.4,3.2499999999999982,0.0,0.0,0.0,0.0,0.0,0.0,0.0,0.0,,,,,,,,,,,,,,,,,,,,,,,,,,,,,,,,,,,,,,,,,,,,,,,,,,,,,,,,,,,,,,,,,,,,,,,,,,,,,,,,,,,,,,,,,,,,,,,,,
cash_flow_waterfall,,,,,,,,,,,,,,,,,,,,,,,,120.0,0.3,48.0,7.75,12.600000000000001,20.0,4.4,3.2499999999999982,0.0,0.0,0.0,0.0,0.0,0.0,0.0,0.0,,,,,,,,,,,,,,,,,,,,,,,,,,,,,,,,,,,,,,,,,,,,,,,,,,,,,,,,,,,,,,,,,,,,,,,,,,,,,,,,,,,,,,,,,,,,,,,,,
cash_flow_waterfall,,,,,,,,,,,,,,,,,,,,,,,,135.0,0.1,63.0,11.5,12.600000000000001,20.0,4.4,5.0,8.0,0.888888888888889,0.06111111111111093,0.5499999999999984,8.549999999999999,0.9499999999999998,9.499999999999998,0.0,,,,,,,,,,,,,,,,,,,,,,,,,,,,,,,,,,,,,,,,,,,,,,,,,,,,,,,,,,,,,,,,,,,,,,,,,,,,,,,,,,,,,,,,,,,,,,,,,
cash_flow_waterfall,,,,,,,,,,,,,,,,,,,,,,,,135.0,0.15,63.0,11.5,12.600000000000001,20.0,4.4,5.0,8.0,1.411764705882353,0.013235294117646778,0.07499999999999842,8.075,1.4249999999999998,9.5,0.0,,,,,,,,,,,,,,,,,,,,,,,,,,,,,,,,,,,,,,,,,,,,,,,,,,,,,,,,,,,,,,,,,,,,,,,,,,,,,,,,,,,,,,,,,,,,,,,,,
cash_flow_waterfall,,,,,,,,,,,,,,,,,,,,,,,,135.0,0.2,63.0,11.5,12.600000000000001,20.0,4.4,5.0,8.0,1.4999999999999982,0.0,0.0,8.0,1.4999999999999982,9.499999999999998,0.0,,,,,,,,,,,,,,,,,,,,,,,,,,,,,,,,,,,,,,,,,,,,,,,,,,,,,,,,,,,,,,,,,,,,,,,,,,,,,,,,,,,,,,,,,,,,,,,,,
cash_flow_waterfall,,,,,,,,,,,,,,,,,,,,,,,,135.0,0.25,63.0,11.5,12.600000000000001,20.0,4.4,5.0,8.0,1.4999999999999982,0.0,0.0,8.0,1.4999999999999982,9.499999999999998,0.0,,,,,,,,,,,,,,,,,,,,,,,,,,,,,,,,,,,,,,,,,,,,,,,,,,,,,,,,,,,,,,,,,,,,,,,,,,,,,,,,,,,,,,,,,,,,,,,,,
cash_flow_waterfall,,,,,,,,,,,,,,,,,,,,,,,,135.0,0.3,63.0,11.5,12.600000000000001,20.0,4.4,5.0,8.0,1.4999999999999982,0.0,0.0,8.0,1.4999999999999982,9.499999999999998,0.0,,,,,,,,,,,,,,,,,,,,,,,,,,,,,,,,,,,,,,,,,,,,,,,,,,,,,,,,,,,,,,,,,,,,,,,,,,,,,,,,,,,,,,,,,,,,,,,,,
cash_flow_waterfall,,,,,,,,,,,,,,,,,,,,,,,,150.0,0.1,78.0,15.250000000000002,12.600000000000001,20.0,4.4,5.0,8.0,0.888888888888889,1.1861111111111111,10.675,18.675,2.075,20.75,0.0,,,,,,,,,,,,,,,,,,,,,,,,,,,,,,,,,,,,,,,,,,,,,,,,,,,,,,,,,,,,,,,,,,,,,,,,,,,,,,,,,,,,,,,,,,,,,,,,,
cash_flow_waterfall,,,,,,,,,,,,,,,,,,,,,,,,150.0,0.15,78.0,15.250000000000002,12.600000000000001,20.0,4.4,5.0,8.0,1.411764705882353,1.700735294117647,9.6375,17.6375,3.1125,20.75,0.0,,,,,,,,,,,,,,,,,,,,,,,,,,,,,,,,,,,,,,,,,,,,,,,,,,,,,,,,,,,,,,,,,,,,,,,,,,,,,,,,,,,,,,,,,,,,,,,,,
cash_flow_waterfall,,,,,,,,,,,,,,,,,,,,,,,,150.0,0.2,78.0,15.250000000000002,12.600000000000001,20.0,4.4,5.0,8.0,2.0,2.15,8.6,16.6,4.15,20.75,0.0,,,,,,,,,,,,,,,,,,,,,,,,,,,,,,,,,,,,,,,,,,,,,,,,,,,,,,,,,,,,,,,,,,,,,,,,,,,,,,,,,,,,,,,,,,,,,,,,,
cash_flow_waterfall,,,,,,,,,,,,,,,,,,,,,,,,150.0,0.25,78.0,15.250000000000002,12.600000000000001,20.0,4.4,5.0,8.0,2.6666666666666665,2.5208333333333335,7.5625,15.5625,5.1875,20.75,0.0,,,,,,,,,,,,,,,,,,,,,,,,,,,,,,,,,,,,,,,,,,,,,,,,,,,,,,,,,,,,,,,,,,,,,,,,,,,,,,,,,,,,,,,,,,,,,,,,,
cash_flow_waterfall,,,,,,,,,,,,,,,,,,,,,,,,150.0,0.3,78.0,15.250000000000002,12.600000000000001,20.0,4.4,5.0,8.0,3.428571428571429,2.7964285714285713,6.5249999999999995,14.524999999999999,6.225,20.75,0.0,,,,,,,,,,,,,,,,,,,,,,,,,,,,,,,,,,,,,,,,,,,,,,,,,,,,,,,,,,,,,,,,,,,,,,,,,,,,,,,,,,,,,,,,,,,,,,,,,
interest_rate_effect,,,,,,,,,,,,,,,,,,,,,,,,,,,,,,,,,,,,,,,,2.0,-0.02,1000.0000000000003,0.030000000000000002,1038.5438464755177,38.5438464755174,0.03854384647551745,,,,,,,,,,,,,,,,,,,,,,,,,,,,,,,,,,,,,,,,,,,,,,,,,,,,,,,,,,,,,,,,,,,,,,,,,,,,,,,,,,,,,,,,,,
interest_rate_effect,,,,,,,,,,,,,,,,,,,,,,,,,,,,,,,,,,,,,,,,2.0,-0.01,1000.0000000000003,0.04,1019.0386434933715,19.038643493371183,0.019038643493371143,,,,,,,,,,,,,,,,,,,,,,,,,,,,,,,,,,,,,,,,,,,,,,,,,,,,,,,,,,,,,,,,,,,,,,,,,,,,,,,,,,,,,,,,,,
interest_rate_effect,,,,,,,,,,,,,,,,,,,,,,,,,,,,,,,,,,,,,,,,2.0,0.0,1000.0000000000003,0.05,1000.0000000000003,0.0,0.0,,,,,,,,,,,,,,,,,,,,,,,,,,,,,,,,,,,,,,,,,,,,,,,,,,,,,,,,,,,,,,,,,,,,,,,,,,,,,,,,,,,,,,,,,,
interest_rate_effect,,,,,,,,,,,,,,,,,,,,,,,,,,,,,,,,,,,,,,,,2.0,0.01,1000.0000000000003,0.060000000000000005,981.4145079859481,-18.585492014052193,-0.01858549201405224,,,,,,,,,,,,,,,,,,,,,,,,,,,,,,,,,,,,,,,,,,,,,,,,,,,,,,,,,,,,,,,,,,,,,,,,,,,,,,,,,,,,,,,,,,
interest_rate_effect,,,,,,,,,,,,,,,,,,,,,,,,,,,,,,,,,,,,,,,,2.0,0.02,1000.0000000000003,0.07,963.2692079138781,-36.73079208612228,-0.03673079208612229,,,,,,,,,,,,,,,,,,,,,,,,,,,,,,,,,,,,,,,,,,,,,,,,,,,,,,,,,,,,,,,,,,,,,,,,,,,,,,,,,,,,,,,,,,
interest_rate_effect,,,,,,,,,,,,,,,,,,,,,,,,,,,,,,,,,,,,,,,,5.0,-0.02,1000.0000000000008,0.030000000000000002,1092.2218455185453,92.22184551854446,0.0922218455185444,,,,,,,,,,,,,,,,,,,,,,,,,,,,,,,,,,,,,,,,,,,,,,,,,,,,,,,,,,,,,,,,,,,,,,,,,,,,,,,,,,,,,,,,,,
interest_rate_effect,,,,,,,,,,,,,,,,,,,,,,,,,,,,,,,,,,,,,,,,5.0,-0.01,1000.0000000000008,0.04,1044.912925031211,44.91292503121019,0.04491292503121014,,,,,,,,,,,,,,,,,,,,,,,,,,,,,,,,,,,,,,,,,,,,,,,,,,,,,,,,,,,,,,,,,,,,,,,,,,,,,,,,,,,,,,,,,,
interest_rate_effect,,,,,,,,,,,,,,,,,,,,,,,,,,,,,,,,,,,,,,,,5.0,0.0,1000.0000000000008,0.05,1000.0000000000008,0.0,0.0,,,,,,,,,,,,,,,,,,,,,,,,,,,,,,,,,,,,,,,,,,,,,,,,,,,,,,,,,,,,,,,,,,,,,,,,,,,,,,,,,,,,,,,,,,
interest_rate_effect,,,,,,,,,,,,,,,,,,,,,,,,,,,,,,,,,,,,,,,,5.0,0.01,1000.0000000000008,0.060000000000000005,957.3489858161207,-42.65101418388008,-0.042651014183880065,,,,,,,,,,,,,,,,,,,,,,,,,,,,,,,,,,,,,,,,,,,,,,,,,,,,,,,,,,,,,,,,,,,,,,,,,,,,,,,,,,,,,,,,,,
interest_rate_effect,,,,,,,,,,,,,,,,,,,,,,,,,,,,,,,,,,,,,,,,5.0,0.02,1000.0000000000008,0.07,916.8339467742212,-83.16605322577959,-0.08316605322577952,,,,,,,,,,,,,,,,,,,,,,,,,,,,,,,,,,,,,,,,,,,,,,,,,,,,,,,,,,,,,,,,,,,,,,,,,,,,,,,,,,,,,,,,,,
interest_rate_effect,,,,,,,,,,,,,,,,,,,,,,,,,,,,,,,,,,,,,,,,10.0,-0.02,1000.0000000000016,0.030000000000000002,1171.6863878508211,171.68638785081953,0.17168638785081924,,,,,,,,,,,,,,,,,,,,,,,,,,,,,,,,,,,,,,,,,,,,,,,,,,,,,,,,,,,,,,,,,,,,,,,,,,,,,,,,,,,,,,,,,,
interest_rate_effect,,,,,,,,,,,,,,,,,,,,,,,,,,,,,,,,,,,,,,,,10.0,-0.01,1000.0000000000016,0.04,1081.7571667229854,81.75716672298381,0.08175716672298372,,,,,,,,,,,,,,,,,,,,,,,,,,,,,,,,,,,,,,,,,,,,,,,,,,,,,,,,,,,,,,,,,,,,,,,,,,,,,,,,,,,,,,,,,,
interest_rate_effect,,,,,,,,,,,,,,,,,,,,,,,,,,,,,,,,,,,,,,,,10.0,0.0,1000.0000000000016,0.05,1000.0000000000016,0.0,0.0,,,,,,,,,,,,,,,,,,,,,,,,,,,,,,,,,,,,,,,,,,,,,,,,,,,,,,,,,,,,,,,,,,,,,,,,,,,,,,,,,,,,,,,,,,
interest_rate_effect,,,,,,,,,,,,,,,,,,,,,,,,,,,,,,,,,,,,,,,,10.0,0.01,1000.0000000000016,0.060000000000000005,925.6126256977221,-74.38737430227945,-0.07438737430227937,,,,,,,,,,,,,,,,,,,,,,,,,,,,,,,,,,,,,,,,,,,,,,,,,,,,,,,,,,,,,,,,,,,,,,,,,,,,,,,,,,,,,,,,,,
interest_rate_effect,,,,,,,,,,,,,,,,,,,,,,,,,,,,,,,,,,,,,,,,10.0,0.02,1000.0000000000016,0.07,857.8759669804781,-142.1240330195235,-0.14212403301952325,,,,,,,,,,,,,,,,,,,,,,,,,,,,,,,,,,,,,,,,,,,,,,,,,,,,,,,,,,,,,,,,,,,,,,,,,,,,,,,,,,,,,,,,,,
interest_rate_effect,,,,,,,,,,,,,,,,,,,,,,,,,,,,,,,,,,,,,,,,20.0,-0.02,1000.0000000000023,0.030000000000000002,1299.1584520417491,299.15845204174684,0.29915845204174607,,,,,,,,,,,,,,,,,,,,,,,,,,,,,,,,,,,,,,,,,,,,,,,,,,,,,,,,,,,,,,,,,,,,,,,,,,,,,,,,,,,,,,,,,,
interest_rate_effect,,,,,,,,,,,,,,,,,,,,,,,,,,,,,,,,,,,,,,,,20.0,-0.01,1000.0000000000023,0.04,1136.7773962036904,136.7773962036881,0.13677739620368778,,,,,,,,,,,,,,,,,,,,,,,,,,,,,,,,,,,,,,,,,,,,,,,,,,,,,,,,,,,,,,,,,,,,,,,,,,,,,,,,,,,,,,,,,,
interest_rate_effect,,,,,,,,,,,,,,,,,,,,,,,,,,,,,,,,,,,,,,,,20.0,0.0,1000.0000000000023,0.05,1000.0000000000023,0.0,0.0,,,,,,,,,,,,,,,,,,,,,,,,,,,,,,,,,,,,,,,,,,,,,,,,,,,,,,,,,,,,,,,,,,,,,,,,,,,,,,,,,,,,,,,,,,
interest_rate_effect,,,,,,,,,,,,,,,,,,,,,,,,,,,,,,,,,,,,,,,,20.0,0.01,1000.0000000000023,0.060000000000000005,884.4261401289673,-115.57385987103498,-0.11557385987103475,,,,,,,,,,,,,,,,,,,,,,,,,,,,,,,,,,,,,,,,,,,,,,,,,,,,,,,,,,,,,,,,,,,,,,,,,,,,,,,,,,,,,,,,,,
interest_rate_effect,,,,,,,,,,,,,,,,,,,,,,,,,,,,,,,,,,,,,,,,20.0,0.02,1000.0000000000023,0.07,786.4492766270262,-213.5507233729761,-0.21355072337297565,,,,,,,,,,,,,,,,,,,,,,,,,,,,,,,,,,,,,,,,,,,,,,,,,,,,,,,,,,,,,,,,,,,,,,,,,,,,,,,,,,,,,,,,,,
interest_rate_effect,,,,,,,,,,,,,,,,,,,,,,,,,,,,,,,,,,,,,,,,30.0,-0.02,1000.0000000000026,0.030000000000000002,1393.802688853435,393.8026888534324,0.3938026888534314,,,,,,,,,,,,,,,,,,,,,,,,,,,,,,,,,,,,,,,,,,,,,,,,,,,,,,,,,,,,,,,,,,,,,,,,,,,,,,,,,,,,,,,,,,
interest_rate_effect,,,,,,,,,,,,,,,,,,,,,,,,,,,,,,,,,,,,,,,,30.0,-0.01,1000.0000000000026,0.04,1173.8044333852317,173.80443338522912,0.17380443338522866,,,,,,,,,,,,,,,,,,,,,,,,,,,,,,,,,,,,,,,,,,,,,,,,,,,,,,,,,,,,,,,,,,,,,,,,,,,,,,,,,,,,,,,,,,
interest_rate_effect,,,,,,,,,,,,,,,,,,,,,,,,,,,,,,,,,,,,,,,,30.0,0.0,1000.0000000000026,0.05,1000.0000000000026,0.0,0.0,,,,,,,,,,,,,,,,,,,,,,,,,,,,,,,,,,,,,,,,,,,,,,,,,,,,,,,,,,,,,,,,,,,,,,,,,,,,,,,,,,,,,,,,,,
interest_rate_effect,,,,,,,,,,,,,,,,,,,,,,,,,,,,,,,,,,,,,,,,30.0,0.01,1000.0000000000026,0.060000000000000005,861.6221816694024,-138.37781833060023,-0.13837781833059992,,,,,,,,,,,,,,,,,,,,,,,,,,,,,,,,,,,,,,,,,,,,,,,,,,,,,,,,,,,,,,,,,,,,,,,,,,,,,,,,,,,,,,,,,,
interest_rate_effect,,,,,,,,,,,,,,,,,,,,,,,,,,,,,,,,,,,,,,,,30.0,0.02,1000.0000000000026,0.07,750.5526588175167,-249.44734118248596,-0.24944734118248535,,,,,,,,,,,,,,,,,,,,,,,,,,,,,,,,,,,,,,,,,,,,,,,,,,,,,,,,,,,,,,,,,,,,,,,,,,,,,,,,,,,,,,,,,,
duration_effect,,,,,,,,,,,,,,,,,,,,,,,,,,,,,,,,,,,,,,,,2.0,,943.5703868798533,,925.6580319437925,,,0.02,1.969482629215179,1.921446467527004,4.662447147162967,-0.018981342317911893,-0.018983591669607613,2.249351695720464e-06,,,,,,,,,,,,,,,,,,,,,,,,,,,,,,,,,,,,,,,,,,,,,,,,,,,,,,,,,,,,,,,,,,,,,,,,,,,,,,,,,,,
duration_effect,,,,,,,,,,,,,,,,,,,,,,,,,,,,,,,,,,,,,,,,5.0,,868.7190410354367,,829.3959432644833,,,0.02,4.763068513030829,4.64689611027398,24.53451573007528,-0.045242235316236036,-0.04526561052936484,2.337521312880536e-05,,,,,,,,,,,,,,,,,,,,,,,,,,,,,,,,,,,,,,,,,,,,,,,,,,,,,,,,,,,,,,,,,,,,,,,,,,,,,,,,,,,
duration_effect,,,,,,,,,,,,,,,,,,,,,,,,,,,,,,,,,,,,,,,,10.0,,766.162565715299,,702.4505027908895,,,0.02,8.95032494743257,8.732024338958606,86.20359395320605,-0.08301006369192576,-0.08315736865181766,0.00014730495989190295,,,,,,,,,,,,,,,,,,,,,,,,,,,,,,,,,,,,,,,,,,,,,,,,,,,,,,,,,,,,,,,,,,,,,,,,,,,,,,,,,,,
duration_effect,,,,,,,,,,,,,,,,,,,,,,,,,,,,,,,,,,,,,,,,20.0,,623.4583742186848,,537.7045605158706,,,0.02,15.422419150438811,15.046262585793963,275.4866267311248,-0.1366882945213834,-0.13754537150981472,0.0008570769884313212,,,,,,,,,,,,,,,,,,,,,,,,,,,,,,,,,,,,,,,,,,,,,,,,,,,,,,,,,,,,,,,,,,,,,,,,,,,,,,,,,,,
duration_effect,,,,,,,,,,,,,,,,,,,,,,,,,,,,,,,,,,,,,,,,30.0,,536.3701527241386,,446.4887266776112,,,0.02,19.440640214974582,18.96647825851179,483.99442557813506,-0.1654650613062111,-0.1675735042116604,0.002108442905449287,,,,,,,,,,,,,,,,,,,,,,,,,,,,,,,,,,,,,,,,,,,,,,,,,,,,,,,,,,,,,,,,,,,,,,,,,,,,,,,,,,,
duration_effect,,,,,,,,,,,,,,,,,,,,,,,,,,,,,,,,,,,,,,,,2.0,,971.7851934399268,,953.5362699648703,,,0.035,1.9481451732166188,1.9006294372845063,4.594887980479544,-0.018776549973821086,-0.018778762630102475,2.212656281388309e-06,,,,,,,,,,,,,,,,,,,,,,,,,,,,,,,,,,,,,,,,,,,,,,,,,,,,,,,,,,,,,,,,,,,,,,,,,,,,,,,,,,,
duration_effect,,,,,,,,,,,,,,,,,,,,,,,,,,,,,,,,,,,,,,,,5.0,,934.3595205177187,,893.372464540302,,,0.035,4.61449842715297,4.501949685027288,23.505900136861424,-0.043844201843429804,-0.043866472249039945,2.2270405610140542e-05,,,,,,,,,,,,,,,,,,,,,,,,,,,,,,,,,,,,,,,,,,,,,,,,,,,,,,,,,,,,,,,,,,,,,,,,,,,,,,,,,,,
duration_effect,,,,,,,,,,,,,,,,,,,,,,,,,,,,,,,,,,,,,,,,10.0,,883.0812828576502,,814.0315642443059,,,0.035,8.40627577852188,8.201244661972567,79.08371565279062,-0.07805826083708613,-0.07819180403178683,0.00013354319470069986,,,,,,,,,,,,,,,,,,,,,,,,,,,,,,,,,,,,,,,,,,,,,,,,,,,,,,,,,,,,,,,,,,,,,,,,,,,,,,,,,,,
duration_effect,,,,,,,,,,,,,,,,,,,,,,,,,,,,,,,,,,,,,,,,20.0,,811.7291871093435,,711.0653503224189,,,0.035,13.847234361685283,13.509496938229546,235.99766497718733,-0.1232950861334361,-0.12401160188091731,0.0007165157474812167,,,,,,,,,,,,,,,,,,,,,,,,,,,,,,,,,,,,,,,,,,,,,,,,,,,,,,,,,,,,,,,,,,,,,,,,,,,,,,,,,,,
duration_effect,,,,,,,,,,,,,,,,,,,,,,,,,,,,,,,,,,,,,,,,30.0,,768.1850763620708,,654.0554541735067,,,0.035,17.097484979890446,16.680473151112633,398.136601199381,-0.14689790145115728,-0.14857047565809656,0.0016725742069392813,,,,,,,,,,,,,,,,,,,,,,,,,,,,,,,,,,,,,,,,,,,,,,,,,,,,,,,,,,,,,,,,,,,,,,,,,,,,,,,,,,,
duration_effect,,,,,,,,,,,,,,,,,,,,,,,,,,,,,,,,,,,,,,,,2.0,,1000.0000000000003,,981.4145079859481,,,0.05,1.9280117816050262,1.8809871040049038,4.531141151434786,-0.0185833139824773,-0.01858549201405224,2.1780315749390933e-06,,,,,,,,,,,,,,,,,,,,,,,,,,,,,,,,,,,,,,,,,,,,,,,,,,,,,,,,,,,,,,,,,,,,,,,,,,,,,,,,,,,
duration_effect,,,,,,,,,,,,,,,,,,,,,,,,,,,,,,,,,,,,,,,,5.0,,1000.0000000000008,,957.3489858161207,,,0.05,4.485432764622605,4.376031965485469,22.612322185130584,-0.04262970354559816,-0.042651014183880065,2.1310638281903105e-05,,,,,,,,,,,,,,,,,,,,,,,,,,,,,,,,,,,,,,,,,,,,,,,,,,,,,,,,,,,,,,,,,,,,,,,,,,,,,,,,,,,
duration_effect,,,,,,,,,,,,,,,,,,,,,,,,,,,,,,,,,,,,,,,,10.0,,1000.0000000000016,,925.6126256977221,,,0.05,7.989445671393991,7.794581142823406,73.62873142656362,-0.07426437485690589,-0.07438737430227937,0.00012299944537348673,,,,,,,,,,,,,,,,,,,,,,,,,,,,,,,,,,,,,,,,,,,,,,,,,,,,,,,,,,,,,,,,,,,,,,,,,,,,,,,,,,,
duration_effect,,,,,,,,,,,,,,,,,,,,,,,,,,,,,,,,,,,,,,,,20.0,,1000.0000000000023,,884.4261401289673,,,0.05,12.865172214195008,12.55138752604391,211.3779410824937,-0.11494497820631443,-0.11557385987103475,0.0006288816647203183,,,,,,,,,,,,,,,,,,,,,,,,,,,,,,,,,,,,,,,,,,,,,,,,,,,,,,,,,,,,,,,,,,,,,,,,,,,,,,,,,,,
duration_effect,,,,,,,,,,,,,,,,,,,,,,,,,,,,,,,,,,,,,,,,30.0,,1000.0000000000026,,861.6221816694024,,,0.05,15.840686448592011,15.454328242528794,352.0850268247868,-0.13693903108404862,-0.13837781833059992,0.001438787246551304,,,,,,,,,,,,,,,,,,,,,,,,,,,,,,,,,,,,,,,,,,,,,,,,,,,,,,,,,,,,,,,,,,,,,,,,,,,,,,,,,,,
duration_effect,,,,,,,,,,,,,,,,,,,,,,,,,,,,,,,,,,,,,,,,2.0,,1028.214806560074,,1009.2927460070258,,,0.065,1.9089833337193842,1.8624227646042775,4.470892821806377,-0.018400683004952456,-0.018402828312065078,2.1453071126220635e-06,,,,,,,,,,,,,,,,,,,,,,,,,,,,,,,,,,,,,,,,,,,,,,,,,,,,,,,,,,,,,,,,,,,,,,,,,,,,,,,,,,,
duration_effect,,,,,,,,,,,,,,,,,,,,,,,,,,,,,,,,,,,,,,,,5.0,,1065.640479482283,,1021.3255070919394,,,0.065,4.372267271307484,4.265626606153643,21.82882804935032,-0.04156482465906892,-0.04158529376800035,2.0469108931435442e-05,,,,,,,,,,,,,,,,,,,,,,,,,,,,,,,,,,,,,,,,,,,,,,,,,,,,,,,,,,,,,,,,,,,,,,,,,,,,,,,,,,,
duration_effect,,,,,,,,,,,,,,,,,,,,,,,,,,,,,,,,,,,,,,,,10.0,,1116.9187171423525,,1037.1936871511384,,,0.065,7.659882866073689,7.473056454706039,69.31579943381344,-0.07126477457536971,-0.07137943770446553,0.00011466312909581833,,,,,,,,,,,,,,,,,,,,,,,,,,,,,,,,,,,,,,,,,,,,,,,,,,,,,,,,,,,,,,,,,,,,,,,,,,,,,,,,,,,
duration_effect,,,,,,,,,,,,,,,,,,,,,,,,,,,,,,,,,,,,,,,,20.0,,1188.2708128906609,,1057.7869299355154,,,0.065,12.194307879209031,11.89688573581369,194.55976441173925,-0.10924086913754995,-0.10980988638248401,0.0005690172449340641,,,,,,,,,,,,,,,,,,,,,,,,,,,,,,,,,,,,,,,,,,,,,,,,,,,,,,,,,,,,,,,,,,,,,,,,,,,,,,,,,,,
duration_effect,,,,,,,,,,,,,,,,,,,,,,,,,,,,,,,,,,,,,,,,30.0,,1231.8149236379347,,1069.1889091652977,,,0.065,15.05692108156273,14.689679103963641,323.36631957527186,-0.13072847506087282,-0.1320214679591245,0.001292992898251688,,,,,,,,,,,,,,,,,,,,,,,,,,,,,,,,,,,,,,,,,,,,,,,,,,,,,,,,,,,,,,,,,,,,,,,,,,,,,,,,,,,
duration_effect,,,,,,,,,,,,,,,,,,,,,,,,,,,,,,,,,,,,,,,,2.0,,1056.4296131201477,,1037.1709840281035,,,0.08,1.890971298038709,1.8448500468670332,4.413862680962003,-0.01822780733462223,-0.018229921665262827,2.1143306405957407e-06,,,,,,,,,,,,,,,,,,,,,,,,,,,,,,,,,,,,,,,,,,,,,,,,,,,,,,,,,,,,,,,,,,,,,,,,,,,,,,,,,,,
duration_effect,,,,,,,,,,,,,,,,,,,,,,,,,,,,,,,,,,,,,,,,5.0,,1131.280958964565,,1085.302028367758,,,0.08,4.272234213720535,4.168033379239547,21.136255501769064,-0.04062352101730701,-0.040643246253247445,1.9725235940432073e-05,,,,,,,,,,,,,,,,,,,,,,,,,,,,,,,,,,,,,,,,,,,,,,,,,,,,,,,,,,,,,,,,,,,,,,,,,,,,,,,,,,,
duration_effect,,,,,,,,,,,,,,,,,,,,,,,,,,,,,,,,,,,,,,,,10.0,,1233.8374342847037,,1148.7747486045546,,,0.08,7.3927789541946,7.212467272384976,65.82025628290347,-0.06883365990970458,-0.06894156662499284,0.00010790671528826401,,,,,,,,,,,,,,,,,,,,,,,,,,,,,,,,,,,,,,,,,,,,,,,,,,,,,,,,,,,,,,,,,,,,,,,,,,,,,,,,,,,
duration_effect,,,,,,,,,,,,,,,,,,,,,,,,,,,,,,,,,,,,,,,,20.0,,1376.54162578132,,1231.1477197420636,,,0.08,11.706952958426886,11.421417520416474,182.34206146998577,-0.10509707213066545,-0.10562260037485705,0.0005255282441915948,,,,,,,,,,,,,,,,,,,,,,,,,,,,,,,,,,,,,,,,,,,,,,,,,,,,,,,,,,,,,,,,,,,,,,,,,,,,,,,,,,,
duration_effect,,,,,,,,,,,,,,,,,,,,,,,,,,,,,,,,,,,,,,,,30.0,,1463.6298472758665,,1276.7556366611932,,,0.08,14.52142683177817,14.16724568953968,303.7447552139228,-0.12648521913470068,-0.12767860054404256,0.001193381409341887,,,,,,,,,,,,,,,,,,,,,,,,,,,,,,,,,,,,,,,,,,,,,,,,,,,,,,,,,,,,,,,,,,,,,,,,,,,,,,,,,,,
tax_shield,,,,,,,,,,,,,,,,,,,,,,,,,,,,,,,,,,,,,,,,,,,,,,,,,,,,,,0.0,0.1,0.0,25.0,2.5,22.5,0.0,18.5,18.5,0.0,,,,,,,,,,,,,,,,,,,,,,,,,,,,,,,,,,,,,,,,,,,,,,,,,,,,,,,,,,,,,,,,,,,,,,,,,
tax_shield,,,,,,,,,,,,,,,,,,,,,,,,,,,,,,,,,,,,,,,,,,,,,,,,,,,,,,0.0,0.2,0.0,25.0,5.0,20.0,0.0,16.0,16.0,0.0,,,,,,,,,,,,,,,,,,,,,,,,,,,,,,,,,,,,,,,,,,,,,,,,,,,,,,,,,,,,,,,,,,,,,,,,,
tax_shield,,,,,,,,,,,,,,,,,,,,,,,,,,,,,,,,,,,,,,,,,,,,,,,,,,,,,,0.0,0.25,0.0,25.0,6.25,18.75,0.0,14.75,14.75,0.0,,,,,,,,,,,,,,,,,,,,,,,,,,,,,,,,,,,,,,,,,,,,,,,,,,,,,,,,,,,,,,,,,,,,,,,,,
tax_shield,,,,,,,,,,,,,,,,,,,,,,,,,,,,,,,,,,,,,,,,,,,,,,,,,,,,,,0.0,0.3,0.0,25.0,7.5,17.5,0.0,13.5,13.5,0.0,,,,,,,,,,,,,,,,,,,,,,,,,,,,,,,,,,,,,,,,,,,,,,,,,,,,,,,,,,,,,,,,,,,,,,,,,
tax_shield,,,,,,,,,,,,,,,,,,,,,,,,,,,,,,,,,,,,,,,,,,,,,,,,,,,,,,0.0,0.35,0.0,25.0,8.75,16.25,0.0,12.25,12.25,0.0,,,,,,,,,,,,,,,,,,,,,,,,,,,,,,,,,,,,,,,,,,,,,,,,,,,,,,,,,,,,,,,,,,,,,,,,,
tax_shield,,,,,,,,,,,,,,,,,,,,,,,,,,,,,,,,,,,,,,,,,,,,,,,,,,,,,,25.0,0.1,1.5,23.5,2.35,21.15,0.1499999999999999,17.15,18.5,2.5,,,,,,,,,,,,,,,,,,,,,,,,,,,,,,,,,,,,,,,,,,,,,,,,,,,,,,,,,,,,,,,,,,,,,,,,,
tax_shield,,,,,,,,,,,,,,,,,,,,,,,,,,,,,,,,,,,,,,,,,,,,,,,,,,,,,,25.0,0.2,1.5,23.5,4.7,18.8,0.2999999999999998,14.8,16.0,5.0,,,,,,,,,,,,,,,,,,,,,,,,,,,,,,,,,,,,,,,,,,,,,,,,,,,,,,,,,,,,,,,,,,,,,,,,,
tax_shield,,,,,,,,,,,,,,,,,,,,,,,,,,,,,,,,,,,,,,,,,,,,,,,,,,,,,,25.0,0.25,1.5,23.5,5.875,17.625,0.375,13.625,14.75,6.25,,,,,,,,,,,,,,,,,,,,,,,,,,,,,,,,,,,,,,,,,,,,,,,,,,,,,,,,,,,,,,,,,,,,,,,,,
tax_shield,,,,,,,,,,,,,,,,,,,,,,,,,,,,,,,,,,,,,,,,,,,,,,,,,,,,,,25.0,0.3,1.5,23.5,7.05,16.45,0.4500000000000002,12.45,13.5,7.5,,,,,,,,,,,,,,,,,,,,,,,,,,,,,,,,,,,,,,,,,,,,,,,,,,,,,,,,,,,,,,,,,,,,,,,,,
tax_shield,,,,,,,,,,,,,,,,,,,,,,,,,,,,,,,,,,,,,,,,,,,,,,,,,,,,,,25.0,0.35,1.5,23.5,8.225,15.275,0.5250000000000004,11.274999999999999,12.25,8.75,,,,,,,,,,,,,,,,,,,,,,,,,,,,,,,,,,,,,,,,,,,,,,,,,,,,,,,,,,,,,,,,,,,,,,,,,
tax_shield,,,,,,,,,,,,,,,,,,,,,,,,,,,,,,,,,,,,,,,,,,,,,,,,,,,,,,50.0,0.1,3.0,22.0,2.2,19.8,0.2999999999999998,15.8,18.5,5.0,,,,,,,,,,,,,,,,,,,,,,,,,,,,,,,,,,,,,,,,,,,,,,,,,,,,,,,,,,,,,,,,,,,,,,,,,
tax_shield,,,,,,,,,,,,,,,,,,,,,,,,,,,,,,,,,,,,,,,,,,,,,,,,,,,,,,50.0,0.2,3.0,22.0,4.4,17.6,0.5999999999999996,13.600000000000001,16.0,10.0,,,,,,,,,,,,,,,,,,,,,,,,,,,,,,,,,,,,,,,,,,,,,,,,,,,,,,,,,,,,,,,,,,,,,,,,,
tax_shield,,,,,,,,,,,,,,,,,,,,,,,,,,,,,,,,,,,,,,,,,,,,,,,,,,,,,,50.0,0.25,3.0,22.0,5.5,16.5,0.75,12.5,14.75,12.5,,,,,,,,,,,,,,,,,,,,,,,,,,,,,,,,,,,,,,,,,,,,,,,,,,,,,,,,,,,,,,,,,,,,,,,,,
tax_shield,,,,,,,,,,,,,,,,,,,,,,,,,,,,,,,,,,,,,,,,,,,,,,,,,,,,,,50.0,0.3,3.0,22.0,6.6,15.4,0.9000000000000004,11.399999999999999,13.5,15.0,,,,,,,,,,,,,,,,,,,,,,,,,,,,,,,,,,,,,,,,,,,,,,,,,,,,,,,,,,,,,,,,,,,,,,,,,
tax_shield,,,,,,,,,,,,,,,,,,,,,,,,,,,,,,,,,,,,,,,,,,,,,,,,,,,,,,50.0,0.35,3.0,22.0,7.699999999999999,14.3,1.0500000000000007,10.3,12.25,17.5,,,,,,,,,,,,,,,,,,,,,,,,,,,,,,,,,,,,,,,,,,,,,,,,,,,,,,,,,,,,,,,,,,,,,,,,,
tax_shield,,,,,,,,,,,,,,,,,,,,,,,,,,,,,,,,,,,,,,,,,,,,,,,,,,,,,,75.0,0.1,4.5,20.5,2.0500000000000003,18.45,0.44999999999999973,14.45,18.5,7.5,,,,,,,,,,,,,,,,,,,,,,,,,,,,,,,,,,,,,,,,,,,,,,,,,,,,,,,,,,,,,,,,,,,,,,,,,
tax_shield,,,,,,,,,,,,,,,,,,,,,,,,,,,,,,,,,,,,,,,,,,,,,,,,,,,,,,75.0,0.2,4.5,20.5,4.1000000000000005,16.4,0.8999999999999995,12.399999999999999,16.0,15.0,,,,,,,,,,,,,,,,,,,,,,,,,,,,,,,,,,,,,,,,,,,,,,,,,,,,,,,,,,,,,,,,,,,,,,,,,
tax_shield,,,,,,,,,,,,,,,,,,,,,,,,,,,,,,,,,,,,,,,,,,,,,,,,,,,,,,75.0,0.25,4.5,20.5,5.125,15.375,1.125,11.375,14.75,18.75,,,,,,,,,,,,,,,,,,,,,,,,,,,,,,,,,,,,,,,,,,,,,,,,,,,,,,,,,,,,,,,,,,,,,,,,,
tax_shield,,,,,,,,,,,,,,,,,,,,,,,,,,,,,,,,,,,,,,,,,,,,,,,,,,,,,,75.0,0.3,4.5,20.5,6.1499999999999995,14.350000000000001,1.3500000000000005,10.350000000000001,13.5,22.5,,,,,,,,,,,,,,,,,,,,,,,,,,,,,,,,,,,,,,,,,,,,,,,,,,,,,,,,,,,,,,,,,,,,,,,,,
tax_shield,,,,,,,,,,,,,,,,,,,,,,,,,,,,,,,,,,,,,,,,,,,,,,,,,,,,,,75.0,0.35,4.5,20.5,7.175,13.325,1.5750000000000002,9.325,12.25,26.25,,,,,,,,,,,,,,,,,,,,,,,,,,,,,,,,,,,,,,,,,,,,,,,,,,,,,,,,,,,,,,,,,,,,,,,,,
tax_shield,,,,,,,,,,,,,,,,,,,,,,,,,,,,,,,,,,,,,,,,,,,,,,,,,,,,,,100.0,0.1,6.0,19.0,1.9000000000000001,17.1,0.5999999999999999,13.100000000000001,18.5,10.0,,,,,,,,,,,,,,,,,,,,,,,,,,,,,,,,,,,,,,,,,,,,,,,,,,,,,,,,,,,,,,,,,,,,,,,,,
tax_shield,,,,,,,,,,,,,,,,,,,,,,,,,,,,,,,,,,,,,,,,,,,,,,,,,,,,,,100.0,0.2,6.0,19.0,3.8000000000000003,15.2,1.1999999999999997,11.2,16.0,20.0,,,,,,,,,,,,,,,,,,,,,,,,,,,,,,,,,,,,,,,,,,,,,,,,,,,,,,,,,,,,,,,,,,,,,,,,,
tax_shield,,,,,,,,,,,,,,,,,,,,,,,,,,,,,,,,,,,,,,,,,,,,,,,,,,,,,,100.0,0.25,6.0,19.0,4.75,14.25,1.5,10.25,14.75,25.0,,,,,,,,,,,,,,,,,,,,,,,,,,,,,,,,,,,,,,,,,,,,,,,,,,,,,,,,,,,,,,,,,,,,,,,,,
tax_shield,,,,,,,,,,,,,,,,,,,,,,,,,,,,,,,,,,,,,,,,,,,,,,,,,,,,,,100.0,0.3,6.0,19.0,5.7,13.3,1.7999999999999998,9.3,13.5,30.0,,,,,,,,,,,,,,,,,,,,,,,,,,,,,,,,,,,,,,,,,,,,,,,,,,,,,,,,,,,,,,,,,,,,,,,,,
tax_shield,,,,,,,,,,,,,,,,,,,,,,,,,,,,,,,,,,,,,,,,,,,,,,,,,,,,,,100.0,0.35,6.0,19.0,6.6499999999999995,12.350000000000001,2.1000000000000005,8.350000000000001,12.25,35.0,,,,,,,,,,,,,,,,,,,,,,,,,,,,,,,,,,,,,,,,,,,,,,,,,,,,,,,,,,,,,,,,,,,,,,,,,
tax_shield,,,,,,,,,,,,,,,,,,,,,,,,,,,,,,,,,,,,,,,,,,,,,,,,,,,,,,125.0,0.1,7.5,17.5,1.75,15.75,0.75,11.75,18.5,12.5,,,,,,,,,,,,,,,,,,,,,,,,,,,,,,,,,,,,,,,,,,,,,,,,,,,,,,,,,,,,,,,,,,,,,,,,,
tax_shield,,,,,,,,,,,,,,,,,,,,,,,,,,,,,,,,,,,,,,,,,,,,,,,,,,,,,,125.0,0.2,7.5,17.5,3.5,14.0,1.5,10.0,16.0,25.0,,,,,,,,,,,,,,,,,,,,,,,,,,,,,,,,,,,,,,,,,,,,,,,,,,,,,,,,,,,,,,,,,,,,,,,,,
tax_shield,,,,,,,,,,,,,,,,,,,,,,,,,,,,,,,,,,,,,,,,,,,,,,,,,,,,,,125.0,0.25,7.5,17.5,4.375,13.125,1.875,9.125,14.75,31.25,,,,,,,,,,,,,,,,,,,,,,,,,,,,,,,,,,,,,,,,,,,,,,,,,,,,,,,,,,,,,,,,,,,,,,,,,
tax_shield,,,,,,,,,,,,,,,,,,,,,,,,,,,,,,,,,,,,,,,,,,,,,,,,,,,,,,125.0,0.3,7.5,17.5,5.25,12.25,2.25,8.25,13.5,37.5,,,,,,,,,,,,,,,,,,,,,,,,,,,,,,,,,,,,,,,,,,,,,,,,,,,,,,,,,,,,,,,,,,,,,,,,,
tax_shield,,,,,,,,,,,,,,,,,,,,,,,,,,,,,,,,,,,,,,,,,,,,,,,,,,,,,,125.0,0.35,7.5,17.5,6.125,11.375,2.625,7.375,12.25,43.75,,,,,,,,,,,,,,,,,,,,,,,,,,,,,,,,,,,,,,,,,,,,,,,,,,,,,,,,,,,,,,,,,,,,,,,,,
wealth_effect,,,,,,,,,,,,,,,,,,,,,,,,,,,,,,,,,,,,,,,,,,,,,,,,,,,,,,,,,,,,,,,,-0.3,0.02,350.0,-150.0,-3.0,77.0,-0.0375,,,,,,,,,,,,,,,,,,,,,,,,,,,,,,,,,,,,,,,,,,,,,,,,,,,,,,,,,,,,,,,,,,
wealth_effect,,,,,,,,,,,,,,,,,,,,,,,,,,,,,,,,,,,,,,,,,,,,,,,,,,,,,,,,,,,,,,,,-0.3,0.03,350.0,-150.0,-4.5,75.5,-0.05625,,,,,,,,,,,,,,,,,,,,,,,,,,,,,,,,,,,,,,,,,,,,,,,,,,,,,,,,,,,,,,,,,,
wealth_effect,,,,,,,,,,,,,,,,,,,,,,,,,,,,,,,,,,,,,,,,,,,,,,,,,,,,,,,,,,,,,,,,-0.3,0.04,350.0,-150.0,-6.0,74.0,-0.075,,,,,,,,,,,,,,,,,,,,,,,,,,,,,,,,,,,,,,,,,,,,,,,,,,,,,,,,,,,,,,,,,,
wealth_effect,,,,,,,,,,,,,,,,,,,,,,,,,,,,,,,,,,,,,,,,,,,,,,,,,,,,,,,,,,,,,,,,-0.3,0.05,350.0,-150.0,-7.5,72.5,-0.09375,,,,,,,,,,,,,,,,,,,,,,,,,,,,,,,,,,,,,,,,,,,,,,,,,,,,,,,,,,,,,,,,,,
wealth_effect,,,,,,,,,,,,,,,,,,,,,,,,,,,,,,,,,,,,,,,,,,,,,,,,,,,,,,,,,,,,,,,,-0.3,0.06,350.0,-150.0,-9.0,71.0,-0.1125,,,,,,,,,,,,,,,,,,,,,,,,,,,,,,,,,,,,,,,,,,,,,,,,,,,,,,,,,,,,,,,,,,
wealth_effect,,,,,,,,,,,,,,,,,,,,,,,,,,,,,,,,,,,,,,,,,,,,,,,,,,,,,,,,,,,,,,,,-0.2,0.02,400.0,-100.0,-2.0,78.0,-0.025,,,,,,,,,,,,,,,,,,,,,,,,,,,,,,,,,,,,,,,,,,,,,,,,,,,,,,,,,,,,,,,,,,
wealth_effect,,,,,,,,,,,,,,,,,,,,,,,,,,,,,,,,,,,,,,,,,,,,,,,,,,,,,,,,,,,,,,,,-0.2,0.03,400.0,-100.0,-3.0,77.0,-0.0375,,,,,,,,,,,,,,,,,,,,,,,,,,,,,,,,,,,,,,,,,,,,,,,,,,,,,,,,,,,,,,,,,,
wealth_effect,,,,,,,,,,,,,,,,,,,,,,,,,,,,,,,,,,,,,,,,,,,,,,,,,,,,,,,,,,,,,,,,-0.2,0.04,400.0,-100.0,-4.0,76.0,-0.05,,,,,,,,,,,,,,,,,,,,,,,,,,,,,,,,,,,,,,,,,,,,,,,,,,,,,,,,,,,,,,,,,,
wealth_effect,,,,,,,,,,,,,,,,,,,,,,,,,,,,,,,,,,,,,,,,,,,,,,,,,,,,,,,,,,,,,,,,-0.2,0.05,400.0,-100.0,-5.0,75.0,-0.0625,,,,,,,,,,,,,,,,,,,,,,,,,,,,,,,,,,,,,,,,,,,,,,,,,,,,,,,,,,,,,,,,,,
wealth_effect,,,,,,,,,,,,,,,,,,,,,,,,,,,,,,,,,,,,,,,,,,,,,,,,,,,,,,,,,,,,,,,,-0.2,0.06,400.0,-100.0,-6.0,74.0,-0.075,,,,,,,,,,,,,,,,,,,,,,,,,,,,,,,,,,,,,,,,,,,,,,,,,,,,,,,,,,,,,,,,,,
wealth_effect,,,,,,,,,,,,,,,,,,,,,,,,,,,,,,,,,,,,,,,,,,,,,,,,,,,,,,,,,,,,,,,,-0.1,0.02,450.0,-50.0,-1.0,79.0,-0.0125,,,,,,,,,,,,,,,,,,,,,,,,,,,,,,,,,,,,,,,,,,,,,,,,,,,,,,,,,,,,,,,,,,
wealth_effect,,,,,,,,,,,,,,,,,,,,,,,,,,,,,,,,,,,,,,,,,,,,,,,,,,,,,,,,,,,,,,,,-0.1,0.03,450.0,-50.0,-1.5,78.5,-0.01875,,,,,,,,,,,,,,,,,,,,,,,,,,,,,,,,,,,,,,,,,,,,,,,,,,,,,,,,,,,,,,,,,,
wealth_effect,,,,,,,,,,,,,,,,,,,,,,,,,,,,,,,,,,,,,,,,,,,,,,,,,,,,,,,,,,,,,,,,-0.1,0.04,450.0,-50.0,-2.0,78.0,-0.025,,,,,,,,,,,,,,,,,,,,,,,,,,,,,,,,,,,,,,,,,,,,,,,,,,,,,,,,,,,,,,,,,,
wealth_effect,,,,,,,,,,,,,,,,,,,,,,,,,,,,,,,,,,,,,,,,,,,,,,,,,,,,,,,,,,,,,,,,-0.1,0.05,450.0,-50.0,-2.5,77.5,-0.03125,,,,,,,,,,,,,,,,,,,,,,,,,,,,,,,,,,,,,,,,,,,,,,,,,,,,,,,,,,,,,,,,,,
wealth_effect,,,,,,,,,,,,,,,,,,,,,,,,,,,,,,,,,,,,,,,,,,,,,,,,,,,,,,,,,,,,,,,,-0.1,0.06,450.0,-50.0,-3.0,77.0,-0.0375,,,,,,,,,,,,,,,,,,,,,,,,,,,,,,,,,,,,,,,,,,,,,,,,,,,,,,,,,,,,,,,,,,
wealth_effect,,,,,,,,,,,,,,,,,,,,,,,,,,,,,,,,,,,,,,,,,,,,,,,,,,,,,,,,,,,,,,,,0.0,0.02,500.0,0.0,0.0,80.0,0.0,,,,,,,,,,,,,,,,,,,,,,,,,,,,,,,,,,,,,,,,,,,,,,,,,,,,,,,,,,,,,,,,,,
wealth_effect,,,,,,,,,,,,,,,,,,,,,,,,,,,,,,,,,,,,,,,,,,,,,,,,,,,,,,,,,,,,,,,,0.0,0.03,500.0,0.0,0.0,80.0,0.0,,,,,,,,,,,,,,,,,,,,,,,,,,,,,,,,,,,,,,,,,,,,,,,,,,,,,,,,,,,,,,,,,,
wealth_effect,,,,,,,,,,,,,,,,,,,,,,,,,,,,,,,,,,,,,,,,,,,,,,,,,,,,,,,,,,,,,,,,0.0,0.04,500.0,0.0,0.0,80.0,0.0,,,,,,,,,,,,,,,,,,,,,,,,,,,,,,,,,,,,,,,,,,,,,,,,,,,,,,,,,,,,,,,,,,
wealth_effect,,,,,,,,,,,,,,,,,,,,,,,,,,,,,,,,,,,,,,,,,,,,,,,,,,,,,,,,,,,,,,,,0.0,0.05,500.0,0.0,0.0,80.0,0.0,,,,,,,,,,,,,,,,,,,,,,,,,,,,,,,,,,,,,,,,,,,,,,,,,,,,,,,,,,,,,,,,,,
wealth_effect,,,,,,,,,,,,,,,,,,,,,,,,,,,,,,,,,,,,,,,,,,,,,,,,,,,,,,,,,,,,,,,,0.0,0.06,500.0,0.0,0.0,80.0,0.0,,,,,,,,,,,,,,,,,,,,,,,,,,,,,,,,,,,,,,,,,,,,,,,,,,,,,,,,,,,,,,,,,,
wealth_effect,,,,,,,,,,,,,,,,,,,,,,,,,,,,,,,,,,,,,,,,,,,,,,,,,,,,,,,,,,,,,,,,0.1,0.02,550.0,50.0,1.0,81.0,0.0125,,,,,,,,,,,,,,,,,,,,,,,,,,,,,,,,,,,,,,,,,,,,,,,,,,,,,,,,,,,,,,,,,,
wealth_effect,,,,,,,,,,,,,,,,,,,,,,,,,,,,,,,,,,,,,,,,,,,,,,,,,,,,,,,,,,,,,,,,0.1,0.03,550.0,50.0,1.5,81.5,0.01875,,,,,,,,,,,,,,,,,,,,,,,,,,,,,,,,,,,,,,,,,,,,,,,,,,,,,,,,,,,,,,,,,,
wealth_effect,,,,,,,,,,,,,,,,,,,,,,,,,,,,,,,,,,,,,,,,,,,,,,,,,,,,,,,,,,,,,,,,0.1,0.04,550.0,50.0,2.0,82.0,0.025,,,,,,,,,,,,,,,,,,,,,,,,,,,,,,,,,,,,,,,,,,,,,,,,,,,,,,,,,,,,,,,,,,
wealth_effect,,,,,,,,,,,,,,,,,,,,,,,,,,,,,,,,,,,,,,,,,,,,,,,,,,,,,,,,,,,,,,,,0.1,0.05,550.0,50.0,2.5,82.5,0.03125,,,,,,,,,,,,,,,,,,,,,,,,,,,,,,,,,,,,,,,,,,,,,,,,,,,,,,,,,,,,,,,,,,
wealth_effect,,,,,,,,,,,,,,,,,,,,,,,,,,,,,,,,,,,,,,,,,,,,,,,,,,,,,,,,,,,,,,,,0.1,0.06,550.0,50.0,3.0,83.0,0.0375,,,,,,,,,,,,,,,,,,,,,,,,,,,,,,,,,,,,,,,,,,,,,,,,,,,,,,,,,,,,,,,,,,
wealth_effect,,,,,,,,,,,,,,,,,,,,,,,,,,,,,,,,,,,,,,,,,,,,,,,,,,,,,,,,,,,,,,,,0.2,0.02,600.0,100.0,2.0,82.0,0.025,,,,,,,,,,,,,,,,,,,,,,,,,,,,,,,,,,,,,,,,,,,,,,,,,,,,,,,,,,,,,,,,,,
wealth_effect,,,,,,,,,,,,,,,,,,,,,,,,,,,,,,,,,,,,,,,,,,,,,,,,,,,,,,,,,,,,,,,,0.2,0.03,600.0,100.0,3.0,83.0,0.0375,,,,,,,,,,,,,,,,,,,,,,,,,,,,,,,,,,,,,,,,,,,,,,,,,,,,,,,,,,,,,,,,,,
wealth_effect,,,,,,,,,,,,,,,,,,,,,,,,,,,,,,,,,,,,,,,,,,,,,,,,,,,,,,,,,,,,,,,,0.2,0.04,600.0,100.0,4.0,84.0,0.05,,,,,,,,,,,,,,,,,,,,,,,,,,,,,,,,,,,,,,,,,,,,,,,,,,,,,,,,,,,,,,,,,,
wealth_effect,,,,,,,,,,,,,,,,,,,,,,,,,,,,,,,,,,,,,,,,,,,,,,,,,,,,,,,,,,,,,,,,0.2,0.05,600.0,100.0,5.0,85.0,0.0625,,,,,,,,,,,,,,,,,,,,,,,,,,,,,,,,,,,,,,,,,,,,,,,,,,,,,,,,,,,,,,,,,,
wealth_effect,,,,,,,,,,,,,,,,,,,,,,,,,,,,,,,,,,,,,,,,,,,,,,,,,,,,,,,,,,,,,,,,0.2,0.06,600.0,100.0,6.0,86.0,0.075,,,,,,,,,,,,,,,,,,,,,,,,,,,,,,,,,,,,,,,,,,,,,,,,,,,,,,,,,,,,,,,,,,
wealth_effect,,,,,,,,,,,,,,,,,,,,,,,,,,,,,,,,,,,,,,,,,,,,,,,,,,,,,,,,,,,,,,,,0.3,0.02,650.0,150.0,3.0,83.0,0.0375,,,,,,,,,,,,,,,,,,,,,,,,,,,,,,,,,,,,,,,,,,,,,,,,,,,,,,,,,,,,,,,,,,
wealth_effect,,,,,,,,,,,,,,,,,,,,,,,,,,,,,,,,,,,,,,,,,,,,,,,,,,,,,,,,,,,,,,,,0.3,0.03,650.0,150.0,4.5,84.5,0.05625,,,,,,,,,,,,,,,,,,,,,,,,,,,,,,,,,,,,,,,,,,,,,,,,,,,,,,,,,,,,,,,,,,
wealth_effect,,,,,,,,,,,,,,,,,,,,,,,,,,,,,,,,,,,,,,,,,,,,,,,,,,,,,,,,,,,,,,,,0.3,0.04,650.0,150.0,6.0,86.0,0.075,,,,,,,,,,,,,,,,,,,,,,,,,,,,,,,,,,,,,,,,,,,,,,,,,,,,,,,,,,,,,,,,,,
wealth_effect,,,,,,,,,,,,,,,,,,,,,,,,,,,,,,,,,,,,,,,,,,,,,,,,,,,,,,,,,,,,,,,,0.3,0.05,650.0,150.0,7.5,87.5,0.09375,,,,,,,,,,,,,,,,,,,,,,,,,,,,,,,,,,,,,,,,,,,,,,,,,,,,,,,,,,,,,,,,,,
wealth_effect,,,,,,,,,,,,,,,,,,,,,,,,,,,,,,,,,,,,,,,,,,,,,,,,,,,,,,,,,,,,,,,,0.3,0.06,650.0,150.0,9.0,89.0,0.1125,,,,,,,,,,,,,,,,,,,,,,,,,,,,,,,,,,,,,,,,,,,,,,,,,,,,,,,,,,,,,,,,,,
contagion_effect,,,,,,,,,,,,,,,,,,,,,,,,,,,,,,,,,,,,,,,,,,,,,,,,,,,,,,,,,,,,,,,,,,,,,,,0.0,0.5,17.0,1.0,0.6296296296296297,4.0,,,,,,,,,,,,,,,,,,,,,,,,,,,,,,,,,,,,,,,,,,,,,,,,,,,,,,,,,,,,
contagion_effect,,,,,,,,,,,,,,,,,,,,,,,,,,,,,,,,,,,,,,,,,,,,,,,,,,,,,,,,,,,,,,,,,,,,,,,0.0,0.75,17.0,1.0,0.41975308641975306,4.0,,,,,,,,,,,,,,,,,,,,,,,,,,,,,,,,,,,,,,,,,,,,,,,,,,,,,,,,,,,,
contagion_effect,,,,,,,,,,,,,,,,,,,,,,,,,,,,,,,,,,,,,,,,,,,,,,,,,,,,,,,,,,,,,,,,,,,,,,,0.0,1.0,17.0,1.0,0.3148148148148148,4.0,,,,,,,,,,,,,,,,,,,,,,,,,,,,,,,,,,,,,,,,,,,,,,,,,,,,,,,,,,,,
contagion_effect,,,,,,,,,,,,,,,,,,,,,,,,,,,,,,,,,,,,,,,,,,,,,,,,,,,,,,,,,,,,,,,,,,,,,,,0.0,1.25,17.0,1.0,0.2518518518518518,4.0,,,,,,,,,,,,,,,,,,,,,,,,,,,,,,,,,,,,,,,,,,,,,,,,,,,,,,,,,,,,
contagion_effect,,,,,,,,,,,,,,,,,,,,,,,,,,,,,,,,,,,,,,,,,,,,,,,,,,,,,,,,,,,,,,,,,,,,,,,0.0,1.5,17.0,1.0,0.20987654320987653,4.0,,,,,,,,,,,,,,,,,,,,,,,,,,,,,,,,,,,,,,,,,,,,,,,,,,,,,,,,,,,,
contagion_effect,,,,,,,,,,,,,,,,,,,,,,,,,,,,,,,,,,,,,,,,,,,,,,,,,,,,,,,,,,,,,,,,,,,,,,,0.2,0.5,15.8,1.0,0.5851851851851853,4.0,,,,,,,,,,,,,,,,,,,,,,,,,,,,,,,,,,,,,,,,,,,,,,,,,,,,,,,,,,,,
contagion_effect,,,,,,,,,,,,,,,,,,,,,,,,,,,,,,,,,,,,,,,,,,,,,,,,,,,,,,,,,,,,,,,,,,,,,,,0.2,0.75,15.8,1.0,0.3901234567901235,4.0,,,,,,,,,,,,,,,,,,,,,,,,,,,,,,,,,,,,,,,,,,,,,,,,,,,,,,,,,,,,
contagion_effect,,,,,,,,,,,,,,,,,,,,,,,,,,,,,,,,,,,,,,,,,,,,,,,,,,,,,,,,,,,,,,,,,,,,,,,0.2,1.0,15.8,1.0,0.2925925925925926,4.0,,,,,,,,,,,,,,,,,,,,,,,,,,,,,,,,,,,,,,,,,,,,,,,,,,,,,,,,,,,,
contagion_effect,,,,,,,,,,,,,,,,,,,,,,,,,,,,,,,,,,,,,,,,,,,,,,,,,,,,,,,,,,,,,,,,,,,,,,,0.2,1.25,15.8,1.0,0.23407407407407407,4.0,,,,,,,,,,,,,,,,,,,,,,,,,,,,,,,,,,,,,,,,,,,,,,,,,,,,,,,,,,,,
contagion_effect,,,,,,,,,,,,,,,,,,,,,,,,,,,,,,,,,,,,,,,,,,,,,,,,,,,,,,,,,,,,,,,,,,,,,,,0.2,1.5,15.8,1.0,0.19506172839506175,4.0,,,,,,,,,,,,,,,,,,,,,,,,,,,,,,,,,,,,,,,,,,,,,,,,,,,,,,,,,,,,
contagion_effect,,,,,,,,,,,,,,,,,,,,,,,,,,,,,,,,,,,,,,,,,,,,,,,,,,,,,,,,,,,,,,,,,,,,,,,0.4,0.5,14.6,1.0,0.5407407407407407,4.0,,,,,,,,,,,,,,,,,,,,,,,,,,,,,,,,,,,,,,,,,,,,,,,,,,,,,,,,,,,,
contagion_effect,,,,,,,,,,,,,,,,,,,,,,,,,,,,,,,,,,,,,,,,,,,,,,,,,,,,,,,,,,,,,,,,,,,,,,,0.4,0.75,14.6,1.0,0.36049382716049383,4.0,,,,,,,,,,,,,,,,,,,,,,,,,,,,,,,,,,,,,,,,,,,,,,,,,,,,,,,,,,,,
contagion_effect,,,,,,,,,,,,,,,,,,,,,,,,,,,,,,,,,,,,,,,,,,,,,,,,,,,,,,,,,,,,,,,,,,,,,,,0.4,1.0,14.6,1.0,0.27037037037037037,4.0,,,,,,,,,,,,,,,,,,,,,,,,,,,,,,,,,,,,,,,,,,,,,,,,,,,,,,,,,,,,
contagion_effect,,,,,,,,,,,,,,,,,,,,,,,,,,,,,,,,,,,,,,,,,,,,,,,,,,,,,,,,,,,,,,,,,,,,,,,0.4,1.25,14.6,1.0,0.2162962962962963,4.0,,,,,,,,,,,,,,,,,,,,,,,,,,,,,,,,,,,,,,,,,,,,,,,,,,,,,,,,,,,,
contagion_effect,,,,,,,,,,,,,,,,,,,,,,,,,,,,,,,,,,,,,,,,,,,,,,,,,,,,,,,,,,,,,,,,,,,,,,,0.4,1.5,14.6,1.0,0.18024691358024691,4.0,,,,,,,,,,,,,,,,,,,,,,,,,,,,,,,,,,,,,,,,,,,,,,,,,,,,,,,,,,,,
contagion_effect,,,,,,,,,,,,,,,,,,,,,,,,,,,,,,,,,,,,,,,,,,,,,,,,,,,,,,,,,,,,,,,,,,,,,,,0.6,0.5,13.4,1.0,0.4962962962962963,4.0,,,,,,,,,,,,,,,,,,,,,,,,,,,,,,,,,,,,,,,,,,,,,,,,,,,,,,,,,,,,
contagion_effect,,,,,,,,,,,,,,,,,,,,,,,,,,,,,,,,,,,,,,,,,,,,,,,,,,,,,,,,,,,,,,,,,,,,,,,0.6,0.75,13.4,1.0,0.3308641975308642,4.0,,,,,,,,,,,,,,,,,,,,,,,,,,,,,,,,,,,,,,,,,,,,,,,,,,,,,,,,,,,,
contagion_effect,,,,,,,,,,,,,,,,,,,,,,,,,,,,,,,,,,,,,,,,,,,,,,,,,,,,,,,,,,,,,,,,,,,,,,,0.6,1.0,13.4,1.0,0.24814814814814815,4.0,,,,,,,,,,,,,,,,,,,,,,,,,,,,,,,,,,,,,,,,,,,,,,,,,,,,,,,,,,,,
contagion_effect,,,,,,,,,,,,,,,,,,,,,,,,,,,,,,,,,,,,,,,,,,,,,,,,,,,,,,,,,,,,,,,,,,,,,,,0.6,1.25,13.4,1.0,0.1985185185185185,4.0,,,,,,,,,,,,,,,,,,,,,,,,,,,,,,,,,,,,,,,,,,,,,,,,,,,,,,,,,,,,
contagion_effect,,,,,,,,,,,,,,,,,,,,,,,,,,,,,,,,,,,,,,,,,,,,,,,,,,,,,,,,,,,,,,,,,,,,,,,0.6,1.5,13.4,1.0,0.1654320987654321,4.0,,,,,,,,,,,,,,,,,,,,,,,,,,,,,,,,,,,,,,,,,,,,,,,,,,,,,,,,,,,,
contagion_effect,,,,,,,,,,,,,,,,,,,,,,,,,,,,,,,,,,,,,,,,,,,,,,,,,,,,,,,,,,,,,,,,,,,,,,,0.8,0.5,12.2,1.0,0.45185185185185184,4.0,,,,,,,,,,,,,,,,,,,,,,,,,,,,,,,,,,,,,,,,,,,,,,,,,,,,,,,,,,,,
contagion_effect,,,,,,,,,,,,,,,,,,,,,,,,,,,,,,,,,,,,,,,,,,,,,,,,,,,,,,,,,,,,,,,,,,,,,,,0.8,0.75,12.2,1.0,0.30123456790123454,4.0,,,,,,,,,,,,,,,,,,,,,,,,,,,,,,,,,,,,,,,,,,,,,,,,,,,,,,,,,,,,
contagion_effect,,,,,,,,,,,,,,,,,,,,,,,,,,,,,,,,,,,,,,,,,,,,,,,,,,,,,,,,,,,,,,,,,,,,,,,0.8,1.0,12.2,1.0,0.22592592592592592,4.0,,,,,,,,,,,,,,,,,,,,,,,,,,,,,,,,,,,,,,,,,,,,,,,,,,,,,,,,,,,,
contagion_effect,,,,,,,,,,,,,,,,,,,,,,,,,,,,,,,,,,,,,,,,,,,,,,,,,,,,,,,,,,,,,,,,,,,,,,,0.8,1.25,12.2,1.0,0.18074074074074073,4.0,,,,,,,,,,,,,,,,,,,,,,,,,,,,,,,,,,,,,,,,,,,,,,,,,,,,,,,,,,,,
contagion_effect,,,,,,,,,,,,,,,,,,,,,,,,,,,,,,,,,,,,,,,,,,,,,,,,,,,,,,,,,,,,,,,,,,,,,,,0.8,1.5,12.2,1.0,0.15061728395061727,4.0,,,,,,,,,,,,,,,,,,,,,,,,,,,,,,,,,,,,,,,,,,,,,,,,,,,,,,,,,,,,
minsky_moment,,,,,,,,,,,,,,,,,,,,,,,,,,,,,,,,,,,,,,,,,,,,,,,,,,,,,,,,,,,,,,,,,,,,,,,,,,,,,0.02,0.02,125.06955843576789,125.06955843576789,0.0,2.919129440672823,0.0,,,,,,,,,,,,,,,,,,,,,,,,,,,,,,,,,,,,,,,,,,,,,,,,,,,,,
minsky_moment,,,,,,,,,,,,,,,,,,,,,,,,,,,,,,,,,,,,,,,,,,,,,,,,,,,,,,,,,,,,,,,,,,,,,,,,,,,,,0.02,0.04,125.06955843576789,125.06955843576789,0.0,2.919129440672823,0.0,,,,,,,,,,,,,,,,,,,,,,,,,,,,,,,,,,,,,,,,,,,,,,,,,,,,,
minsky_moment,,,,,,,,,,,,,,,,,,,,,,,,,,,,,,,,,,,,,,,,,,,,,,,,,,,,,,,,,,,,,,,,,,,,,,,,,,,,,0.02,0.06,11.002209629744831,83.2,-0.8677619034886439,0.9434329958973052,12.0,,,,,,,,,,,,,,,,,,,,,,,,,,,,,,,,,,,,,,,,,,,,,,,,,,,,,
minsky_moment,,,,,,,,,,,,,,,,,,,,,,,,,,,,,,,,,,,,,,,,,,,,,,,,,,,,,,,,,,,,,,,,,,,,,,,,,,,,,0.02,0.08,11.002209629744831,83.2,-0.8677619034886439,0.9434329958973052,12.0,,,,,,,,,,,,,,,,,,,,,,,,,,,,,,,,,,,,,,,,,,,,,,,,,,,,,
minsky_moment,,,,,,,,,,,,,,,,,,,,,,,,,,,,,,,,,,,,,,,,,,,,,,,,,,,,,,,,,,,,,,,,,,,,,,,,,,,,,0.02,0.1,11.002209629744831,83.2,-0.8677619034886439,0.9434329958973052,12.0,,,,,,,,,,,,,,,,,,,,,,,,,,,,,,,,,,,,,,,,,,,,,,,,,,,,,
minsky_moment,,,,,,,,,,,,,,,,,,,,,,,,,,,,,,,,,,,,,,,,,,,,,,,,,,,,,,,,,,,,,,,,,,,,,,,,,,,,,0.05,0.02,174.16639970535715,174.16639970535715,0.0,3.6696169455544765,0.0,,,,,,,,,,,,,,,,,,,,,,,,,,,,,,,,,,,,,,,,,,,,,,,,,,,,,
minsky_moment,,,,,,,,,,,,,,,,,,,,,,,,,,,,,,,,,,,,,,,,,,,,,,,,,,,,,,,,,,,,,,,,,,,,,,,,,,,,,0.05,0.04,34.732289951724276,125.85490144545693,-0.7240291037311997,1.6615245311454518,7.0,,,,,,,,,,,,,,,,,,,,,,,,,,,,,,,,,,,,,,,,,,,,,,,,,,,,,
minsky_moment,,,,,,,,,,,,,,,,,,,,,,,,,,,,,,,,,,,,,,,,,,,,,,,,,,,,,,,,,,,,,,,,,,,,,,,,,,,,,0.05,0.06,11.002209629744831,83.2,-0.8677619034886439,0.9434329958973052,12.0,,,,,,,,,,,,,,,,,,,,,,,,,,,,,,,,,,,,,,,,,,,,,,,,,,,,,
minsky_moment,,,,,,,,,,,,,,,,,,,,,,,,,,,,,,,,,,,,,,,,,,,,,,,,,,,,,,,,,,,,,,,,,,,,,,,,,,,,,0.05,0.08,11.002209629744831,83.2,-0.8677619034886439,0.9434329958973052,12.0,,,,,,,,,,,,,,,,,,,,,,,,,,,,,,,,,,,,,,,,,,,,,,,,,,,,,
minsky_moment,,,,,,,,,,,,,,,,,,,,,,,,,,,,,,,,,,,,,,,,,,,,,,,,,,,,,,,,,,,,,,,,,,,,,,,,,,,,,0.05,0.1,11.002209629744831,83.2,-0.8677619034886439,0.9434329958973052,12.0,,,,,,,,,,,,,,,,,,,,,,,,,,,,,,,,,,,,,,,,,,,,,,,,,,,,,
minsky_moment,,,,,,,,,,,,,,,,,,,,,,,,,,,,,,,,,,,,,,,,,,,,,,,,,,,,,,,,,,,,,,,,,,,,,,,,,,,,,0.08,0.02,144.01121779943423,208.04135337612422,-0.30777599999999994,3.5282491774460167,2.0,,,,,,,,,,,,,,,,,,,,,,,,,,,,,,,,,,,,,,,,,,,,,,,,,,,,,
minsky_moment,,,,,,,,,,,,,,,,,,,,,,,,,,,,,,,,,,,,,,,,,,,,,,,,,,,,,,,,,,,,,,,,,,,,,,,,,,,,,0.08,0.04,23.753449015782827,124.34168311012563,-0.808966322301226,1.4014109856688437,9.0,,,,,,,,,,,,,,,,,,,,,,,,,,,,,,,,,,,,,,,,,,,,,,,,,,,,,
minsky_moment,,,,,,,,,,,,,,,,,,,,,,,,,,,,,,,,,,,,,,,,,,,,,,,,,,,,,,,,,,,,,,,,,,,,,,,,,,,,,0.08,0.06,11.002209629744831,83.2,-0.8677619034886439,0.9434329958973052,12.0,,,,,,,,,,,,,,,,,,,,,,,,,,,,,,,,,,,,,,,,,,,,,,,,,,,,,
minsky_moment,,,,,,,,,,,,,,,,,,,,,,,,,,,,,,,,,,,,,,,,,,,,,,,,,,,,,,,,,,,,,,,,,,,,,,,,,,,,,0.08,0.08,11.002209629744831,83.2,-0.8677619034886439,0.9434329958973052,12.0,,,,,,,,,,,,,,,,,,,,,,,,,,,,,,,,,,,,,,,,,,,,,,,,,,,,,
minsky_moment,,,,,,,,,,,,,,,,,,,,,,,,,,,,,,,,,,,,,,,,,,,,,,,,,,,,,,,,,,,,,,,,,,,,,,,,,,,,,0.08,0.1,11.002209629744831,83.2,-0.8677619034886439,0.9434329958973052,12.0,,,,,,,,,,,,,,,,,,,,,,,,,,,,,,,,,,,,,,,,,,,,,,,,,,,,,
minsky_moment,,,,,,,,,,,,,,,,,,,,,,,,,,,,,,,,,,,,,,,,,,,,,,,,,,,,,,,,,,,,,,,,,,,,,,,,,,,,,0.12,0.02,63.360636357701175,191.02032193373418,-0.6683042112153843,2.4101168558743455,6.0,,,,,,,,,,,,,,,,,,,,,,,,,,,,,,,,,,,,,,,,,,,,,,,,,,,,,
minsky_moment,,,,,,,,,,,,,,,,,,,,,,,,,,,,,,,,,,,,,,,,,,,,,,,,,,,,,,,,,,,,,,,,,,,,,,,,,,,,,0.12,0.04,19.69041828993558,123.8858426536678,-0.84105998015462,1.289694182697621,10.0,,,,,,,,,,,,,,,,,,,,,,,,,,,,,,,,,,,,,,,,,,,,,,,,,,,,,
minsky_moment,,,,,,,,,,,,,,,,,,,,,,,,,,,,,,,,,,,,,,,,,,,,,,,,,,,,,,,,,,,,,,,,,,,,,,,,,,,,,0.12,0.06,11.002209629744831,83.2,-0.8677619034886439,0.9434329958973052,12.0,,,,,,,,,,,,,,,,,,,,,,,,,,,,,,,,,,,,,,,,,,,,,,,,,,,,,
minsky_moment,,,,,,,,,,,,,,,,,,,,,,,,,,,,,,,,,,,,,,,,,,,,,,,,,,,,,,,,,,,,,,,,,,,,,,,,,,,,,0.12,0.08,11.002209629744831,83.2,-0.8677619034886439,0.9434329958973052,12.0,,,,,,,,,,,,,,,,,,,,,,,,,,,,,,,,,,,,,,,,,,,,,,,,,,,,,
minsky_moment,,,,,,,,,,,,,,,,,,,,,,,,,,,,,,,,,,,,,,,,,,,,,,,,,,,,,,,,,,,,,,,,,,,,,,,,,,,,,0.12,0.1,11.002209629744831,83.2,-0.8677619034886439,0.9434329958973052,12.0,,,,,,,,,,,,,,,,,,,,,,,,,,,,,,,,,,,,,,,,,,,,,,,,,,,,,
minsky_moment,,,,,,,,,,,,,,,,,,,,,,,,,,,,,,,,,,,,,,,,,,,,,,,,,,,,,,,,,,,,,,,,,,,,,,,,,,,,,0.16,0.02,56.028940866792155,203.02481755981634,-0.7240291037311999,2.3222117758110845,7.0,,,,,,,,,,,,,,,,,,,,,,,,,,,,,,,,,,,,,,,,,,,,,,,,,,,,,
minsky_moment,,,,,,,,,,,,,,,,,,,,,,,,,,,,,,,,,,,,,,,,,,,,,,,,,,,,,,,,,,,,,,,,,,,,,,,,,,,,,0.16,0.04,21.05523342886462,132.4728249647104,-0.84105998015462,1.3526560084974781,10.0,,,,,,,,,,,,,,,,,,,,,,,,,,,,,,,,,,,,,,,,,,,,,,,,,,,,,
minsky_moment,,,,,,,,,,,,,,,,,,,,,,,,,,,,,,,,,,,,,,,,,,,,,,,,,,,,,,,,,,,,,,,,,,,,,,,,,,,,,0.16,0.06,11.002209629744831,83.2,-0.8677619034886439,0.9434329958973052,12.0,,,,,,,,,,,,,,,,,,,,,,,,,,,,,,,,,,,,,,,,,,,,,,,,,,,,,
minsky_moment,,,,,,,,,,,,,,,,,,,,,,,,,,,,,,,,,,,,,,,,,,,,,,,,,,,,,,,,,,,,,,,,,,,,,,,,,,,,,0.16,0.08,11.002209629744831,83.2,-0.8677619034886439,0.9434329958973052,12.0,,,,,,,,,,,,,,,,,,,,,,,,,,,,,,,,,,,,,,,,,,,,,,,,,,,,,
minsky_moment,,,,,,,,,,,,,,,,,,,,,,,,,,,,,,,,,,,,,,,,,,,,,,,,,,,,,,,,,,,,,,,,,,,,,,,,,,,,,0.16,0.1,11.002209629744831,83.2,-0.8677619034886439,0.9434329958973052,12.0,,,,,,,,,,,,,,,,,,,,,,,,,,,,,,,,,,,,,,,,,,,,,,,,,,,,,
flight_to_safety,,,,,,,,,,,,,,,,,,,,,,,,,,,,,,,,,,,,,,,,,,,,,,,,,,,,,,,,,,,,,,,,,,,,,,,,,,,,,,,,,,,,0.0,500.0,0.0,0.0,0.0,0.3,0.0,,,,,,,,,,,,,,,,,,,,,,,,,,,,,,,,,,,,,,,,,,,,,,
flight_to_safety,,,,,,,,,,,,,,,,,,,,,,,,,,,,,,,,,,,,,,,,,,,,,,,,,,,,,,,,,,,,,,,,,,,,,,,,,,,,,,,,,,,,0.0,750.0,0.0,0.0,0.0,0.3,0.0,,,,,,,,,,,,,,,,,,,,,,,,,,,,,,,,,,,,,,,,,,,,,,
flight_to_safety,,,,,,,,,,,,,,,,,,,,,,,,,,,,,,,,,,,,,,,,,,,,,,,,,,,,,,,,,,,,,,,,,,,,,,,,,,,,,,,,,,,,0.0,1000.0,0.0,0.0,0.0,0.3,0.0,,,,,,,,,,,,,,,,,,,,,,,,,,,,,,,,,,,,,,,,,,,,,,
flight_to_safety,,,,,,,,,,,,,,,,,,,,,,,,,,,,,,,,,,,,,,,,,,,,,,,,,,,,,,,,,,,,,,,,,,,,,,,,,,,,,,,,,,,,0.0,1500.0,0.0,0.0,0.0,0.3,0.0,,,,,,,,,,,,,,,,,,,,,,,,,,,,,,,,,,,,,,,,,,,,,,
flight_to_safety,,,,,,,,,,,,,,,,,,,,,,,,,,,,,,,,,,,,,,,,,,,,,,,,,,,,,,,,,,,,,,,,,,,,,,,,,,,,,,,,,,,,0.0,2000.0,0.0,0.0,0.0,0.3,0.0,,,,,,,,,,,,,,,,,,,,,,,,,,,,,,,,,,,,,,,,,,,,,,
flight_to_safety,,,,,,,,,,,,,,,,,,,,,,,,,,,,,,,,,,,,,,,,,,,,,,,,,,,,,,,,,,,,,,,,,,,,,,,,,,,,,,,,,,,,0.05,500.0,4.0,0.008,-0.005333333333333333,0.34,0.013333333333333332,,,,,,,,,,,,,,,,,,,,,,,,,,,,,,,,,,,,,,,,,,,,,,
flight_to_safety,,,,,,,,,,,,,,,,,,,,,,,,,,,,,,,,,,,,,,,,,,,,,,,,,,,,,,,,,,,,,,,,,,,,,,,,,,,,,,,,,,,,0.05,750.0,4.0,0.005333333333333333,-0.005333333333333333,0.34,0.010666666666666666,,,,,,,,,,,,,,,,,,,,,,,,,,,,,,,,,,,,,,,,,,,,,,
flight_to_safety,,,,,,,,,,,,,,,,,,,,,,,,,,,,,,,,,,,,,,,,,,,,,,,,,,,,,,,,,,,,,,,,,,,,,,,,,,,,,,,,,,,,0.05,1000.0,4.0,0.004,-0.005333333333333333,0.34,0.009333333333333332,,,,,,,,,,,,,,,,,,,,,,,,,,,,,,,,,,,,,,,,,,,,,,
flight_to_safety,,,,,,,,,,,,,,,,,,,,,,,,,,,,,,,,,,,,,,,,,,,,,,,,,,,,,,,,,,,,,,,,,,,,,,,,,,,,,,,,,,,,0.05,1500.0,4.0,0.0026666666666666666,-0.005333333333333333,0.34,0.008,,,,,,,,,,,,,,,,,,,,,,,,,,,,,,,,,,,,,,,,,,,,,,
flight_to_safety,,,,,,,,,,,,,,,,,,,,,,,,,,,,,,,,,,,,,,,,,,,,,,,,,,,,,,,,,,,,,,,,,,,,,,,,,,,,,,,,,,,,0.05,2000.0,4.0,0.002,-0.005333333333333333,0.34,0.007333333333333333,,,,,,,,,,,,,,,,,,,,,,,,,,,,,,,,,,,,,,,,,,,,,,
flight_to_safety,,,,,,,,,,,,,,,,,,,,,,,,,,,,,,,,,,,,,,,,,,,,,,,,,,,,,,,,,,,,,,,,,,,,,,,,,,,,,,,,,,,,0.1,500.0,8.0,0.016,-0.010666666666666666,0.38,0.026666666666666665,,,,,,,,,,,,,,,,,,,,,,,,,,,,,,,,,,,,,,,,,,,,,,
flight_to_safety,,,,,,,,,,,,,,,,,,,,,,,,,,,,,,,,,,,,,,,,,,,,,,,,,,,,,,,,,,,,,,,,,,,,,,,,,,,,,,,,,,,,0.1,750.0,8.0,0.010666666666666666,-0.010666666666666666,0.38,0.021333333333333333,,,,,,,,,,,,,,,,,,,,,,,,,,,,,,,,,,,,,,,,,,,,,,
flight_to_safety,,,,,,,,,,,,,,,,,,,,,,,,,,,,,,,,,,,,,,,,,,,,,,,,,,,,,,,,,,,,,,,,,,,,,,,,,,,,,,,,,,,,0.1,1000.0,8.0,0.008,-0.010666666666666666,0.38,0.018666666666666665,,,,,,,,,,,,,,,,,,,,,,,,,,,,,,,,,,,,,,,,,,,,,,
flight_to_safety,,,,,,,,,,,,,,,,,,,,,,,,,,,,,,,,,,,,,,,,,,,,,,,,,,,,,,,,,,,,,,,,,,,,,,,,,,,,,,,,,,,,0.1,1500.0,8.0,0.005333333333333333,-0.010666666666666666,0.38,0.016,,,,,,,,,,,,,,,,,,,,,,,,,,,,,,,,,,,,,,,,,,,,,,
flight_to_safety,,,,,,,,,,,,,,,,,,,,,,,,,,,,,,,,,,,,,,,,,,,,,,,,,,,,,,,,,,,,,,,,,,,,,,,,,,,,,,,,,,,,0.1,2000.0,8.0,0.004,-0.010666666666666666,0.38,0.014666666666666666,,,,,,,,,,,,,,,,,,,,,,,,,,,,,,,,,,,,,,,,,,,,,,
flight_to_safety,,,,,,,,,,,,,,,,,,,,,,,,,,,,,,,,,,,,,,,,,,,,,,,,,,,,,,,,,,,,,,,,,,,,,,,,,,,,,,,,,,,,0.15,500.0,12.0,0.024,-0.016,0.42,0.04,,,,,,,,,,,,,,,,,,,,,,,,,,,,,,,,,,,,,,,,,,,,,,
flight_to_safety,,,,,,,,,,,,,,,,,,,,,,,,,,,,,,,,,,,,,,,,,,,,,,,,,,,,,,,,,,,,,,,,,,,,,,,,,,,,,,,,,,,,0.15,750.0,12.0,0.016,-0.016,0.42,0.032,,,,,,,,,,,,,,,,,,,,,,,,,,,,,,,,,,,,,,,,,,,,,,
flight_to_safety,,,,,,,,,,,,,,,,,,,,,,,,,,,,,,,,,,,,,,,,,,,,,,,,,,,,,,,,,,,,,,,,,,,,,,,,,,,,,,,,,,,,0.15,1000.0,12.0,0.012,-0.016,0.42,0.028,,,,,,,,,,,,,,,,,,,,,,,,,,,,,,,,,,,,,,,,,,,,,,
flight_to_safety,,,,,,,,,,,,,,,,,,,,,,,,,,,,,,,,,,,,,,,,,,,,,,,,,,,,,,,,,,,,,,,,,,,,,,,,,,,,,,,,,,,,0.15,1500.0,12.0,0.008,-0.016,0.42,0.024,,,,,,,,,,,,,,,,,,,,,,,,,,,,,,,,,,,,,,,,,,,,,,
flight_to_safety,,,,,,,,,,,,,,,,,,,,,,,,,,,,,,,,,,,,,,,,,,,,,,,,,,,,,,,,,,,,,,,,,,,,,,,,,,,,,,,,,,,,0.15,2000.0,12.0,0.006,-0.016,0.42,0.022,,,,,,,,,,,,,,,,,,,,,,,,,,,,,,,,,,,,,,,,,,,,,,
flight_to_safety,,,,,,,,,,,,,,,,,,,,,,,,,,,,,,,,,,,,,,,,,,,,,,,,,,,,,,,,,,,,,,,,,,,,,,,,,,,,,,,,,,,,0.2,500.0,16.0,0.032,-0.021333333333333333,0.46,0.05333333333333333,,,,,,,,,,,,,,,,,,,,,,,,,,,,,,,,,,,,,,,,,,,,,,
flight_to_safety,,,,,,,,,,,,,,,,,,,,,,,,,,,,,,,,,,,,,,,,,,,,,,,,,,,,,,,,,,,,,,,,,,,,,,,,,,,,,,,,,,,,0.2,750.0,16.0,0.021333333333333333,-0.021333333333333333,0.46,0.042666666666666665,,,,,,,,,,,,,,,,,,,,,,,,,,,,,,,,,,,,,,,,,,,,,,
flight_to_safety,,,,,,,,,,,,,,,,,,,,,,,,,,,,,,,,,,,,,,,,,,,,,,,,,,,,,,,,,,,,,,,,,,,,,,,,,,,,,,,,,,,,0.2,1000.0,16.0,0.016,-0.021333333333333333,0.46,0.03733333333333333,,,,,,,,,,,,,,,,,,,,,,,,,,,,,,,,,,,,,,,,,,,,,,
flight_to_safety,,,,,,,,,,,,,,,,,,,,,,,,,,,,,,,,,,,,,,,,,,,,,,,,,,,,,,,,,,,,,,,,,,,,,,,,,,,,,,,,,,,,0.2,1500.0,16.0,0.010666666666666666,-0.021333333333333333,0.46,0.032,,,,,,,,,,,,,,,,,,,,,,,,,,,,,,,,,,,,,,,,,,,,,,
flight_to_safety,,,,,,,,,,,,,,,,,,,,,,,,,,,,,,,,,,,,,,,,,,,,,,,,,,,,,,,,,,,,,,,,,,,,,,,,,,,,,,,,,,,,0.2,2000.0,16.0,0.008,-0.021333333333333333,0.46,0.029333333333333333,,,,,,,,,,,,,,,,,,,,,,,,,,,,,,,,,,,,,,,,,,,,,,
flight_to_safety,,,,,,,,,,,,,,,,,,,,,,,,,,,,,,,,,,,,,,,,,,,,,,,,,,,,,,,,,,,,,,,,,,,,,,,,,,,,,,,,,,,,0.25,500.0,20.0,0.04,-0.02666666666666667,0.5,0.06666666666666667,,,,,,,,,,,,,,,,,,,,,,,,,,,,,,,,,,,,,,,,,,,,,,
flight_to_safety,,,,,,,,,,,,,,,,,,,,,,,,,,,,,,,,,,,,,,,,,,,,,,,,,,,,,,,,,,,,,,,,,,,,,,,,,,,,,,,,,,,,0.25,750.0,20.0,0.02666666666666667,-0.02666666666666667,0.5,0.05333333333333334,,,,,,,,,,,,,,,,,,,,,,,,,,,,,,,,,,,,,,,,,,,,,,
flight_to_safety,,,,,,,,,,,,,,,,,,,,,,,,,,,,,,,,,,,,,,,,,,,,,,,,,,,,,,,,,,,,,,,,,,,,,,,,,,,,,,,,,,,,0.25,1000.0,20.0,0.02,-0.02666666666666667,0.5,0.04666666666666667,,,,,,,,,,,,,,,,,,,,,,,,,,,,,,,,,,,,,,,,,,,,,,
flight_to_safety,,,,,,,,,,,,,,,,,,,,,,,,,,,,,,,,,,,,,,,,,,,,,,,,,,,,,,,,,,,,,,,,,,,,,,,,,,,,,,,,,,,,0.25,1500.0,20.0,0.013333333333333334,-0.02666666666666667,0.5,0.04,,,,,,,,,,,,,,,,,,,,,,,,,,,,,,,,,,,,,,,,,,,,,,
flight_to_safety,,,,,,,,,,,,,,,,,,,,,,,,,,,,,,,,,,,,,,,,,,,,,,,,,,,,,,,,,,,,,,,,,,,,,,,,,,,,,,,,,,,,0.25,2000.0,20.0,0.01,-0.02666666666666667,0.5,0.03666666666666667,,,,,,,,,,,,,,,,,,,,,,,,,,,,,,,,,,,,,,,,,,,,,,
risk_on_risk_off,,,,,,,,,,,,,,,,,,,,,,,,,,,,,,,,,,,,,,,,,,,,,,,,,,,,,,,,,,,,,,,,,,,,,,,,,,,,,,,,,,,,,,,,,,,0.2,-0.25,-0.05,0.027999999999999997,0.002,-0.020000000000000004,0.2,,,,,,,,,,,,,,,,,,,,,,,,,,,,,,,,,,,,,,,
risk_on_risk_off,,,,,,,,,,,,,,,,,,,,,,,,,,,,,,,,,,,,,,,,,,,,,,,,,,,,,,,,,,,,,,,,,,,,,,,,,,,,,,,,,,,,,,,,,,,0.2,-0.15,-0.03,0.027999999999999997,0.002,-1.734723475976807e-18,0.2,,,,,,,,,,,,,,,,,,,,,,,,,,,,,,,,,,,,,,,
risk_on_risk_off,,,,,,,,,,,,,,,,,,,,,,,,,,,,,,,,,,,,,,,,,,,,,,,,,,,,,,,,,,,,,,,,,,,,,,,,,,,,,,,,,,,,,,,,,,,0.2,-0.05,-0.010000000000000002,0.027999999999999997,0.002,0.019999999999999997,0.2,,,,,,,,,,,,,,,,,,,,,,,,,,,,,,,,,,,,,,,
risk_on_risk_off,,,,,,,,,,,,,,,,,,,,,,,,,,,,,,,,,,,,,,,,,,,,,,,,,,,,,,,,,,,,,,,,,,,,,,,,,,,,,,,,,,,,,,,,,,,0.2,0.05,0.010000000000000002,0.027999999999999997,0.002,0.04,0.2,,,,,,,,,,,,,,,,,,,,,,,,,,,,,,,,,,,,,,,
risk_on_risk_off,,,,,,,,,,,,,,,,,,,,,,,,,,,,,,,,,,,,,,,,,,,,,,,,,,,,,,,,,,,,,,,,,,,,,,,,,,,,,,,,,,,,,,,,,,,0.2,0.15,0.03,0.027999999999999997,0.002,0.06,0.2,,,,,,,,,,,,,,,,,,,,,,,,,,,,,,,,,,,,,,,
risk_on_risk_off,,,,,,,,,,,,,,,,,,,,,,,,,,,,,,,,,,,,,,,,,,,,,,,,,,,,,,,,,,,,,,,,,,,,,,,,,,,,,,,,,,,,,,,,,,,0.35,-0.25,-0.0875,0.022000000000000002,0.002,-0.06349999999999999,0.35,,,,,,,,,,,,,,,,,,,,,,,,,,,,,,,,,,,,,,,
risk_on_risk_off,,,,,,,,,,,,,,,,,,,,,,,,,,,,,,,,,,,,,,,,,,,,,,,,,,,,,,,,,,,,,,,,,,,,,,,,,,,,,,,,,,,,,,,,,,,0.35,-0.15,-0.0525,0.022000000000000002,0.002,-0.028499999999999998,0.35,,,,,,,,,,,,,,,,,,,,,,,,,,,,,,,,,,,,,,,
risk_on_risk_off,,,,,,,,,,,,,,,,,,,,,,,,,,,,,,,,,,,,,,,,,,,,,,,,,,,,,,,,,,,,,,,,,,,,,,,,,,,,,,,,,,,,,,,,,,,0.35,-0.05,-0.017499999999999998,0.022000000000000002,0.002,0.006500000000000004,0.35,,,,,,,,,,,,,,,,,,,,,,,,,,,,,,,,,,,,,,,
risk_on_risk_off,,,,,,,,,,,,,,,,,,,,,,,,,,,,,,,,,,,,,,,,,,,,,,,,,,,,,,,,,,,,,,,,,,,,,,,,,,,,,,,,,,,,,,,,,,,0.35,0.05,0.017499999999999998,0.022000000000000002,0.002,0.0415,0.35,,,,,,,,,,,,,,,,,,,,,,,,,,,,,,,,,,,,,,,
risk_on_risk_off,,,,,,,,,,,,,,,,,,,,,,,,,,,,,,,,,,,,,,,,,,,,,,,,,,,,,,,,,,,,,,,,,,,,,,,,,,,,,,,,,,,,,,,,,,,0.35,0.15,0.0525,0.022000000000000002,0.002,0.0765,0.35,,,,,,,,,,,,,,,,,,,,,,,,,,,,,,,,,,,,,,,
risk_on_risk_off,,,,,,,,,,,,,,,,,,,,,,,,,,,,,,,,,,,,,,,,,,,,,,,,,,,,,,,,,,,,,,,,,,,,,,,,,,,,,,,,,,,,,,,,,,,0.5,-0.25,-0.125,0.016,0.002,-0.107,0.5,,,,,,,,,,,,,,,,,,,,,,,,,,,,,,,,,,,,,,,
risk_on_risk_off,,,,,,,,,,,,,,,,,,,,,,,,,,,,,,,,,,,,,,,,,,,,,,,,,,,,,,,,,,,,,,,,,,,,,,,,,,,,,,,,,,,,,,,,,,,0.5,-0.15,-0.075,0.016,0.002,-0.056999999999999995,0.5,,,,,,,,,,,,,,,,,,,,,,,,,,,,,,,,,,,,,,,
risk_on_risk_off,,,,,,,,,,,,,,,,,,,,,,,,,,,,,,,,,,,,,,,,,,,,,,,,,,,,,,,,,,,,,,,,,,,,,,,,,,,,,,,,,,,,,,,,,,,0.5,-0.05,-0.025,0.016,0.002,-0.007000000000000001,0.5,,,,,,,,,,,,,,,,,,,,,,,,,,,,,,,,,,,,,,,
risk_on_risk_off,,,,,,,,,,,,,,,,,,,,,,,,,,,,,,,,,,,,,,,,,,,,,,,,,,,,,,,,,,,,,,,,,,,,,,,,,,,,,,,,,,,,,,,,,,,0.5,0.05,0.025,0.016,0.002,0.043000000000000003,0.5,,,,,,,,,,,,,,,,,,,,,,,,,,,,,,,,,,,,,,,
risk_on_risk_off,,,,,,,,,,,,,,,,,,,,,,,,,,,,,,,,,,,,,,,,,,,,,,,,,,,,,,,,,,,,,,,,,,,,,,,,,,,,,,,,,,,,,,,,,,,0.5,0.15,0.075,0.016,0.002,0.093,0.5,,,,,,,,,,,,,,,,,,,,,,,,,,,,,,,,,,,,,,,
risk_on_risk_off,,,,,,,,,,,,,,,,,,,,,,,,,,,,,,,,,,,,,,,,,,,,,,,,,,,,,,,,,,,,,,,,,,,,,,,,,,,,,,,,,,,,,,,,,,,0.65,-0.25,-0.1625,0.01,0.002,-0.1505,0.65,,,,,,,,,,,,,,,,,,,,,,,,,,,,,,,,,,,,,,,
risk_on_risk_off,,,,,,,,,,,,,,,,,,,,,,,,,,,,,,,,,,,,,,,,,,,,,,,,,,,,,,,,,,,,,,,,,,,,,,,,,,,,,,,,,,,,,,,,,,,0.65,-0.15,-0.0975,0.01,0.002,-0.0855,0.65,,,,,,,,,,,,,,,,,,,,,,,,,,,,,,,,,,,,,,,
risk_on_risk_off,,,,,,,,,,,,,,,,,,,,,,,,,,,,,,,,,,,,,,,,,,,,,,,,,,,,,,,,,,,,,,,,,,,,,,,,,,,,,,,,,,,,,,,,,,,0.65,-0.05,-0.0325,0.01,0.002,-0.020499999999999997,0.65,,,,,,,,,,,,,,,,,,,,,,,,,,,,,,,,,,,,,,,
risk_on_risk_off,,,,,,,,,,,,,,,,,,,,,,,,,,,,,,,,,,,,,,,,,,,,,,,,,,,,,,,,,,,,,,,,,,,,,,,,,,,,,,,,,,,,,,,,,,,0.65,0.05,0.0325,0.01,0.002,0.044500000000000005,0.65,,,,,,,,,,,,,,,,,,,,,,,,,,,,,,,,,,,,,,,
risk_on_risk_off,,,,,,,,,,,,,,,,,,,,,,,,,,,,,,,,,,,,,,,,,,,,,,,,,,,,,,,,,,,,,,,,,,,,,,,,,,,,,,,,,,,,,,,,,,,0.65,0.15,0.0975,0.01,0.002,0.1095,0.65,,,,,,,,,,,,,,,,,,,,,,,,,,,,,,,,,,,,,,,
risk_on_risk_off,,,,,,,,,,,,,,,,,,,,,,,,,,,,,,,,,,,,,,,,,,,,,,,,,,,,,,,,,,,,,,,,,,,,,,,,,,,,,,,,,,,,,,,,,,,0.8,-0.25,-0.2,0.003999999999999999,0.002,-0.194,0.8,,,,,,,,,,,,,,,,,,,,,,,,,,,,,,,,,,,,,,,
risk_on_risk_off,,,,,,,,,,,,,,,,,,,,,,,,,,,,,,,,,,,,,,,,,,,,,,,,,,,,,,,,,,,,,,,,,,,,,,,,,,,,,,,,,,,,,,,,,,,0.8,-0.15,-0.12,0.003999999999999999,0.002,-0.11399999999999999,0.8,,,,,,,,,,,,,,,,,,,,,,,,,,,,,,,,,,,,,,,
risk_on_risk_off,,,,,,,,,,,,,,,,,,,,,,,,,,,,,,,,,,,,,,,,,,,,,,,,,,,,,,,,,,,,,,,,,,,,,,,,,,,,,,,,,,,,,,,,,,,0.8,-0.05,-0.04000000000000001,0.003999999999999999,0.002,-0.03400000000000001,0.8,,,,,,,,,,,,,,,,,,,,,,,,,,,,,,,,,,,,,,,
risk_on_risk_off,,,,,,,,,,,,,,,,,,,,,,,,,,,,,,,,,,,,,,,,,,,,,,,,,,,,,,,,,,,,,,,,,,,,,,,,,,,,,,,,,,,,,,,,,,,0.8,0.05,0.04000000000000001,0.003999999999999999,0.002,0.046000000000000006,0.8,,,,,,,,,,,,,,,,,,,,,,,,,,,,,,,,,,,,,,,
risk_on_risk_off,,,,,,,,,,,,,,,,,,,,,,,,,,,,,,,,,,,,,,,,,,,,,,,,,,,,,,,,,,,,,,,,,,,,,,,,,,,,,,,,,,,,,,,,,,,0.8,0.15,0.12,0.003999999999999999,0.002,0.126,0.8,,,,,,,,,,,,,,,,,,,,,,,,,,,,,,,,,,,,,,,
leverage_cycle,,,,,,,,,,,,,,,,,,,,,,,0.28,,,,,,,,,,,,,,,,,,,,,,,,,,,,,,,,,,,,,,,,,,,,,,,,,,,,,,,,,,,4.890477647442483,,,,,,,,,,,,,,,,-0.15,0.2,27.249052503906245,21.67719337923437,-50.380682197187504,,,,,,,,,,,,,,,,,,,,,,,,,,,,,,,,,,
leverage_cycle,,,,,,,,,,,,,,,,,,,,,,,0.31,,,,,,,,,,,,,,,,,,,,,,,,,,,,,,,,,,,,,,,,,,,,,,,,,,,,,,,,,,,4.208725707855529,,,,,,,,,,,,,,,,-0.15,0.4,27.249052503906245,20.77463378542187,-51.19815377230469,,,,,,,,,,,,,,,,,,,,,,,,,,,,,,,,,,
leverage_cycle,,,,,,,,,,,,,,,,,,,,,,,0.33999999999999997,,,,,,,,,,,,,,,,,,,,,,,,,,,,,,,,,,,,,,,,,,,,,,,,,,,,,,,,,,,3.693795935184478,,,,,,,,,,,,,,,,-0.15,0.6,27.249052503906245,19.87207419160937,-52.015625347421874,,,,,,,,,,,,,,,,,,,,,,,,,,,,,,,,,,
leverage_cycle,,,,,,,,,,,,,,,,,,,,,,,0.37,,,,,,,,,,,,,,,,,,,,,,,,,,,,,,,,,,,,,,,,,,,,,,,,,,,,,,,,,,,3.2911320429850903,,,,,,,,,,,,,,,,-0.15,0.8,27.249052503906245,18.96951459779687,-52.83309692253907,,,,,,,,,,,,,,,,,,,,,,,,,,,,,,,,,,
leverage_cycle,,,,,,,,,,,,,,,,,,,,,,,0.4,,,,,,,,,,,,,,,,,,,,,,,,,,,,,,,,,,,,,,,,,,,,,,,,,,,,,,,,,,,2.9676283119557483,,,,,,,,,,,,,,,,-0.15,1.0,27.249052503906245,18.066955003984372,-53.65056849765625,,,,,,,,,,,,,,,,,,,,,,,,,,,,,,,,,,
leverage_cycle,,,,,,,,,,,,,,,,,,,,,,,0.27,,,,,,,,,,,,,,,,,,,,,,,,,,,,,,,,,,,,,,,,,,,,,,,,,,,,,,,,,,,4.4725629563775655,,,,,,,,,,,,,,,,-0.1,0.2,43.04672100000001,33.42210052626954,-38.57589366999999,,,,,,,,,,,,,,,,,,,,,,,,,,,,,,,,,,
leverage_cycle,,,,,,,,,,,,,,,,,,,,,,,0.29000000000000004,,,,,,,,,,,,,,,,,,,,,,,,,,,,,,,,,,,,,,,,,,,,,,,,,,,,,,,,,,,4.084182370985737,,,,,,,,,,,,,,,,-0.1,0.4,43.04672100000001,32.506858405761726,-39.43682808999999,,,,,,,,,,,,,,,,,,,,,,,,,,,,,,,,,,
leverage_cycle,,,,,,,,,,,,,,,,,,,,,,,0.31,,,,,,,,,,,,,,,,,,,,,,,,,,,,,,,,,,,,,,,,,,,,,,,,,,,,,,,,,,,3.7578635963568425,,,,,,,,,,,,,,,,-0.1,0.6,43.04672100000001,31.59161628525391,-40.29776251,,,,,,,,,,,,,,,,,,,,,,,,,,,,,,,,,,
leverage_cycle,,,,,,,,,,,,,,,,,,,,,,,0.33,,,,,,,,,,,,,,,,,,,,,,,,,,,,,,,,,,,,,,,,,,,,,,,,,,,,,,,,,,,3.479831372013138,,,,,,,,,,,,,,,,-0.1,0.8,43.04672100000001,30.676374164746097,-41.15869692999999,,,,,,,,,,,,,,,,,,,,,,,,,,,,,,,,,,
leverage_cycle,,,,,,,,,,,,,,,,,,,,,,,0.35,,,,,,,,,,,,,,,,,,,,,,,,,,,,,,,,,,,,,,,,,,,,,,,,,,,,,,,,,,,3.2401063395335155,,,,,,,,,,,,,,,,-0.1,1.0,43.04672100000001,29.76113204423829,-42.01963134999999,,,,,,,,,,,,,,,,,,,,,,,,,,,,,,,,,,
leverage_cycle,,,,,,,,,,,,,,,,,,,,,,,0.26,,,,,,,,,,,,,,,,,,,,,,,,,,,,,,,,,,,,,,,,,,,,,,,,,,,,,,,,,,,4.193969932516746,,,,,,,,,,,,,,,,-0.05,0.2,66.34204312890623,50.52360756632811,-20.906888084609392,,,,,,,,,,,,,,,,,,,,,,,,,,,,,,,,,,
leverage_cycle,,,,,,,,,,,,,,,,,,,,,,,0.27,,,,,,,,,,,,,,,,,,,,,,,,,,,,,,,,,,,,,,,,,,,,,,,,,,,,,,,,,,,4.020492555478062,,,,,,,,,,,,,,,,-0.05,0.4,66.34204312890623,49.84106912796874,-21.570308515898454,,,,,,,,,,,,,,,,,,,,,,,,,,,,,,,,,,
leverage_cycle,,,,,,,,,,,,,,,,,,,,,,,0.28,,,,,,,,,,,,,,,,,,,,,,,,,,,,,,,,,,,,,,,,,,,,,,,,,,,,,,,,,,,3.860796409539009,,,,,,,,,,,,,,,,-0.05,0.6,66.34204312890623,49.158530689609364,-22.233728947187515,,,,,,,,,,,,,,,,,,,,,,,,,,,,,,,,,,
leverage_cycle,,,,,,,,,,,,,,,,,,,,,,,0.29000000000000004,,,,,,,,,,,,,,,,,,,,,,,,,,,,,,,,,,,,,,,,,,,,,,,,,,,,,,,,,,,3.7133020376582127,,,,,,,,,,,,,,,,-0.05,0.8,66.34204312890623,48.475992251249984,-22.897149378476584,,,,,,,,,,,,,,,,,,,,,,,,,,,,,,,,,,
leverage_cycle,,,,,,,,,,,,,,,,,,,,,,,0.3,,,,,,,,,,,,,,,,,,,,,,,,,,,,,,,,,,,,,,,,,,,,,,,,,,,,,,,,,,,3.5766624619600464,,,,,,,,,,,,,,,,-0.05,1.0,66.34204312890623,47.79345381289061,-23.560569809765646,,,,,,,,,,,,,,,,,,,,,,,,,,,,,,,,,,
leverage_cycle,,,,,,,,,,,,,,,,,,,,,,,0.25,,,,,,,,,,,,,,,,,,,,,,,,,,,,,,,,,,,,,,,,,,,,,,,,,,,,,,,,,,,3.999819858081894,,,,,,,,,,,,,,,,0.0,0.2,100.0,74.9988740623047,5.0,,,,,,,,,,,,,,,,,,,,,,,,,,,,,,,,,,
leverage_cycle,,,,,,,,,,,,,,,,,,,,,,,0.25,,,,,,,,,,,,,,,,,,,,,,,,,,,,,,,,,,,,,,,,,,,,,,,,,,,,,,,,,,,3.999819858081894,,,,,,,,,,,,,,,,0.0,0.4,100.0,74.9988740623047,5.0,,,,,,,,,,,,,,,,,,,,,,,,,,,,,,,,,,
leverage_cycle,,,,,,,,,,,,,,,,,,,,,,,0.25,,,,,,,,,,,,,,,,,,,,,,,,,,,,,,,,,,,,,,,,,,,,,,,,,,,,,,,,,,,3.999819858081894,,,,,,,,,,,,,,,,0.0,0.6,100.0,74.9988740623047,5.0,,,,,,,,,,,,,,,,,,,,,,,,,,,,,,,,,,
leverage_cycle,,,,,,,,,,,,,,,,,,,,,,,0.25,,,,,,,,,,,,,,,,,,,,,,,,,,,,,,,,,,,,,,,,,,,,,,,,,,,,,,,,,,,3.999819858081894,,,,,,,,,,,,,,,,0.0,0.8,100.0,74.9988740623047,5.0,,,,,,,,,,,,,,,,,,,,,,,,,,,,,,,,,,
leverage_cycle,,,,,,,,,,,,,,,,,,,,,,,0.25,,,,,,,,,,,,,,,,,,,,,,,,,,,,,,,,,,,,,,,,,,,,,,,,,,,,,,,,,,,3.999819858081894,,,,,,,,,,,,,,,,0.0,1.0,100.0,74.9988740623047,5.0,,,,,,,,,,,,,,,,,,,,,,,,,,,,,,,,,,
leverage_cycle,,,,,,,,,,,,,,,,,,,,,,,0.24,,,,,,,,,,,,,,,,,,,,,,,,,,,,,,,,,,,,,,,,,,,,,,,,,,,,,,,,,,,3.8609107065095847,,,,,,,,,,,,,,,,0.05,0.2,147.74554437890632,109.47852511585941,42.2866137279688,,,,,,,,,,,,,,,,,,,,,,,,,,,,,,,,,,
leverage_cycle,,,,,,,,,,,,,,,,,,,,,,,0.22999999999999998,,,,,,,,,,,,,,,,,,,,,,,,,,,,,,,,,,,,,,,,,,,,,,,,,,,,,,,,,,,4.0119116046423455,,,,,,,,,,,,,,,,0.05,0.4,147.74554437890632,110.91882461570317,43.76406917175787,,,,,,,,,,,,,,,,,,,,,,,,,,,,,,,,,,
leverage_cycle,,,,,,,,,,,,,,,,,,,,,,,0.22,,,,,,,,,,,,,,,,,,,,,,,,,,,,,,,,,,,,,,,,,,,,,,,,,,,,,,,,,,,4.1752045920250485,,,,,,,,,,,,,,,,0.05,0.6,147.74554437890632,112.35912411554693,45.241524615546936,,,,,,,,,,,,,,,,,,,,,,,,,,,,,,,,,,
leverage_cycle,,,,,,,,,,,,,,,,,,,,,,,0.21,,,,,,,,,,,,,,,,,,,,,,,,,,,,,,,,,,,,,,,,,,,,,,,,,,,,,,,,,,,4.35235429132448,,,,,,,,,,,,,,,,0.05,0.8,147.74554437890632,113.79942361539068,46.71898005933599,,,,,,,,,,,,,,,,,,,,,,,,,,,,,,,,,,
leverage_cycle,,,,,,,,,,,,,,,,,,,,,,,0.2,,,,,,,,,,,,,,,,,,,,,,,,,,,,,,,,,,,,,,,,,,,,,,,,,,,,,,,,,,,4.545202632490475,,,,,,,,,,,,,,,,0.05,1.0,147.74554437890632,115.23972311523443,48.19643550312506,,,,,,,,,,,,,,,,,,,,,,,,,,,,,,,,,,
leverage_cycle,,,,,,,,,,,,,,,,,,,,,,,0.22999999999999998,,,,,,,,,,,,,,,,,,,,,,,,,,,,,,,,,,,,,,,,,,,,,,,,,,,,,,,,,,,3.760290334013118,,,,,,,,,,,,,,,,0.1,0.2,214.3588810000002,157.35294210718374,95.05633837000016,,,,,,,,,,,,,,,,,,,,,,,,,,,,,,,,,,
leverage_cycle,,,,,,,,,,,,,,,,,,,,,,,0.21,,,,,,,,,,,,,,,,,,,,,,,,,,,,,,,,,,,,,,,,,,,,,,,,,,,,,,,,,,,4.050678058942427,,,,,,,,,,,,,,,,0.1,0.4,214.3588810000002,161.43962208067592,99.34351599000016,,,,,,,,,,,,,,,,,,,,,,,,,,,,,,,,,,
leverage_cycle,,,,,,,,,,,,,,,,,,,,,,,0.19,,,,,,,,,,,,,,,,,,,,,,,,,,,,,,,,,,,,,,,,,,,,,,,,,,,,,,,,,,,4.3896694712310715,,,,,,,,,,,,,,,,0.1,0.6,214.3588810000002,165.52630205416813,103.63069361000018,,,,,,,,,,,,,,,,,,,,,,,,,,,,,,,,,,
leverage_cycle,,,,,,,,,,,,,,,,,,,,,,,0.16999999999999998,,,,,,,,,,,,,,,,,,,,,,,,,,,,,,,,,,,,,,,,,,,,,,,,,,,,,,,,,,,4.790581615814853,,,,,,,,,,,,,,,,0.1,0.8,214.3588810000002,169.6129820276603,107.91787123000017,,,,,,,,,,,,,,,,,,,,,,,,,,,,,,,,,,
leverage_cycle,,,,,,,,,,,,,,,,,,,,,,,0.15,,,,,,,,,,,,,,,,,,,,,,,,,,,,,,,,,,,,,,,,,,,,,,,,,,,,,,,,,,,5.272085551030264,,,,,,,,,,,,,,,,0.1,1.0,214.3588810000002,173.6996620011525,112.20504885000017,,,,,,,,,,,,,,,,,,,,,,,,,,,,,,,,,,
leverage_cycle,,,,,,,,,,,,,,,,,,,,,,,0.22,,,,,,,,,,,,,,,,,,,,,,,,,,,,,,,,,,,,,,,,,,,,,,,,,,,,,,,,,,,3.687456755454782,,,,,,,,,,,,,,,,0.15,0.2,305.902286253906,222.94476117882797,168.6037832780467,,,,,,,,,,,,,,,,,,,,,,,,,,,,,,,,,,
leverage_cycle,,,,,,,,,,,,,,,,,,,,,,,0.19,,,,,,,,,,,,,,,,,,,,,,,,,,,,,,,,,,,,,,,,,,,,,,,,,,,,,,,,,,,4.11251115760394,,,,,,,,,,,,,,,,0.15,0.4,305.902286253906,231.51895341156234,177.7808518656639,,,,,,,,,,,,,,,,,,,,,,,,,,,,,,,,,,
leverage_cycle,,,,,,,,,,,,,,,,,,,,,,,0.16,,,,,,,,,,,,,,,,,,,,,,,,,,,,,,,,,,,,,,,,,,,,,,,,,,,,,,,,,,,4.648325193434282,,,,,,,,,,,,,,,,0.15,0.6,305.902286253906,240.09314564429673,186.95792045328108,,,,,,,,,,,,,,,,,,,,,,,,,,,,,,,,,,
leverage_cycle,,,,,,,,,,,,,,,,,,,,,,,0.13,,,,,,,,,,,,,,,,,,,,,,,,,,,,,,,,,,,,,,,,,,,,,,,,,,,,,,,,,,,5.3446765469173,,,,,,,,,,,,,,,,0.15,0.8,305.902286253906,248.66733787703106,196.13498904089823,,,,,,,,,,,,,,,,,,,,,,,,,,,,,,,,,,
leverage_cycle,,,,,,,,,,,,,,,,,,,,,,,0.1,,,,,,,,,,,,,,,,,,,,,,,,,,,,,,,,,,,,,,,,,,,,,,,,,,,,,,,,,,,6.286426897021017,,,,,,,,,,,,,,,,0.15,1.0,305.902286253906,257.24153010976545,205.31205762851545,,,,,,,,,,,,,,,,,,,,,,,,,,,,,,,,,,
dilution_effect,,,,,,,,,,,,,,,,,,,,,,,,,,,,,,,,,,,,,,,,,,,,,,,,,,,,,,,,,,,,,,,,,,,,,,,,,,,,,,,,,,,,,,,,,,,,,,,,,,,,,,,0.0,0.0,0.0,0.0,100.0,1.0,1.0,1.0,0.0,0.0,,,,,,,,,,,,,,,,,,,,,,,,
dilution_effect,,,,,,,,,,,,,,,,,,,,,,,,,,,,,,,,,,,,,,,,,,,,,,,,,,,,,,,,,,,,,,,,,,,,,,,,,,,,,,,,,,,,,,,,,,,,,,,,,,,,,,,0.0,0.02,0.0,0.0,100.0,1.0,1.0,1.0,0.0,0.0,,,,,,,,,,,,,,,,,,,,,,,,
dilution_effect,,,,,,,,,,,,,,,,,,,,,,,,,,,,,,,,,,,,,,,,,,,,,,,,,,,,,,,,,,,,,,,,,,,,,,,,,,,,,,,,,,,,,,,,,,,,,,,,,,,,,,,0.0,0.04,0.0,0.0,100.0,1.0,1.0,1.0,0.0,0.0,,,,,,,,,,,,,,,,,,,,,,,,
dilution_effect,,,,,,,,,,,,,,,,,,,,,,,,,,,,,,,,,,,,,,,,,,,,,,,,,,,,,,,,,,,,,,,,,,,,,,,,,,,,,,,,,,,,,,,,,,,,,,,,,,,,,,,0.0,0.06,0.0,0.0,100.0,1.0,1.0,1.0,0.0,0.0,,,,,,,,,,,,,,,,,,,,,,,,
dilution_effect,,,,,,,,,,,,,,,,,,,,,,,,,,,,,,,,,,,,,,,,,,,,,,,,,,,,,,,,,,,,,,,,,,,,,,,,,,,,,,,,,,,,,,,,,,,,,,,,,,,,,,,0.0,0.08,0.0,0.0,100.0,1.0,1.0,1.0,0.0,0.0,,,,,,,,,,,,,,,,,,,,,,,,
dilution_effect,,,,,,,,,,,,,,,,,,,,,,,,,,,,,,,,,,,,,,,,,,,,,,,,,,,,,,,,,,,,,,,,,,,,,,,,,,,,,,,,,,,,,,,,,,,,,,,,,,,,,,,10.0,0.0,200.0,0.0,110.0,0.9090909090909091,1.0,0.9090909090909091,-0.09090909090909094,-0.09090909090909094,,,,,,,,,,,,,,,,,,,,,,,,
dilution_effect,,,,,,,,,,,,,,,,,,,,,,,,,,,,,,,,,,,,,,,,,,,,,,,,,,,,,,,,,,,,,,,,,,,,,,,,,,,,,,,,,,,,,,,,,,,,,,,,,,,,,,,10.0,0.02,200.0,4.0,110.0,0.9090909090909091,1.0,0.9454545454545454,-0.054545454545454564,-0.09090909090909094,,,,,,,,,,,,,,,,,,,,,,,,
dilution_effect,,,,,,,,,,,,,,,,,,,,,,,,,,,,,,,,,,,,,,,,,,,,,,,,,,,,,,,,,,,,,,,,,,,,,,,,,,,,,,,,,,,,,,,,,,,,,,,,,,,,,,,10.0,0.04,200.0,8.0,110.0,0.9090909090909091,1.0,0.9818181818181818,-0.018181818181818188,-0.09090909090909094,,,,,,,,,,,,,,,,,,,,,,,,
dilution_effect,,,,,,,,,,,,,,,,,,,,,,,,,,,,,,,,,,,,,,,,,,,,,,,,,,,,,,,,,,,,,,,,,,,,,,,,,,,,,,,,,,,,,,,,,,,,,,,,,,,,,,,10.0,0.06,200.0,12.0,110.0,0.9090909090909091,1.0,1.018181818181818,0.018181818181818077,-0.09090909090909094,,,,,,,,,,,,,,,,,,,,,,,,
dilution_effect,,,,,,,,,,,,,,,,,,,,,,,,,,,,,,,,,,,,,,,,,,,,,,,,,,,,,,,,,,,,,,,,,,,,,,,,,,,,,,,,,,,,,,,,,,,,,,,,,,,,,,,10.0,0.08,200.0,16.0,110.0,0.9090909090909091,1.0,1.0545454545454545,0.05454545454545445,-0.09090909090909094,,,,,,,,,,,,,,,,,,,,,,,,
dilution_effect,,,,,,,,,,,,,,,,,,,,,,,,,,,,,,,,,,,,,,,,,,,,,,,,,,,,,,,,,,,,,,,,,,,,,,,,,,,,,,,,,,,,,,,,,,,,,,,,,,,,,,,20.0,0.0,400.0,0.0,120.0,0.8333333333333334,1.0,0.8333333333333334,-0.16666666666666663,-0.16666666666666663,,,,,,,,,,,,,,,,,,,,,,,,
dilution_effect,,,,,,,,,,,,,,,,,,,,,,,,,,,,,,,,,,,,,,,,,,,,,,,,,,,,,,,,,,,,,,,,,,,,,,,,,,,,,,,,,,,,,,,,,,,,,,,,,,,,,,,20.0,0.02,400.0,8.0,120.0,0.8333333333333334,1.0,0.9,-0.09999999999999998,-0.16666666666666663,,,,,,,,,,,,,,,,,,,,,,,,
dilution_effect,,,,,,,,,,,,,,,,,,,,,,,,,,,,,,,,,,,,,,,,,,,,,,,,,,,,,,,,,,,,,,,,,,,,,,,,,,,,,,,,,,,,,,,,,,,,,,,,,,,,,,,20.0,0.04,400.0,16.0,120.0,0.8333333333333334,1.0,0.9666666666666667,-0.033333333333333326,-0.16666666666666663,,,,,,,,,,,,,,,,,,,,,,,,
dilution_effect,,,,,,,,,,,,,,,,,,,,,,,,,,,,,,,,,,,,,,,,,,,,,,,,,,,,,,,,,,,,,,,,,,,,,,,,,,,,,,,,,,,,,,,,,,,,,,,,,,,,,,,20.0,0.06,400.0,24.0,120.0,0.8333333333333334,1.0,1.0333333333333334,0.03333333333333344,-0.16666666666666663,,,,,,,,,,,,,,,,,,,,,,,,
dilution_effect,,,,,,,,,,,,,,,,,,,,,,,,,,,,,,,,,,,,,,,,,,,,,,,,,,,,,,,,,,,,,,,,,,,,,,,,,,,,,,,,,,,,,,,,,,,,,,,,,,,,,,,20.0,0.08,400.0,32.0,120.0,0.8333333333333334,1.0,1.1,0.10000000000000009,-0.16666666666666663,,,,,,,,,,,,,,,,,,,,,,,,
dilution_effect,,,,,,,,,,,,,,,,,,,,,,,,,,,,,,,,,,,,,,,,,,,,,,,,,,,,,,,,,,,,,,,,,,,,,,,,,,,,,,,,,,,,,,,,,,,,,,,,,,,,,,,30.0,0.0,600.0,0.0,130.0,0.7692307692307693,1.0,0.7692307692307693,-0.23076923076923073,-0.23076923076923073,,,,,,,,,,,,,,,,,,,,,,,,
dilution_effect,,,,,,,,,,,,,,,,,,,,,,,,,,,,,,,,,,,,,,,,,,,,,,,,,,,,,,,,,,,,,,,,,,,,,,,,,,,,,,,,,,,,,,,,,,,,,,,,,,,,,,,30.0,0.02,600.0,12.0,130.0,0.7692307692307693,1.0,0.8615384615384616,-0.1384615384615384,-0.23076923076923073,,,,,,,,,,,,,,,,,,,,,,,,
dilution_effect,,,,,,,,,,,,,,,,,,,,,,,,,,,,,,,,,,,,,,,,,,,,,,,,,,,,,,,,,,,,,,,,,,,,,,,,,,,,,,,,,,,,,,,,,,,,,,,,,,,,,,,30.0,0.04,600.0,24.0,130.0,0.7692307692307693,1.0,0.9538461538461539,-0.0461538461538461,-0.23076923076923073,,,,,,,,,,,,,,,,,,,,,,,,
dilution_effect,,,,,,,,,,,,,,,,,,,,,,,,,,,,,,,,,,,,,,,,,,,,,,,,,,,,,,,,,,,,,,,,,,,,,,,,,,,,,,,,,,,,,,,,,,,,,,,,,,,,,,,30.0,0.06,600.0,36.0,130.0,0.7692307692307693,1.0,1.0461538461538462,0.04615384615384621,-0.23076923076923073,,,,,,,,,,,,,,,,,,,,,,,,
dilution_effect,,,,,,,,,,,,,,,,,,,,,,,,,,,,,,,,,,,,,,,,,,,,,,,,,,,,,,,,,,,,,,,,,,,,,,,,,,,,,,,,,,,,,,,,,,,,,,,,,,,,,,,30.0,0.08,600.0,48.0,130.0,0.7692307692307693,1.0,1.1384615384615384,0.1384615384615384,-0.23076923076923073,,,,,,,,,,,,,,,,,,,,,,,,
dilution_effect,,,,,,,,,,,,,,,,,,,,,,,,,,,,,,,,,,,,,,,,,,,,,,,,,,,,,,,,,,,,,,,,,,,,,,,,,,,,,,,,,,,,,,,,,,,,,,,,,,,,,,,40.0,0.0,800.0,0.0,140.0,0.7142857142857143,1.0,0.7142857142857143,-0.2857142857142857,-0.2857142857142857,,,,,,,,,,,,,,,,,,,,,,,,
dilution_effect,,,,,,,,,,,,,,,,,,,,,,,,,,,,,,,,,,,,,,,,,,,,,,,,,,,,,,,,,,,,,,,,,,,,,,,,,,,,,,,,,,,,,,,,,,,,,,,,,,,,,,,40.0,0.02,800.0,16.0,140.0,0.7142857142857143,1.0,0.8285714285714286,-0.17142857142857137,-0.2857142857142857,,,,,,,,,,,,,,,,,,,,,,,,
dilution_effect,,,,,,,,,,,,,,,,,,,,,,,,,,,,,,,,,,,,,,,,,,,,,,,,,,,,,,,,,,,,,,,,,,,,,,,,,,,,,,,,,,,,,,,,,,,,,,,,,,,,,,,40.0,0.04,800.0,32.0,140.0,0.7142857142857143,1.0,0.9428571428571428,-0.05714285714285716,-0.2857142857142857,,,,,,,,,,,,,,,,,,,,,,,,
dilution_effect,,,,,,,,,,,,,,,,,,,,,,,,,,,,,,,,,,,,,,,,,,,,,,,,,,,,,,,,,,,,,,,,,,,,,,,,,,,,,,,,,,,,,,,,,,,,,,,,,,,,,,,40.0,0.06,800.0,48.0,140.0,0.7142857142857143,1.0,1.0571428571428572,0.05714285714285716,-0.2857142857142857,,,,,,,,,,,,,,,,,,,,,,,,
dilution_effect,,,,,,,,,,,,,,,,,,,,,,,,,,,,,,,,,,,,,,,,,,,,,,,,,,,,,,,,,,,,,,,,,,,,,,,,,,,,,,,,,,,,,,,,,,,,,,,,,,,,,,,40.0,0.08,800.0,64.0,140.0,0.7142857142857143,1.0,1.1714285714285715,0.17142857142857149,-0.2857142857142857,,,,,,,,,,,,,,,,,,,,,,,,
dilution_effect,,,,,,,,,,,,,,,,,,,,,,,,,,,,,,,,,,,,,,,,,,,,,,,,,,,,,,,,,,,,,,,,,,,,,,,,,,,,,,,,,,,,,,,,,,,,,,,,,,,,,,,50.0,0.0,1000.0,0.0,150.0,0.6666666666666666,1.0,0.6666666666666666,-0.33333333333333337,-0.33333333333333337,,,,,,,,,,,,,,,,,,,,,,,,
dilution_effect,,,,,,,,,,,,,,,,,,,,,,,,,,,,,,,,,,,,,,,,,,,,,,,,,,,,,,,,,,,,,,,,,,,,,,,,,,,,,,,,,,,,,,,,,,,,,,,,,,,,,,,50.0,0.02,1000.0,20.0,150.0,0.6666666666666666,1.0,0.8,-0.19999999999999996,-0.33333333333333337,,,,,,,,,,,,,,,,,,,,,,,,
dilution_effect,,,,,,,,,,,,,,,,,,,,,,,,,,,,,,,,,,,,,,,,,,,,,,,,,,,,,,,,,,,,,,,,,,,,,,,,,,,,,,,,,,,,,,,,,,,,,,,,,,,,,,,50.0,0.04,1000.0,40.0,150.0,0.6666666666666666,1.0,0.9333333333333333,-0.06666666666666665,-0.33333333333333337,,,,,,,,,,,,,,,,,,,,,,,,
dilution_effect,,,,,,,,,,,,,,,,,,,,,,,,,,,,,,,,,,,,,,,,,,,,,,,,,,,,,,,,,,,,,,,,,,,,,,,,,,,,,,,,,,,,,,,,,,,,,,,,,,,,,,,50.0,0.06,1000.0,60.0,150.0,0.6666666666666666,1.0,1.0666666666666667,0.06666666666666665,-0.33333333333333337,,,,,,,,,,,,,,,,,,,,,,,,
dilution_effect,,,,,,,,,,,,,,,,,,,,,,,,,,,,,,,,,,,,,,,,,,,,,,,,,,,,,,,,,,,,,,,,,,,,,,,,,,,,,,,,,,,,,,,,,,,,,,,,,,,,,,,50.0,0.08,1000.0,80.0,150.0,0.6666666666666666,1.0,1.2,0.19999999999999996,-0.33333333333333337,,,,,,,,,,,,,,,,,,,,,,,,
ma_accretion_dilution,,,,,,,,,,,,,,,,,,,,,,,,,,,,,,,,,,,,,,,,,,,,,,,,,,,,,,,,,,,,,,,,,,,,,,,,,,,,,,,,,,,,,,,,,,,,,,,,,,,,,,,,,,,103.0,,,,,,300.0,0.0,250.0,24.0,0.0,8.1,265.9,2.581553398058252,0.032621359223300894,0.0,,,,,,,,,,,,,,
ma_accretion_dilution,,,,,,,,,,,,,,,,,,,,,,,,,,,,,,,,,,,,,,,,,,,,,,,,,,,,,,,,,,,,,,,,,,,,,,,,,,,,,,,,,,,,,,,,,,,,,,,,,,,,,,,,,,,103.0,,,,,,300.0,10.0,250.0,24.0,7.5,8.1,273.4,2.654368932038835,0.06174757281553389,0.0,,,,,,,,,,,,,,
ma_accretion_dilution,,,,,,,,,,,,,,,,,,,,,,,,,,,,,,,,,,,,,,,,,,,,,,,,,,,,,,,,,,,,,,,,,,,,,,,,,,,,,,,,,,,,,,,,,,,,,,,,,,,,,,,,,,,103.0,,,,,,300.0,20.0,250.0,24.0,15.0,8.1,280.9,2.727184466019417,0.09087378640776689,0.0,,,,,,,,,,,,,,
ma_accretion_dilution,,,,,,,,,,,,,,,,,,,,,,,,,,,,,,,,,,,,,,,,,,,,,,,,,,,,,,,,,,,,,,,,,,,,,,,,,,,,,,,,,,,,,,,,,,,,,,,,,,,,,,,,,,,103.0,,,,,,300.0,30.0,250.0,24.0,22.5,8.1,288.4,2.8,0.11999999999999988,0.0,,,,,,,,,,,,,,
ma_accretion_dilution,,,,,,,,,,,,,,,,,,,,,,,,,,,,,,,,,,,,,,,,,,,,,,,,,,,,,,,,,,,,,,,,,,,,,,,,,,,,,,,,,,,,,,,,,,,,,,,,,,,,,,,,,,,103.0,,,,,,300.0,40.0,250.0,24.0,30.0,8.1,295.9,2.872815533980582,0.14912621359223288,0.0,,,,,,,,,,,,,,
ma_accretion_dilution,,,,,,,,,,,,,,,,,,,,,,,,,,,,,,,,,,,,,,,,,,,,,,,,,,,,,,,,,,,,,,,,,,,,,,,,,,,,,,,,,,,,,,,,,,,,,,,,,,,,,,,,,,,103.0,,,,,,300.0,50.0,250.0,24.0,37.5,8.1,303.4,2.945631067961165,0.17825242718446588,0.0,,,,,,,,,,,,,,
ma_accretion_dilution,,,,,,,,,,,,,,,,,,,,,,,,,,,,,,,,,,,,,,,,,,,,,,,,,,,,,,,,,,,,,,,,,,,,,,,,,,,,,,,,,,,,,,,,,,,,,,,,,,,,,,,,,,,103.5,,,,,,350.0,0.0,250.0,24.0,0.0,9.45,264.55,2.5560386473429952,0.022415458937198096,0.0,,,,,,,,,,,,,,
ma_accretion_dilution,,,,,,,,,,,,,,,,,,,,,,,,,,,,,,,,,,,,,,,,,,,,,,,,,,,,,,,,,,,,,,,,,,,,,,,,,,,,,,,,,,,,,,,,,,,,,,,,,,,,,,,,,,,103.5,,,,,,350.0,10.0,250.0,24.0,7.5,9.45,272.05,2.628502415458937,0.051400966183574814,0.0,,,,,,,,,,,,,,
ma_accretion_dilution,,,,,,,,,,,,,,,,,,,,,,,,,,,,,,,,,,,,,,,,,,,,,,,,,,,,,,,,,,,,,,,,,,,,,,,,,,,,,,,,,,,,,,,,,,,,,,,,,,,,,,,,,,,103.5,,,,,,350.0,20.0,250.0,24.0,15.0,9.45,279.55,2.7009661835748795,0.08038647342995175,0.0,,,,,,,,,,,,,,
ma_accretion_dilution,,,,,,,,,,,,,,,,,,,,,,,,,,,,,,,,,,,,,,,,,,,,,,,,,,,,,,,,,,,,,,,,,,,,,,,,,,,,,,,,,,,,,,,,,,,,,,,,,,,,,,,,,,,103.5,,,,,,350.0,30.0,250.0,24.0,22.5,9.45,287.05,2.7734299516908214,0.10937198067632847,0.0,,,,,,,,,,,,,,
ma_accretion_dilution,,,,,,,,,,,,,,,,,,,,,,,,,,,,,,,,,,,,,,,,,,,,,,,,,,,,,,,,,,,,,,,,,,,,,,,,,,,,,,,,,,,,,,,,,,,,,,,,,,,,,,,,,,,103.5,,,,,,350.0,40.0,250.0,24.0,30.0,9.45,294.55,2.8458937198067633,0.1383574879227054,0.0,,,,,,,,,,,,,,
ma_accretion_dilution,,,,,,,,,,,,,,,,,,,,,,,,,,,,,,,,,,,,,,,,,,,,,,,,,,,,,,,,,,,,,,,,,,,,,,,,,,,,,,,,,,,,,,,,,,,,,,,,,,,,,,,,,,,103.5,,,,,,350.0,50.0,250.0,24.0,37.5,9.45,302.05,2.918357487922705,0.16734299516908213,0.0,,,,,,,,,,,,,,
ma_accretion_dilution,,,,,,,,,,,,,,,,,,,,,,,,,,,,,,,,,,,,,,,,,,,,,,,,,,,,,,,,,,,,,,,,,,,,,,,,,,,,,,,,,,,,,,,,,,,,,,,,,,,,,,,,,,,104.0,,,,,,400.0,0.0,250.0,24.0,0.0,10.799999999999999,263.2,2.5307692307692307,0.012307692307692353,0.0,,,,,,,,,,,,,,
ma_accretion_dilution,,,,,,,,,,,,,,,,,,,,,,,,,,,,,,,,,,,,,,,,,,,,,,,,,,,,,,,,,,,,,,,,,,,,,,,,,,,,,,,,,,,,,,,,,,,,,,,,,,,,,,,,,,,104.0,,,,,,400.0,10.0,250.0,24.0,7.5,10.799999999999999,270.7,2.6028846153846152,0.041153846153846096,0.0,,,,,,,,,,,,,,
ma_accretion_dilution,,,,,,,,,,,,,,,,,,,,,,,,,,,,,,,,,,,,,,,,,,,,,,,,,,,,,,,,,,,,,,,,,,,,,,,,,,,,,,,,,,,,,,,,,,,,,,,,,,,,,,,,,,,104.0,,,,,,400.0,20.0,250.0,24.0,15.0,10.799999999999999,278.2,2.675,0.06999999999999984,0.0,,,,,,,,,,,,,,
ma_accretion_dilution,,,,,,,,,,,,,,,,,,,,,,,,,,,,,,,,,,,,,,,,,,,,,,,,,,,,,,,,,,,,,,,,,,,,,,,,,,,,,,,,,,,,,,,,,,,,,,,,,,,,,,,,,,,104.0,,,,,,400.0,30.0,250.0,24.0,22.5,10.799999999999999,285.7,2.7471153846153844,0.0988461538461538,0.0,,,,,,,,,,,,,,
ma_accretion_dilution,,,,,,,,,,,,,,,,,,,,,,,,,,,,,,,,,,,,,,,,,,,,,,,,,,,,,,,,,,,,,,,,,,,,,,,,,,,,,,,,,,,,,,,,,,,,,,,,,,,,,,,,,,,104.0,,,,,,400.0,40.0,250.0,24.0,30.0,10.799999999999999,293.2,2.819230769230769,0.12769230769230755,0.0,,,,,,,,,,,,,,
ma_accretion_dilution,,,,,,,,,,,,,,,,,,,,,,,,,,,,,,,,,,,,,,,,,,,,,,,,,,,,,,,,,,,,,,,,,,,,,,,,,,,,,,,,,,,,,,,,,,,,,,,,,,,,,,,,,,,104.0,,,,,,400.0,50.0,250.0,24.0,37.5,10.799999999999999,300.7,2.8913461538461536,0.15653846153846152,0.0,,,,,,,,,,,,,,
ma_accretion_dilution,,,,,,,,,,,,,,,,,,,,,,,,,,,,,,,,,,,,,,,,,,,,,,,,,,,,,,,,,,,,,,,,,,,,,,,,,,,,,,,,,,,,,,,,,,,,,,,,,,,,,,,,,,,104.5,,,,,,450.0,0.0,250.0,24.0,0.0,12.149999999999999,261.85,2.5057416267942587,0.0022966507177035744,0.0,,,,,,,,,,,,,,
ma_accretion_dilution,,,,,,,,,,,,,,,,,,,,,,,,,,,,,,,,,,,,,,,,,,,,,,,,,,,,,,,,,,,,,,,,,,,,,,,,,,,,,,,,,,,,,,,,,,,,,,,,,,,,,,,,,,,104.5,,,,,,450.0,10.0,250.0,24.0,7.5,12.149999999999999,269.35,2.577511961722488,0.031004784688995368,0.0,,,,,,,,,,,,,,
ma_accretion_dilution,,,,,,,,,,,,,,,,,,,,,,,,,,,,,,,,,,,,,,,,,,,,,,,,,,,,,,,,,,,,,,,,,,,,,,,,,,,,,,,,,,,,,,,,,,,,,,,,,,,,,,,,,,,104.5,,,,,,450.0,20.0,250.0,24.0,15.0,12.149999999999999,276.85,2.649282296650718,0.05971291866028716,0.0,,,,,,,,,,,,,,
ma_accretion_dilution,,,,,,,,,,,,,,,,,,,,,,,,,,,,,,,,,,,,,,,,,,,,,,,,,,,,,,,,,,,,,,,,,,,,,,,,,,,,,,,,,,,,,,,,,,,,,,,,,,,,,,,,,,,104.5,,,,,,450.0,30.0,250.0,24.0,22.5,12.149999999999999,284.35,2.7210526315789476,0.08842105263157896,0.0,,,,,,,,,,,,,,
ma_accretion_dilution,,,,,,,,,,,,,,,,,,,,,,,,,,,,,,,,,,,,,,,,,,,,,,,,,,,,,,,,,,,,,,,,,,,,,,,,,,,,,,,,,,,,,,,,,,,,,,,,,,,,,,,,,,,104.5,,,,,,450.0,40.0,250.0,24.0,30.0,12.149999999999999,291.85,2.792822966507177,0.11712918660287075,0.0,,,,,,,,,,,,,,
ma_accretion_dilution,,,,,,,,,,,,,,,,,,,,,,,,,,,,,,,,,,,,,,,,,,,,,,,,,,,,,,,,,,,,,,,,,,,,,,,,,,,,,,,,,,,,,,,,,,,,,,,,,,,,,,,,,,,104.5,,,,,,450.0,50.0,250.0,24.0,37.5,12.149999999999999,299.35,2.864593301435407,0.14583732057416277,0.0,,,,,,,,,,,,,,
ma_accretion_dilution,,,,,,,,,,,,,,,,,,,,,,,,,,,,,,,,,,,,,,,,,,,,,,,,,,,,,,,,,,,,,,,,,,,,,,,,,,,,,,,,,,,,,,,,,,,,,,,,,,,,,,,,,,,105.0,,,,,,500.0,0.0,250.0,24.0,0.0,13.5,260.5,2.480952380952381,-0.007619047619047636,0.0,,,,,,,,,,,,,,
ma_accretion_dilution,,,,,,,,,,,,,,,,,,,,,,,,,,,,,,,,,,,,,,,,,,,,,,,,,,,,,,,,,,,,,,,,,,,,,,,,,,,,,,,,,,,,,,,,,,,,,,,,,,,,,,,,,,,105.0,,,,,,500.0,10.0,250.0,24.0,7.5,13.5,268.0,2.552380952380952,0.020952380952380834,0.0,,,,,,,,,,,,,,
ma_accretion_dilution,,,,,,,,,,,,,,,,,,,,,,,,,,,,,,,,,,,,,,,,,,,,,,,,,,,,,,,,,,,,,,,,,,,,,,,,,,,,,,,,,,,,,,,,,,,,,,,,,,,,,,,,,,,105.0,,,,,,500.0,20.0,250.0,24.0,15.0,13.5,275.5,2.623809523809524,0.049523809523809526,0.0,,,,,,,,,,,,,,
ma_accretion_dilution,,,,,,,,,,,,,,,,,,,,,,,,,,,,,,,,,,,,,,,,,,,,,,,,,,,,,,,,,,,,,,,,,,,,,,,,,,,,,,,,,,,,,,,,,,,,,,,,,,,,,,,,,,,105.0,,,,,,500.0,30.0,250.0,24.0,22.5,13.5,283.0,2.6952380952380954,0.07809523809523822,0.0,,,,,,,,,,,,,,
ma_accretion_dilution,,,,,,,,,,,,,,,,,,,,,,,,,,,,,,,,,,,,,,,,,,,,,,,,,,,,,,,,,,,,,,,,,,,,,,,,,,,,,,,,,,,,,,,,,,,,,,,,,,,,,,,,,,,105.0,,,,,,500.0,40.0,250.0,24.0,30.0,13.5,290.5,2.7666666666666666,0.10666666666666669,0.0,,,,,,,,,,,,,,
ma_accretion_dilution,,,,,,,,,,,,,,,,,,,,,,,,,,,,,,,,,,,,,,,,,,,,,,,,,,,,,,,,,,,,,,,,,,,,,,,,,,,,,,,,,,,,,,,,,,,,,,,,,,,,,,,,,,,105.0,,,,,,500.0,50.0,250.0,24.0,37.5,13.5,298.0,2.8380952380952382,0.13523809523809538,0.0,,,,,,,,,,,,,,
ma_accretion_dilution,,,,,,,,,,,,,,,,,,,,,,,,,,,,,,,,,,,,,,,,,,,,,,,,,,,,,,,,,,,,,,,,,,,,,,,,,,,,,,,,,,,,,,,,,,,,,,,,,,,,,,,,,,,105.5,,,,,,550.0,0.0,250.0,24.0,0.0,14.850000000000001,259.15,2.4563981042654026,-0.017440758293838954,0.0,,,,,,,,,,,,,,
ma_accretion_dilution,,,,,,,,,,,,,,,,,,,,,,,,,,,,,,,,,,,,,,,,,,,,,,,,,,,,,,,,,,,,,,,,,,,,,,,,,,,,,,,,,,,,,,,,,,,,,,,,,,,,,,,,,,,105.5,,,,,,550.0,10.0,250.0,24.0,7.5,14.850000000000001,266.65,2.5274881516587677,0.01099526066350709,0.0,,,,,,,,,,,,,,
ma_accretion_dilution,,,,,,,,,,,,,,,,,,,,,,,,,,,,,,,,,,,,,,,,,,,,,,,,,,,,,,,,,,,,,,,,,,,,,,,,,,,,,,,,,,,,,,,,,,,,,,,,,,,,,,,,,,,105.5,,,,,,550.0,20.0,250.0,24.0,15.0,14.850000000000001,274.15,2.5985781990521324,0.03943127962085291,0.0,,,,,,,,,,,,,,
ma_accretion_dilution,,,,,,,,,,,,,,,,,,,,,,,,,,,,,,,,,,,,,,,,,,,,,,,,,,,,,,,,,,,,,,,,,,,,,,,,,,,,,,,,,,,,,,,,,,,,,,,,,,,,,,,,,,,105.5,,,,,,550.0,30.0,250.0,24.0,22.5,14.850000000000001,281.65,2.6696682464454975,0.06786729857819895,0.0,,,,,,,,,,,,,,
ma_accretion_dilution,,,,,,,,,,,,,,,,,,,,,,,,,,,,,,,,,,,,,,,,,,,,,,,,,,,,,,,,,,,,,,,,,,,,,,,,,,,,,,,,,,,,,,,,,,,,,,,,,,,,,,,,,,,105.5,,,,,,550.0,40.0,250.0,24.0,30.0,14.850000000000001,289.15,2.740758293838862,0.09630331753554477,0.0,,,,,,,,,,,,,,
ma_accretion_dilution,,,,,,,,,,,,,,,,,,,,,,,,,,,,,,,,,,,,,,,,,,,,,,,,,,,,,,,,,,,,,,,,,,,,,,,,,,,,,,,,,,,,,,,,,,,,,,,,,,,,,,,,,,,105.5,,,,,,550.0,50.0,250.0,24.0,37.5,14.850000000000001,296.65,2.8118483412322273,0.12473933649289082,0.0,,,,,,,,,,,,,,
compound_interest,,,,,,,,,,,,,,,,,,,,,,,,,,,,,,,,,,,,,,,,,,,,,,,,,,,,,,,,,,,,,,,,,,,,,,,,,,,,,,,,,,,,,,,,,,,,,,,,,,,,,,,,,,,,,,,,,,,,,,,,,,,5.0,0.02,21558.681918390423,11050.78926530822,10507.892653082205,20000.0,1558.6819183904227,0.020184355681501787,,,,,,
compound_interest,,,,,,,,,,,,,,,,,,,,,,,,,,,,,,,,,,,,,,,,,,,,,,,,,,,,,,,,,,,,,,,,,,,,,,,,,,,,,,,,,,,,,,,,,,,,,,,,,,,,,,,,,,,,,,,,,,,,,,,,,,,5.0,0.04,23259.795636527284,12209.965939421214,11049.829697106072,20000.0,3259.795636527284,0.040741542919790596,,,,,,
compound_interest,,,,,,,,,,,,,,,,,,,,,,,,,,,,,,,,,,,,,,,,,,,,,,,,,,,,,,,,,,,,,,,,,,,,,,,,,,,,,,,,,,,,,,,,,,,,,,,,,,,,,,,,,,,,,,,,,,,,,,,,,,,5.0,0.06,25116.839943803323,13488.501525493075,11628.33841831025,20000.0,5116.839943803323,0.06167781186449828,,,,,,
compound_interest,,,,,,,,,,,,,,,,,,,,,,,,,,,,,,,,,,,,,,,,,,,,,,,,,,,,,,,,,,,,,,,,,,,,,,,,,,,,,,,,,,,,,,,,,,,,,,,,,,,,,,,,,,,,,,,,,,,,,,,,,,,5.0,0.08,27144.599790556174,14898.45708301605,12246.142707540124,20000.0,7144.599790556174,0.08299950680750978,,,,,,
compound_interest,,,,,,,,,,,,,,,,,,,,,,,,,,,,,,,,,,,,,,,,,,,,,,,,,,,,,,,,,,,,,,,,,,,,,,,,,,,,,,,,,,,,,,,,,,,,,,,,,,,,,,,,,,,,,,,,,,,,,,,,,,,5.0,0.1,29359.268043357566,16453.089347785855,12906.178695571709,20000.0,9359.268043357566,0.10471306744129683,,,,,,
compound_interest,,,,,,,,,,,,,,,,,,,,,,,,,,,,,,,,,,,,,,,,,,,,,,,,,,,,,,,,,,,,,,,,,,,,,,,,,,,,,,,,,,,,,,,,,,,,,,,,,,,,,,,,,,,,,,,,,,,,,,,,,,,10.0,0.02,34331.937724876545,12211.99433862514,22119.943386251405,30000.0,4331.937724876545,0.020184355681501787,,,,,,
compound_interest,,,,,,,,,,,,,,,,,,,,,,,,,,,,,,,,,,,,,,,,,,,,,,,,,,,,,,,,,,,,,,,,,,,,,,,,,,,,,,,,,,,,,,,,,,,,,,,,,,,,,,,,,,,,,,,,,,,,,,,,,,,10.0,0.04,39449.96094509572,14908.32682418262,24541.6341209131,30000.0,9449.960945095721,0.040741542919790596,,,,,,
compound_interest,,,,,,,,,,,,,,,,,,,,,,,,,,,,,,,,,,,,,,,,,,,,,,,,,,,,,,,,,,,,,,,,,,,,,,,,,,,,,,,,,,,,,,,,,,,,,,,,,,,,,,,,,,,,,,,,,,,,,,,,,,,10.0,0.06,45507.1918080659,18193.9673403229,27313.224467743003,30000.0,15507.191808065902,0.06167781186449828,,,,,,
compound_interest,,,,,,,,,,,,,,,,,,,,,,,,,,,,,,,,,,,,,,,,,,,,,,,,,,,,,,,,,,,,,,,,,,,,,,,,,,,,,,,,,,,,,,,,,,,,,,,,,,,,,,,,,,,,,,,,,,,,,,,,,,,10.0,0.08,52687.40820906487,22196.40234544711,30491.005863617767,30000.0,22687.408209064874,0.08299950680750978,,,,,,
compound_interest,,,,,,,,,,,,,,,,,,,,,,,,,,,,,,,,,,,,,,,,,,,,,,,,,,,,,,,,,,,,,,,,,,,,,,,,,,,,,,,,,,,,,,,,,,,,,,,,,,,,,,,,,,,,,,,,,,,,,,,,,,,10.0,0.1,61211.244725867306,27070.414908622435,34140.82981724487,30000.0,31211.244725867306,0.10471306744129683,,,,,,
compound_interest,,,,,,,,,,,,,,,,,,,,,,,,,,,,,,,,,,,,,,,,,,,,,,,,,,,,,,,,,,,,,,,,,,,,,,,,,,,,,,,,,,,,,,,,,,,,,,,,,,,,,,,,,,,,,,,,,,,,,,,,,,,15.0,0.02,48447.393539811805,13495.217594528345,34952.17594528346,40000.0,8447.393539811805,0.020184355681501787,,,,,,
compound_interest,,,,,,,,,,,,,,,,,,,,,,,,,,,,,,,,,,,,,,,,,,,,,,,,,,,,,,,,,,,,,,,,,,,,,,,,,,,,,,,,,,,,,,,,,,,,,,,,,,,,,,,,,,,,,,,,,,,,,,,,,,,15.0,0.04,59218.09764221767,18203.016273702946,41015.08136851472,40000.0,19218.097642217668,0.040741542919790596,,,,,,
compound_interest,,,,,,,,,,,,,,,,,,,,,,,,,,,,,,,,,,,,,,,,,,,,,,,,,,,,,,,,,,,,,,,,,,,,,,,,,,,,,,,,,,,,,,,,,,,,,,,,,,,,,,,,,,,,,,,,,,,,,,,,,,,15.0,0.06,73010.72103071054,24540.935622471665,48469.78540823888,40000.0,33010.72103071054,0.06167781186449828,,,,,,
compound_interest,,,,,,,,,,,,,,,,,,,,,,,,,,,,,,,,,,,,,,,,,,,,,,,,,,,,,,,,,,,,,,,,,,,,,,,,,,,,,,,,,,,,,,,,,,,,,,,,,,,,,,,,,,,,,,,,,,,,,,,,,,,15.0,0.08,90742.25170935018,33069.21477410005,57673.03693525013,40000.0,50742.25170935018,0.08299950680750978,,,,,,
compound_interest,,,,,,,,,,,,,,,,,,,,,,,,,,,,,,,,,,,,,,,,,,,,,,,,,,,,,,,,,,,,,,,,,,,,,,,,,,,,,,,,,,,,,,,,,,,,,,,,,,,,,,,,,,,,,,,,,,,,,,,,,,,15.0,0.1,113617.58655195974,44539.19551731992,69078.39103463983,40000.0,73617.58655195974,0.10471306744129683,,,,,,
compound_interest,,,,,,,,,,,,,,,,,,,,,,,,,,,,,,,,,,,,,,,,,,,,,,,,,,,,,,,,,,,,,,,,,,,,,,,,,,,,,,,,,,,,,,,,,,,,,,,,,,,,,,,,,,,,,,,,,,,,,,,,,,,20.0,0.02,64046.08629927372,14913.280572661248,49132.80572661247,50000.0,14046.086299273717,0.020184355681501787,,,,,,
compound_interest,,,,,,,,,,,,,,,,,,,,,,,,,,,,,,,,,,,,,,,,,,,,,,,,,,,,,,,,,,,,,,,,,,,,,,,,,,,,,,,,,,,,,,,,,,,,,,,,,,,,,,,,,,,,,,,,,,,,,,,,,,,20.0,0.04,83354.92521798583,22225.820869664305,61129.104348321525,50000.0,33354.92521798583,0.040741542919790596,,,,,,
compound_interest,,,,,,,,,,,,,,,,,,,,,,,,,,,,,,,,,,,,,,,,,,,,,,,,,,,,,,,,,,,,,,,,,,,,,,,,,,,,,,,,,,,,,,,,,,,,,,,,,,,,,,,,,,,,,,,,,,,,,,,,,,,20.0,0.06,110108.86061831909,33102.044758073636,77006.81586024545,50000.0,60108.860618319086,0.06167781186449828,,,,,,
compound_interest,,,,,,,,,,,,,,,,,,,,,,,,,,,,,,,,,,,,,,,,,,,,,,,,,,,,,,,,,,,,,,,,,,,,,,,,,,,,,,,,,,,,,,,,,,,,,,,,,,,,,,,,,,,,,,,,,,,,,,,,,,,20.0,0.08,147438.09697833945,49268.02770809699,98170.06927024247,50000.0,97438.09697833945,0.08299950680750978,,,,,,
compound_interest,,,,,,,,,,,,,,,,,,,,,,,,,,,,,,,,,,,,,,,,,,,,,,,,,,,,,,,,,,,,,,,,,,,,,,,,,,,,,,,,,,,,,,,,,,,,,,,,,,,,,,,,,,,,,,,,,,,,,,,,,,,20.0,0.1,199842.20899749035,73280.73633249679,126561.47266499358,50000.0,149842.20899749035,0.10471306744129683,,,,,,
compound_interest,,,,,,,,,,,,,,,,,,,,,,,,,,,,,,,,,,,,,,,,,,,,,,,,,,,,,,,,,,,,,,,,,,,,,,,,,,,,,,,,,,,,,,,,,,,,,,,,,,,,,,,,,,,,,,,,,,,,,,,,,,,25.0,0.02,81283.87294918398,16480.352086289455,64803.520862894526,60000.0,21283.872949183977,0.020184355681501787,,,,,,
compound_interest,,,,,,,,,,,,,,,,,,,,,,,,,,,,,,,,,,,,,,,,,,,,,,,,,,,,,,,,,,,,,,,,,,,,,,,,,,,,,,,,,,,,,,,,,,,,,,,,,,,,,,,,,,,,,,,,,,,,,,,,,,,25.0,0.04,112825.90947656702,27137.65157942784,85688.25789713918,60000.0,52825.909476567016,0.040741542919790596,,,,,,
compound_interest,,,,,,,,,,,,,,,,,,,,,,,,,,,,,,,,,,,,,,,,,,,,,,,,,,,,,,,,,,,,,,,,,,,,,,,,,,,,,,,,,,,,,,,,,,,,,,,,,,,,,,,,,,,,,,,,,,,,,,,,,,,25.0,0.06,160148.6918603604,44649.69812162163,115498.99373873878,60000.0,100148.69186036041,0.06167781186449828,,,,,,
compound_interest,,,,,,,,,,,,,,,,,,,,,,,,,,,,,,,,,,,,,,,,,,,,,,,,,,,,,,,,,,,,,,,,,,,,,,,,,,,,,,,,,,,,,,,,,,,,,,,,,,,,,,,,,,,,,,,,,,,,,,,,,,,25.0,0.08,231906.158730875,73401.75963739285,158504.39909348215,60000.0,171906.158730875,0.08299950680750978,,,,,,
compound_interest,,,,,,,,,,,,,,,,,,,,,,,,,,,,,,,,,,,,,,,,,,,,,,,,,,,,,,,,,,,,,,,,,,,,,,,,,,,,,,,,,,,,,,,,,,,,,,,,,,,,,,,,,,,,,,,,,,,,,,,,,,,25.0,0.1,341708.350705032,120569.45023501066,221138.90047002133,60000.0,281708.350705032,0.10471306744129683,,,,,,
compound_interest,,,,,,,,,,,,,,,,,,,,,,,,,,,,,,,,,,,,,,,,,,,,,,,,,,,,,,,,,,,,,,,,,,,,,,,,,,,,,,,,,,,,,,,,,,,,,,,,,,,,,,,,,,,,,,,,,,,,,,,,,,,30.0,0.02,100332.98771603417,18212.089792366743,82120.89792366742,70000.0,30332.98771603417,0.020184355681501787,,,,,,
compound_interest,,,,,,,,,,,,,,,,,,,,,,,,,,,,,,,,,,,,,,,,,,,,,,,,,,,,,,,,,,,,,,,,,,,,,,,,,,,,,,,,,,,,,,,,,,,,,,,,,,,,,,,,,,,,,,,,,,,,,,,,,,,30.0,0.04,148809.88087641652,33134.98014606942,115674.9007303471,70000.0,78809.88087641652,0.040741542919790596,,,,,,
compound_interest,,,,,,,,,,,,,,,,,,,,,,,,,,,,,,,,,,,,,,,,,,,,,,,,,,,,,,,,,,,,,,,,,,,,,,,,,,,,,,,,,,,,,,,,,,,,,,,,,,,,,,,,,,,,,,,,,,,,,,,,,,,30.0,0.06,227644.92586472942,60225.75212262986,167419.17374209955,70000.0,157644.92586472942,0.06167781186449828,,,,,,
compound_interest,,,,,,,,,,,,,,,,,,,,,,,,,,,,,,,,,,,,,,,,,,,,,,,,,,,,,,,,,,,,,,,,,,,,,,,,,,,,,,,,,,,,,,,,,,,,,,,,,,,,,,,,,,,,,,,,,,,,,,,,,,,30.0,0.08,357750.53802144504,109357.29657755572,248393.2414438893,70000.0,287750.53802144504,0.08299950680750978,,,,,,
compound_interest,,,,,,,,,,,,,,,,,,,,,,,,,,,,,,,,,,,,,,,,,,,,,,,,,,,,,,,,,,,,,,,,,,,,,,,,,,,,,,,,,,,,,,,,,,,,,,,,,,,,,,,,,,,,,,,,,,,,,,,,,,,30.0,0.1,575121.9811990152,198373.99373300507,376747.9874660101,70000.0,505121.98119901516,0.10471306744129683,,,,,,
fisher_effect,,,,,,,,,,,,,,,,,,,,,,,,,,,,,,,,,,,,,,,,,,,,,,,,,,,,,,,,,,,,,,,,,,,,,,,,,,,,,,,,,,,,,,,,,,,,,,,,,,,,,,,,,,,,,,,,,,,,,,,,,,,,,,,,,,,0.02,0.0,0.020000000000000018,0.02,-1.734723475976807e-17,1.02
fisher_effect,,,,,,,,,,,,,,,,,,,,,,,,,,,,,,,,,,,,,,,,,,,,,,,,,,,,,,,,,,,,,,,,,,,,,,,,,,,,,,,,,,,,,,,,,,,,,,,,,,,,,,,,,,,,,,,,,,,,,,,,,,,,,,,,,,,0.02,0.02,0.0,0.0,0.0,1.0
fisher_effect,,,,,,,,,,,,,,,,,,,,,,,,,,,,,,,,,,,,,,,,,,,,,,,,,,,,,,,,,,,,,,,,,,,,,,,,,,,,,,,,,,,,,,,,,,,,,,,,,,,,,,,,,,,,,,,,,,,,,,,,,,,,,,,,,,,0.02,0.04,-0.019230769230769273,-0.02,-0.000769230769230727,0.9807692307692307
fisher_effect,,,,,,,,,,,,,,,,,,,,,,,,,,,,,,,,,,,,,,,,,,,,,,,,,,,,,,,,,,,,,,,,,,,,,,,,,,,,,,,,,,,,,,,,,,,,,,,,,,,,,,,,,,,,,,,,,,,,,,,,,,,,,,,,,,,0.02,0.06,-0.037735849056603765,-0.039999999999999994,-0.0022641509433962287,0.9622641509433962
fisher_effect,,,,,,,,,,,,,,,,,,,,,,,,,,,,,,,,,,,,,,,,,,,,,,,,,,,,,,,,,,,,,,,,,,,,,,,,,,,,,,,,,,,,,,,,,,,,,,,,,,,,,,,,,,,,,,,,,,,,,,,,,,,,,,,,,,,0.02,0.08,-0.05555555555555558,-0.06,-0.0044444444444444176,0.9444444444444444
fisher_effect,,,,,,,,,,,,,,,,,,,,,,,,,,,,,,,,,,,,,,,,,,,,,,,,,,,,,,,,,,,,,,,,,,,,,,,,,,,,,,,,,,,,,,,,,,,,,,,,,,,,,,,,,,,,,,,,,,,,,,,,,,,,,,,,,,,0.02,0.1,-0.07272727272727275,-0.08,-0.00727272727272725,0.9272727272727272
fisher_effect,,,,,,,,,,,,,,,,,,,,,,,,,,,,,,,,,,,,,,,,,,,,,,,,,,,,,,,,,,,,,,,,,,,,,,,,,,,,,,,,,,,,,,,,,,,,,,,,,,,,,,,,,,,,,,,,,,,,,,,,,,,,,,,,,,,0.04,0.0,0.040000000000000036,0.04,-3.469446951953614e-17,1.04
fisher_effect,,,,,,,,,,,,,,,,,,,,,,,,,,,,,,,,,,,,,,,,,,,,,,,,,,,,,,,,,,,,,,,,,,,,,,,,,,,,,,,,,,,,,,,,,,,,,,,,,,,,,,,,,,,,,,,,,,,,,,,,,,,,,,,,,,,0.04,0.02,0.019607843137254832,0.02,0.0003921568627451681,1.0196078431372548
fisher_effect,,,,,,,,,,,,,,,,,,,,,,,,,,,,,,,,,,,,,,,,,,,,,,,,,,,,,,,,,,,,,,,,,,,,,,,,,,,,,,,,,,,,,,,,,,,,,,,,,,,,,,,,,,,,,,,,,,,,,,,,,,,,,,,,,,,0.04,0.04,0.0,0.0,0.0,1.0
fisher_effect,,,,,,,,,,,,,,,,,,,,,,,,,,,,,,,,,,,,,,,,,,,,,,,,,,,,,,,,,,,,,,,,,,,,,,,,,,,,,,,,,,,,,,,,,,,,,,,,,,,,,,,,,,,,,,,,,,,,,,,,,,,,,,,,,,,0.04,0.06,-0.018867924528301883,-0.019999999999999997,-0.0011320754716981143,0.9811320754716981
fisher_effect,,,,,,,,,,,,,,,,,,,,,,,,,,,,,,,,,,,,,,,,,,,,,,,,,,,,,,,,,,,,,,,,,,,,,,,,,,,,,,,,,,,,,,,,,,,,,,,,,,,,,,,,,,,,,,,,,,,,,,,,,,,,,,,,,,,0.04,0.08,-0.03703703703703709,-0.04,-0.0029629629629629103,0.9629629629629629
fisher_effect,,,,,,,,,,,,,,,,,,,,,,,,,,,,,,,,,,,,,,,,,,,,,,,,,,,,,,,,,,,,,,,,,,,,,,,,,,,,,,,,,,,,,,,,,,,,,,,,,,,,,,,,,,,,,,,,,,,,,,,,,,,,,,,,,,,0.04,0.1,-0.054545454545454564,-0.060000000000000005,-0.005454545454545441,0.9454545454545454
fisher_effect,,,,,,,,,,,,,,,,,,,,,,,,,,,,,,,,,,,,,,,,,,,,,,,,,,,,,,,,,,,,,,,,,,,,,,,,,,,,,,,,,,,,,,,,,,,,,,,,,,,,,,,,,,,,,,,,,,,,,,,,,,,,,,,,,,,0.06,0.0,0.06000000000000005,0.06,-5.551115123125783e-17,1.06
fisher_effect,,,,,,,,,,,,,,,,,,,,,,,,,,,,,,,,,,,,,,,,,,,,,,,,,,,,,,,,,,,,,,,,,,,,,,,,,,,,,,,,,,,,,,,,,,,,,,,,,,,,,,,,,,,,,,,,,,,,,,,,,,,,,,,,,,,0.06,0.02,0.03921568627450989,0.039999999999999994,0.0007843137254901072,1.0392156862745099
fisher_effect,,,,,,,,,,,,,,,,,,,,,,,,,,,,,,,,,,,,,,,,,,,,,,,,,,,,,,,,,,,,,,,,,,,,,,,,,,,,,,,,,,,,,,,,,,,,,,,,,,,,,,,,,,,,,,,,,,,,,,,,,,,,,,,,,,,0.06,0.04,0.019230769230769162,0.019999999999999997,0.0007692307692308345,1.0192307692307692
fisher_effect,,,,,,,,,,,,,,,,,,,,,,,,,,,,,,,,,,,,,,,,,,,,,,,,,,,,,,,,,,,,,,,,,,,,,,,,,,,,,,,,,,,,,,,,,,,,,,,,,,,,,,,,,,,,,,,,,,,,,,,,,,,,,,,,,,,0.06,0.06,0.0,0.0,0.0,1.0
fisher_effect,,,,,,,,,,,,,,,,,,,,,,,,,,,,,,,,,,,,,,,,,,,,,,,,,,,,,,,,,,,,,,,,,,,,,,,,,,,,,,,,,,,,,,,,,,,,,,,,,,,,,,,,,,,,,,,,,,,,,,,,,,,,,,,,,,,0.06,0.08,-0.01851851851851849,-0.020000000000000004,-0.0014814814814815142,0.9814814814814815
fisher_effect,,,,,,,,,,,,,,,,,,,,,,,,,,,,,,,,,,,,,,,,,,,,,,,,,,,,,,,,,,,,,,,,,,,,,,,,,,,,,,,,,,,,,,,,,,,,,,,,,,,,,,,,,,,,,,,,,,,,,,,,,,,,,,,,,,,0.06,0.1,-0.036363636363636376,-0.04000000000000001,-0.003636363636363632,0.9636363636363636
fisher_effect,,,,,,,,,,,,,,,,,,,,,,,,,,,,,,,,,,,,,,,,,,,,,,,,,,,,,,,,,,,,,,,,,,,,,,,,,,,,,,,,,,,,,,,,,,,,,,,,,,,,,,,,,,,,,,,,,,,,,,,,,,,,,,,,,,,0.08,0.0,0.08000000000000007,0.08,-6.938893903907228e-17,1.08
fisher_effect,,,,,,,,,,,,,,,,,,,,,,,,,,,,,,,,,,,,,,,,,,,,,,,,,,,,,,,,,,,,,,,,,,,,,,,,,,,,,,,,,,,,,,,,,,,,,,,,,,,,,,,,,,,,,,,,,,,,,,,,,,,,,,,,,,,0.08,0.02,0.05882352941176472,0.06,0.0011764705882352788,1.0588235294117647
fisher_effect,,,,,,,,,,,,,,,,,,,,,,,,,,,,,,,,,,,,,,,,,,,,,,,,,,,,,,,,,,,,,,,,,,,,,,,,,,,,,,,,,,,,,,,,,,,,,,,,,,,,,,,,,,,,,,,,,,,,,,,,,,,,,,,,,,,0.08,0.04,0.03846153846153855,0.04,0.001538461538461454,1.0384615384615385
fisher_effect,,,,,,,,,,,,,,,,,,,,,,,,,,,,,,,,,,,,,,,,,,,,,,,,,,,,,,,,,,,,,,,,,,,,,,,,,,,,,,,,,,,,,,,,,,,,,,,,,,,,,,,,,,,,,,,,,,,,,,,,,,,,,,,,,,,0.08,0.06,0.018867924528301883,0.020000000000000004,0.0011320754716981213,1.0188679245283019
fisher_effect,,,,,,,,,,,,,,,,,,,,,,,,,,,,,,,,,,,,,,,,,,,,,,,,,,,,,,,,,,,,,,,,,,,,,,,,,,,,,,,,,,,,,,,,,,,,,,,,,,,,,,,,,,,,,,,,,,,,,,,,,,,,,,,,,,,0.08,0.08,0.0,0.0,0.0,1.0
fisher_effect,,,,,,,,,,,,,,,,,,,,,,,,,,,,,,,,,,,,,,,,,,,,,,,,,,,,,,,,,,,,,,,,,,,,,,,,,,,,,,,,,,,,,,,,,,,,,,,,,,,,,,,,,,,,,,,,,,,,,,,,,,,,,,,,,,,0.08,0.1,-0.018181818181818188,-0.020000000000000004,-0.001818181818181816,0.9818181818181818
fisher_effect,,,,,,,,,,,,,,,,,,,,,,,,,,,,,,,,,,,,,,,,,,,,,,,,,,,,,,,,,,,,,,,,,,,,,,,,,,,,,,,,,,,,,,,,,,,,,,,,,,,,,,,,,,,,,,,,,,,,,,,,,,,,,,,,,,,0.1,0.0,0.10000000000000009,0.1,-8.326672684688674e-17,1.1
fisher_effect,,,,,,,,,,,,,,,,,,,,,,,,,,,,,,,,,,,,,,,,,,,,,,,,,,,,,,,,,,,,,,,,,,,,,,,,,,,,,,,,,,,,,,,,,,,,,,,,,,,,,,,,,,,,,,,,,,,,,,,,,,,,,,,,,,,0.1,0.02,0.07843137254901977,0.08,0.0015686274509802284,1.0784313725490198
fisher_effect,,,,,,,,,,,,,,,,,,,,,,,,,,,,,,,,,,,,,,,,,,,,,,,,,,,,,,,,,,,,,,,,,,,,,,,,,,,,,,,,,,,,,,,,,,,,,,,,,,,,,,,,,,,,,,,,,,,,,,,,,,,,,,,,,,,0.1,0.04,0.05769230769230771,0.060000000000000005,0.0023076923076922953,1.0576923076923077
fisher_effect,,,,,,,,,,,,,,,,,,,,,,,,,,,,,,,,,,,,,,,,,,,,,,,,,,,,,,,,,,,,,,,,,,,,,,,,,,,,,,,,,,,,,,,,,,,,,,,,,,,,,,,,,,,,,,,,,,,,,,,,,,,,,,,,,,,0.1,0.06,0.037735849056603765,0.04000000000000001,0.0022641509433962426,1.0377358490566038
fisher_effect,,,,,,,,,,,,,,,,,,,,,,,,,,,,,,,,,,,,,,,,,,,,,,,,,,,,,,,,,,,,,,,,,,,,,,,,,,,,,,,,,,,,,,,,,,,,,,,,,,,,,,,,,,,,,,,,,,,,,,,,,,,,,,,,,,,0.1,0.08,0.0185185185185186,0.020000000000000004,0.0014814814814814031,1.0185185185185186
fisher_effect,,,,,,,,,,,,,,,,,,,,,,,,,,,,,,,,,,,,,,,,,,,,,,,,,,,,,,,,,,,,,,,,,,,,,,,,,,,,,,,,,,,,,,,,,,,,,,,,,,,,,,,,,,,,,,,,,,,,,,,,,,,,,,,,,,,0.1,0.1,0.0,0.0,0.0,1.0
fisher_effect,,,,,,,,,,,,,,,,,,,,,,,,,,,,,,,,,,,,,,,,,,,,,,,,,,,,,,,,,,,,,,,,,,,,,,,,,,,,,,,,,,,,,,,,,,,,,,,,,,,,,,,,,,,,,,,,,,,,,,,,,,,,,,,,,,,0.12,0.0,0.1200000000000001,0.12,-1.1102230246251565e-16,1.12
fisher_effect,,,,,,,,,,,,,,,,,,,,,,,,,,,,,,,,,,,,,,,,,,,,,,,,,,,,,,,,,,,,,,,,,,,,,,,,,,,,,,,,,,,,,,,,,,,,,,,,,,,,,,,,,,,,,,,,,,,,,,,,,,,,,,,,,,,0.12,0.02,0.0980392156862746,0.09999999999999999,0.001960784313725386,1.0980392156862746
fisher_effect,,,,,,,,,,,,,,,,,,,,,,,,,,,,,,,,,,,,,,,,,,,,,,,,,,,,,,,,,,,,,,,,,,,,,,,,,,,,,,,,,,,,,,,,,,,,,,,,,,,,,,,,,,,,,,,,,,,,,,,,,,,,,,,,,,,0.12,0.04,0.0769230769230771,0.07999999999999999,0.003076923076922894,1.076923076923077
fisher_effect,,,,,,,,,,,,,,,,,,,,,,,,,,,,,,,,,,,,,,,,,,,,,,,,,,,,,,,,,,,,,,,,,,,,,,,,,,,,,,,,,,,,,,,,,,,,,,,,,,,,,,,,,,,,,,,,,,,,,,,,,,,,,,,,,,,0.12,0.06,0.05660377358490565,0.06,0.00339622641509435,1.0566037735849056
fisher_effect,,,,,,,,,,,,,,,,,,,,,,,,,,,,,,,,,,,,,,,,,,,,,,,,,,,,,,,,,,,,,,,,,,,,,,,,,,,,,,,,,,,,,,,,,,,,,,,,,,,,,,,,,,,,,,,,,,,,,,,,,,,,,,,,,,,0.12,0.08,0.03703703703703698,0.039999999999999994,0.0029629629629630144,1.037037037037037
fisher_effect,,,,,,,,,,,,,,,,,,,,,,,,,,,,,,,,,,,,,,,,,,,,,,,,,,,,,,,,,,,,,,,,,,,,,,,,,,,,,,,,,,,,,,,,,,,,,,,,,,,,,,,,,,,,,,,,,,,,,,,,,,,,,,,,,,,0.12,0.1,0.0181818181818183,0.01999999999999999,0.0018181818181816911,1.0181818181818183
